Using pre-set license
Built from '2022.3/staging' branch; Version is '2022.3.27f1 (73effa14754f) revision 7598074'; Using compiler version '192829333'; Build Type 'Release'
OS: 'Windows 10  (10.0.19045) 64bit Professional' Language: 'en' Physical Memory: 32509 MB
BatchMode: 1, IsHumanControllingUs: 0, StartBugReporterOnCrash: 0, Is64bit: 1, IsPro: 1

COMMAND LINE ARGUMENTS:
E:\UnityHub\Editor\2022.3.27f1\Editor\Unity.exe
-adb2
-batchMode
-noUpm
-name
AssetImportWorker5
-projectPath
E:/ProjectGitHub/Match_3_Unity
-logFile
Logs/AssetImportWorker5.log
-srvPort
60025
Successfully changed project path to: E:/ProjectGitHub/Match_3_Unity
E:/ProjectGitHub/Match_3_Unity
[UnityMemory] Configuration Parameters - Can be set up in boot.config
    "memorysetup-bucket-allocator-granularity=16"
    "memorysetup-bucket-allocator-bucket-count=8"
    "memorysetup-bucket-allocator-block-size=33554432"
    "memorysetup-bucket-allocator-block-count=8"
    "memorysetup-main-allocator-block-size=16777216"
    "memorysetup-thread-allocator-block-size=16777216"
    "memorysetup-gfx-main-allocator-block-size=16777216"
    "memorysetup-gfx-thread-allocator-block-size=16777216"
    "memorysetup-cache-allocator-block-size=4194304"
    "memorysetup-typetree-allocator-block-size=2097152"
    "memorysetup-profiler-bucket-allocator-granularity=16"
    "memorysetup-profiler-bucket-allocator-bucket-count=8"
    "memorysetup-profiler-bucket-allocator-block-size=33554432"
    "memorysetup-profiler-bucket-allocator-block-count=8"
    "memorysetup-profiler-allocator-block-size=16777216"
    "memorysetup-profiler-editor-allocator-block-size=1048576"
    "memorysetup-temp-allocator-size-main=16777216"
    "memorysetup-job-temp-allocator-block-size=2097152"
    "memorysetup-job-temp-allocator-block-size-background=1048576"
    "memorysetup-job-temp-allocator-reduction-small-platforms=262144"
    "memorysetup-allocator-temp-initial-block-size-main=262144"
    "memorysetup-allocator-temp-initial-block-size-worker=262144"
    "memorysetup-temp-allocator-size-background-worker=32768"
    "memorysetup-temp-allocator-size-job-worker=262144"
    "memorysetup-temp-allocator-size-preload-manager=33554432"
    "memorysetup-temp-allocator-size-nav-mesh-worker=65536"
    "memorysetup-temp-allocator-size-audio-worker=65536"
    "memorysetup-temp-allocator-size-cloud-worker=32768"
    "memorysetup-temp-allocator-size-gi-baking-worker=262144"
    "memorysetup-temp-allocator-size-gfx=262144"
Player connection [25172] Host "[IP] 192.168.1.81 [Port] 0 [Flags] 2 [Guid] 2558632859 [EditorId] 2558632859 [Version] 1048832 [Id] WindowsEditor(7,DESKTOP-9K2MQCM) [Debug] 1 [PackageName] WindowsEditor [ProjectName] Editor" joined multi-casting on [225.0.0.222:54997]...

Player connection [25172] Host "[IP] 192.168.1.81 [Port] 0 [Flags] 2 [Guid] 2558632859 [EditorId] 2558632859 [Version] 1048832 [Id] WindowsEditor(7,DESKTOP-9K2MQCM) [Debug] 1 [PackageName] WindowsEditor [ProjectName] Editor" joined alternative multi-casting on [225.0.0.222:34997]...

[Physics::Module] Initialized MultithreadedJobDispatcher with 11 workers.
Refreshing native plugins compatible for Editor in 3.53 ms, found 1 plugins.
Preloading 0 native plugins for Editor in 0.00 ms.
Initialize engine version: 2022.3.27f1 (73effa14754f)
[Subsystems] Discovering subsystems at path E:/UnityHub/Editor/2022.3.27f1/Editor/Data/Resources/UnitySubsystems
[Subsystems] Discovering subsystems at path E:/ProjectGitHub/Match_3_Unity/Assets
GfxDevice: creating device client; threaded=0; jobified=0
Direct3D:
    Version:  Direct3D 11.0 [level 11.1]
    Renderer: NVIDIA GeForce GTX 1650 (ID=0x1f0a)
    Vendor:   NVIDIA
    VRAM:     3935 MB
    Driver:   32.0.15.9579
Initialize mono
Mono path[0] = 'E:/UnityHub/Editor/2022.3.27f1/Editor/Data/Managed'
Mono path[1] = 'E:/UnityHub/Editor/2022.3.27f1/Editor/Data/MonoBleedingEdge/lib/mono/unityjit-win32'
Mono config path = 'E:/UnityHub/Editor/2022.3.27f1/Editor/Data/MonoBleedingEdge/etc'
Using monoOptions --debugger-agent=transport=dt_socket,embedding=1,server=y,suspend=n,address=127.0.0.1:56304
Begin MonoManager ReloadAssembly
Registering precompiled unity dll's ...
Register platform support module: E:/UnityHub/Editor/2022.3.27f1/Editor/Data/PlaybackEngines/AndroidPlayer/UnityEditor.Android.Extensions.dll
Register platform support module: E:/UnityHub/Editor/2022.3.27f1/Editor/Data/PlaybackEngines/WindowsStandaloneSupport/UnityEditor.WindowsStandalone.Extensions.dll
Registered in 0.002886 seconds.
- Loaded All Assemblies, in  0.255 seconds
Native extension for WindowsStandalone target not found
Native extension for Android target not found
Android Extension - Scanning For ADB Devices 189 ms
Mono: successfully reloaded assembly
- Finished resetting the current domain, in  0.439 seconds
Domain Reload Profiling: 695ms
	BeginReloadAssembly (75ms)
		ExecutionOrderSort (0ms)
		DisableScriptedObjects (0ms)
		BackupInstance (0ms)
		ReleaseScriptingObjects (0ms)
		CreateAndSetChildDomain (1ms)
	RebuildCommonClasses (24ms)
	RebuildNativeTypeToScriptingClass (8ms)
	initialDomainReloadingComplete (38ms)
	LoadAllAssembliesAndSetupDomain (110ms)
		LoadAssemblies (75ms)
		RebuildTransferFunctionScriptingTraits (0ms)
		AnalyzeDomain (108ms)
			TypeCache.Refresh (107ms)
				TypeCache.ScanAssembly (96ms)
			ScanForSourceGeneratedMonoScriptInfo (0ms)
			ResolveRequiredComponents (0ms)
	FinalizeReload (439ms)
		ReleaseScriptCaches (0ms)
		RebuildScriptCaches (0ms)
		SetupLoadedEditorAssemblies (397ms)
			LogAssemblyErrors (0ms)
			InitializePlatformSupportModulesInManaged (270ms)
			SetLoadedEditorAssemblies (3ms)
			RefreshPlugins (0ms)
			BeforeProcessingInitializeOnLoad (2ms)
			ProcessInitializeOnLoadAttributes (88ms)
			ProcessInitializeOnLoadMethodAttributes (34ms)
			AfterProcessingInitializeOnLoad (0ms)
			EditorAssembliesLoaded (0ms)
		ExecutionOrderSort2 (0ms)
		AwakeInstancesAfterBackupRestoration (0ms)
========================================================================
Worker process is ready to serve import requests
Begin MonoManager ReloadAssembly
- Loaded All Assemblies, in  0.331 seconds
Refreshing native plugins compatible for Editor in 1.19 ms, found 1 plugins.
Native extension for WindowsStandalone target not found
Native extension for Android target not found
Mono: successfully reloaded assembly
- Finished resetting the current domain, in  0.306 seconds
Domain Reload Profiling: 637ms
	BeginReloadAssembly (101ms)
		ExecutionOrderSort (0ms)
		DisableScriptedObjects (4ms)
		BackupInstance (0ms)
		ReleaseScriptingObjects (0ms)
		CreateAndSetChildDomain (16ms)
	RebuildCommonClasses (23ms)
	RebuildNativeTypeToScriptingClass (8ms)
	initialDomainReloadingComplete (28ms)
	LoadAllAssembliesAndSetupDomain (171ms)
		LoadAssemblies (164ms)
		RebuildTransferFunctionScriptingTraits (0ms)
		AnalyzeDomain (65ms)
			TypeCache.Refresh (53ms)
				TypeCache.ScanAssembly (44ms)
			ScanForSourceGeneratedMonoScriptInfo (8ms)
			ResolveRequiredComponents (4ms)
	FinalizeReload (306ms)
		ReleaseScriptCaches (0ms)
		RebuildScriptCaches (0ms)
		SetupLoadedEditorAssemblies (202ms)
			LogAssemblyErrors (0ms)
			InitializePlatformSupportModulesInManaged (18ms)
			SetLoadedEditorAssemblies (2ms)
			RefreshPlugins (0ms)
			BeforeProcessingInitializeOnLoad (35ms)
			ProcessInitializeOnLoadAttributes (130ms)
			ProcessInitializeOnLoadMethodAttributes (15ms)
			AfterProcessingInitializeOnLoad (2ms)
			EditorAssembliesLoaded (0ms)
		ExecutionOrderSort2 (0ms)
		AwakeInstancesAfterBackupRestoration (4ms)
Launched and connected shader compiler UnityShaderCompiler.exe after 0.03 seconds
Refreshing native plugins compatible for Editor in 0.98 ms, found 1 plugins.
Preloading 0 native plugins for Editor in 0.00 ms.
Unloading 2314 Unused Serialized files (Serialized files now loaded: 0)
Unloading 28 unused Assets / (52.8 KB). Loaded Objects now: 2793.
Memory consumption went from 106.0 MB to 106.0 MB.
Total: 1.902800 ms (FindLiveObjects: 0.136700 ms CreateObjectMapping: 0.055300 ms MarkObjects: 1.639500 ms  DeleteObjects: 0.070400 ms)

AssetImportParameters requested are different than current active one (requested -> active):
  custom:scripting/monoscript/fileName/GoSmoothedVector3.cs: 3a6ceb396859da913cbecdd1940e0aa2 -> 
  custom:scripting/monoscript/fileName/EulerAnglesTweenProperty.cs: 7a2321a8c63f28c3857aa33414a11270 -> 
  custom:video-decoder-webm-vp8: 9c59270c3fd7afecdb556c50c9e8de78 -> 
  custom:scripting/monoscript/fileName/IGenericProperty.cs: f404e27010d8ce1a25f7cc2ac06431ac -> 
  custom:scripting/monoscript/fileName/GoEaseSinusoidal.cs: e637d6b7456e2acd06dfd152f10b71d1 -> 
  custom:scripting/monoscript/fileName/GoSplineCatmullRomSolver.cs: 8bbd4e9dc2722b25540d14d500b88879 -> 
  custom:scripting/monoscript/fileName/IntTweenProperty.cs: 1f39418055dd7708ff3b9e75a86d93a1 -> 
  custom:scripting/monoscript/fileName/Vector3YTweenProperty.cs: 2b996e9222bddad772657bb084e9da48 -> 
  custom:scripting/monoscript/fileName/GoEaseQuintic.cs: 672086238d051af0856016e64ad97204 -> 
  custom:scripting/monoscript/fileName/GoEaseCubic.cs: 7d74fd43480e52f793e3086826193b77 -> 
  custom:SearchIndexIgnoredProperties: e643bd26f0fe6173181afceb89e7c659 -> 
  custom:scripting/monoscript/fileName/GoSmoothedQuaternion.cs: 92de95a3ce149743e526859a8d0255c5 -> 
  custom:container-demuxer-ogg: 62fdf1f143b41e24485cea50d1cbac27 -> 
  custom:AudioImporter_EditorPlatform: d09bf68614088b80899f8185d706f6e7 -> 
  custom:scripting/monoscript/fileName/ShakeTweenProperty.cs: fdb713005206085d3b49cdd6b2d15f80 -> 
  custom:scripting/monoscript/fileName/Vector2TweenProperty.cs: d7a25a544d56d947d9526019347f1f6e -> 
  custom:scripting/monoscript/fileName/GoKitTweenExtensions.cs: 28ee7421c4d34eb9c057646838e28859 -> 
  custom:scripting/monoscript/fileName/Vector3XTweenProperty.cs: 9592582ea2f541a8cf92ba7dd7dd85f2 -> 
  custom:scripting/monoscript/fileName/Go.cs: 840adb47e0f4be71eeea7168442feb7d -> 
  custom:scripting/monoscript/fileName/ColorTweenProperty.cs: 94ba4bee52d153d3fd58a82d4cf8ce0c -> 
  custom:scripting/monoscript/fileName/GoEaseLinear.cs: b690756fd76817f101a31dcd50ae4adc -> 
  custom:scripting/monoscript/fileName/GoEaseExponential.cs: 8f890ce1f0130e8014d1a219fa0d7904 -> 
  custom:scripting/monoscript/fileName/ScaleTweenProperty.cs: 068e501b322923caa36166fe86d472e5 -> 
  custom:video-decoder-ogg-theora: a1e56fd34408186e4bbccfd4996cb3dc -> 
  custom:scripting/monoscript/fileName/GoSpline.cs: 8039f73cfdc174dc6ffa15343c307f29 -> 
  custom:scripting/monoscript/fileName/GoTweenFlow.cs: ce7a11a1fb9e8397b83cab3847ba7970 -> 
  custom:scripting/monoscript/fileName/GoEaseQuartic.cs: d34853ce84f33fe9033901002d4ff793 -> 
  custom:framework-win-MediaFoundation: 216162199b28c13a410421893ffa2e32 -> 
  custom:scripting/monoscript/fileName/GoEaseBounce.cs: e71b365170d63025c159c4756b1910b2 -> 
  custom:scripting/monoscript/fileName/GoSplineQuadraticBezierSolver.cs: 44dee8c5fd496e5eb749f54d83d1397e -> 
  custom:scripting/monoscript/fileName/GoEaseQuadratic.cs: e3ed230c2d29b99c6f642587e4ad0e5d -> 
  custom:scripting/monoscript/fileName/MaterialColorTweenProperty.cs: f6d4ed9537ac95d7564838fa4e660e7d -> 
  custom:scripting/monoscript/fileName/GoEaseCircular.cs: 84a2009340e8431314db7056edf1bd68 -> 
  custom:scripting/monoscript/fileName/PositionPathTweenProperty.cs: efde40660de14fd7cd1ede2fa47e9837 -> 
  custom:video-encoder-webm-vp8: eb34c28f22e8b96e1ab97ce403110664 -> 
  custom:scripting/monoscript/fileName/FloatTweenProperty.cs: 48aea3a8bbe79ca6e0baa81dc186bdfd -> 
  custom:scripting/monoscript/fileName/GoTweenChain.cs: f9995827e6ddafabc43c1b0e0dcfd886 -> 
  custom:scripting/monoscript/fileName/GoTweenCollectionConfig.cs: 37c99bdc8dc674650bd69bc44bb2e57b -> 
  custom:audio-decoder-ogg-vorbis: bf7c407c2cedff20999df2af8eb42d56 -> 
  custom:scripting/monoscript/fileName/AbstractQuaternionTweenProperty.cs: 65ceda31db804ab1e0e34f0e48afa285 -> 
  custom:scripting/monoscript/fileName/AbstractColorTweenProperty.cs: bba0da230ed56fc0a25af92f6a3e377e -> 
  custom:scripting/monoscript/fileName/AbstractVector3TweenProperty.cs: 6aa4defef7531529f4ddc1516936e2e3 -> 
  custom:CustomObjectIndexerAttribute: 9a22284fe3817be447336de3de66b15e -> 
  custom:scripting/monoscript/fileName/Vector4TweenProperty.cs: 18bb73739ede80588b5bfadcee873907 -> 
  custom:scripting/monoscript/fileName/GoEaseBack.cs: 3f6e00793ada35f633abc2146480990e -> 
  custom:container-demuxer-webm: 4f35f7cbe854078d1ac9338744f61a02 -> 
  custom:scripting/monoscript/fileName/GoTweenConfig.cs: 5b3154c82824c20addf84e8652f51cfe -> 
  custom:scripting/monoscript/fileName/RotationQuaternionTweenProperty.cs: e0d94af0c913b0be4cd670833a2cda91 -> 
  custom:scripting/monoscript/fileName/GoTweenUtils.cs: 867d37edf69335bc6e54784197f28064 -> 
  custom:scripting/monoscript/fileName/GoSplineCubicBezierSolver.cs: 6d81419c64f7c334f4359254f1cbade0 -> 
  custom:audio-encoder-webm-vorbis: bf7c407c2cedff20999df2af8eb42d56 -> 
  custom:scripting/monoscript/fileName/ScalePathTweenProperty.cs: 816c1a788eca415c60d1b7e87fb103fe -> 
  custom:scripting/monoscript/fileName/GoEaseElastic.cs: f0cafb366ac4251d5c35fe413d3f62f6 -> 
  custom:scripting/monoscript/fileName/GoDummyPath.cs: a21201ab2fac2187e4faeaf08bb4ec90 -> 
  custom:scripting/monoscript/fileName/PositionTweenProperty.cs: e367a96b2cbc0b819bff5d0620f4b258 -> 
  custom:scripting/monoscript/fileName/Vector3TweenProperty.cs: 8e9f9d7bb7b15068d97f4d593f097c86 -> 
  custom:scripting/monoscript/fileName/AbstractGoTween.cs: 3bdc69e313ad58745cd33c4b74e6a709 -> 
  custom:scripting/monoscript/fileName/GoSplineStraightLineSolver.cs: b6a3907f2ead3ba9ac17ad3fdd121ec9 -> 
  custom:scripting/monoscript/fileName/AbstractGoTweenCollection.cs: 61d9f5f358696a7942516ed78ffe7e98 -> 
  custom:scripting/monoscript/fileName/Vector3PathTweenProperty.cs: 94848aa2e96060cfeaf83844ee158f0c -> 
  custom:scripting/monoscript/fileName/Vector3ZTweenProperty.cs: 35595634a87246c4e13691b1563178c5 -> 
  custom:scripting/monoscript/fileName/AbstractTweenProperty.cs: c71b2ece20cb4e1e30772e574c806625 -> 
  custom:container-muxer-webm: aa71ff27fc2769a1b78a27578f13a17b -> 
  custom:scripting/monoscript/fileName/AbstractGoSplineSolver.cs: 788a6b8052af6ee0371d3a464e692d1b -> 
  custom:scripting/monoscript/fileName/GoTween.cs: 4df5a8b9fefcbd8a2b5d6fe6223ee62f -> 
  custom:scripting/monoscript/fileName/RotationTweenProperty.cs: 13e7fbd741208cd89873755249a873a9 -> 
========================================================================
Received Prepare
Begin MonoManager ReloadAssembly
- Loaded All Assemblies, in  0.279 seconds
Refreshing native plugins compatible for Editor in 1.05 ms, found 1 plugins.
Native extension for WindowsStandalone target not found
Native extension for Android target not found
Mono: successfully reloaded assembly
- Finished resetting the current domain, in  0.352 seconds
Domain Reload Profiling: 630ms
	BeginReloadAssembly (112ms)
		ExecutionOrderSort (0ms)
		DisableScriptedObjects (4ms)
		BackupInstance (0ms)
		ReleaseScriptingObjects (0ms)
		CreateAndSetChildDomain (17ms)
	RebuildCommonClasses (29ms)
	RebuildNativeTypeToScriptingClass (8ms)
	initialDomainReloadingComplete (18ms)
	LoadAllAssembliesAndSetupDomain (111ms)
		LoadAssemblies (172ms)
		RebuildTransferFunctionScriptingTraits (0ms)
		AnalyzeDomain (8ms)
			TypeCache.Refresh (4ms)
				TypeCache.ScanAssembly (0ms)
			ScanForSourceGeneratedMonoScriptInfo (0ms)
			ResolveRequiredComponents (4ms)
	FinalizeReload (352ms)
		ReleaseScriptCaches (0ms)
		RebuildScriptCaches (0ms)
		SetupLoadedEditorAssemblies (180ms)
			LogAssemblyErrors (0ms)
			InitializePlatformSupportModulesInManaged (16ms)
			SetLoadedEditorAssemblies (2ms)
			RefreshPlugins (0ms)
			BeforeProcessingInitializeOnLoad (33ms)
			ProcessInitializeOnLoadAttributes (111ms)
			ProcessInitializeOnLoadMethodAttributes (16ms)
			AfterProcessingInitializeOnLoad (2ms)
			EditorAssembliesLoaded (0ms)
		ExecutionOrderSort2 (0ms)
		AwakeInstancesAfterBackupRestoration (5ms)
Refreshing native plugins compatible for Editor in 1.47 ms, found 1 plugins.
Preloading 0 native plugins for Editor in 0.00 ms.
Unloading 2307 Unused Serialized files (Serialized files now loaded: 0)
Unloading 21 unused Assets / (27.0 KB). Loaded Objects now: 2796.
Memory consumption went from 104.4 MB to 104.3 MB.
Total: 2.047700 ms (FindLiveObjects: 0.145800 ms CreateObjectMapping: 0.056300 ms MarkObjects: 1.799600 ms  DeleteObjects: 0.044900 ms)

Prepare: number of updated asset objects reloaded= 0
AssetImportParameters requested are different than current active one (requested -> active):
  custom:scripting/monoscript/fileName/GoSmoothedVector3.cs: 3a6ceb396859da913cbecdd1940e0aa2 -> 
  custom:scripting/monoscript/fileName/EulerAnglesTweenProperty.cs: 7a2321a8c63f28c3857aa33414a11270 -> 
  custom:video-decoder-webm-vp8: 9c59270c3fd7afecdb556c50c9e8de78 -> 
  custom:scripting/monoscript/fileName/IGenericProperty.cs: f404e27010d8ce1a25f7cc2ac06431ac -> 
  custom:scripting/monoscript/fileName/GoEaseSinusoidal.cs: e637d6b7456e2acd06dfd152f10b71d1 -> 
  custom:scripting/monoscript/fileName/GoSplineCatmullRomSolver.cs: 8bbd4e9dc2722b25540d14d500b88879 -> 
  custom:scripting/monoscript/fileName/IntTweenProperty.cs: 1f39418055dd7708ff3b9e75a86d93a1 -> 
  custom:scripting/monoscript/fileName/Vector3YTweenProperty.cs: 2b996e9222bddad772657bb084e9da48 -> 
  custom:scripting/monoscript/fileName/GoEaseQuintic.cs: 672086238d051af0856016e64ad97204 -> 
  custom:scripting/monoscript/fileName/GoEaseCubic.cs: 7d74fd43480e52f793e3086826193b77 -> 
  custom:SearchIndexIgnoredProperties: e643bd26f0fe6173181afceb89e7c659 -> 
  custom:scripting/monoscript/fileName/GoSmoothedQuaternion.cs: 92de95a3ce149743e526859a8d0255c5 -> 
  custom:container-demuxer-ogg: 62fdf1f143b41e24485cea50d1cbac27 -> 
  custom:AudioImporter_EditorPlatform: d09bf68614088b80899f8185d706f6e7 -> 
  custom:scripting/monoscript/fileName/ShakeTweenProperty.cs: fdb713005206085d3b49cdd6b2d15f80 -> 
  custom:scripting/monoscript/fileName/Vector2TweenProperty.cs: d7a25a544d56d947d9526019347f1f6e -> 
  custom:scripting/monoscript/fileName/GoKitTweenExtensions.cs: 28ee7421c4d34eb9c057646838e28859 -> 
  custom:scripting/monoscript/fileName/Vector3XTweenProperty.cs: 9592582ea2f541a8cf92ba7dd7dd85f2 -> 
  custom:scripting/monoscript/fileName/Go.cs: 840adb47e0f4be71eeea7168442feb7d -> 
  custom:scripting/monoscript/fileName/ColorTweenProperty.cs: 94ba4bee52d153d3fd58a82d4cf8ce0c -> 
  custom:scripting/monoscript/fileName/GoEaseLinear.cs: b690756fd76817f101a31dcd50ae4adc -> 
  custom:scripting/monoscript/fileName/GoEaseExponential.cs: 8f890ce1f0130e8014d1a219fa0d7904 -> 
  custom:scripting/monoscript/fileName/ScaleTweenProperty.cs: 068e501b322923caa36166fe86d472e5 -> 
  custom:video-decoder-ogg-theora: a1e56fd34408186e4bbccfd4996cb3dc -> 
  custom:scripting/monoscript/fileName/GoSpline.cs: 8039f73cfdc174dc6ffa15343c307f29 -> 
  custom:scripting/monoscript/fileName/GoTweenFlow.cs: ce7a11a1fb9e8397b83cab3847ba7970 -> 
  custom:scripting/monoscript/fileName/GoEaseQuartic.cs: d34853ce84f33fe9033901002d4ff793 -> 
  custom:framework-win-MediaFoundation: 216162199b28c13a410421893ffa2e32 -> 
  custom:scripting/monoscript/fileName/GoEaseBounce.cs: e71b365170d63025c159c4756b1910b2 -> 
  custom:scripting/monoscript/fileName/GoSplineQuadraticBezierSolver.cs: 44dee8c5fd496e5eb749f54d83d1397e -> 
  custom:scripting/monoscript/fileName/GoEaseQuadratic.cs: e3ed230c2d29b99c6f642587e4ad0e5d -> 
  custom:scripting/monoscript/fileName/MaterialColorTweenProperty.cs: f6d4ed9537ac95d7564838fa4e660e7d -> 
  custom:scripting/monoscript/fileName/GoEaseCircular.cs: 84a2009340e8431314db7056edf1bd68 -> 
  custom:scripting/monoscript/fileName/PositionPathTweenProperty.cs: efde40660de14fd7cd1ede2fa47e9837 -> 
  custom:video-encoder-webm-vp8: eb34c28f22e8b96e1ab97ce403110664 -> 
  custom:scripting/monoscript/fileName/FloatTweenProperty.cs: 48aea3a8bbe79ca6e0baa81dc186bdfd -> 
  custom:scripting/monoscript/fileName/GoTweenChain.cs: f9995827e6ddafabc43c1b0e0dcfd886 -> 
  custom:scripting/monoscript/fileName/GoTweenCollectionConfig.cs: 37c99bdc8dc674650bd69bc44bb2e57b -> 
  custom:audio-decoder-ogg-vorbis: bf7c407c2cedff20999df2af8eb42d56 -> 
  custom:scripting/monoscript/fileName/AbstractQuaternionTweenProperty.cs: 65ceda31db804ab1e0e34f0e48afa285 -> 
  custom:scripting/monoscript/fileName/AbstractColorTweenProperty.cs: bba0da230ed56fc0a25af92f6a3e377e -> 
  custom:scripting/monoscript/fileName/AbstractVector3TweenProperty.cs: 6aa4defef7531529f4ddc1516936e2e3 -> 
  custom:CustomObjectIndexerAttribute: 9a22284fe3817be447336de3de66b15e -> 
  custom:scripting/monoscript/fileName/Vector4TweenProperty.cs: 18bb73739ede80588b5bfadcee873907 -> 
  custom:scripting/monoscript/fileName/GoEaseBack.cs: 3f6e00793ada35f633abc2146480990e -> 
  custom:container-demuxer-webm: 4f35f7cbe854078d1ac9338744f61a02 -> 
  custom:scripting/monoscript/fileName/GoTweenConfig.cs: 5b3154c82824c20addf84e8652f51cfe -> 
  custom:scripting/monoscript/fileName/RotationQuaternionTweenProperty.cs: e0d94af0c913b0be4cd670833a2cda91 -> 
  custom:scripting/monoscript/fileName/GoTweenUtils.cs: 867d37edf69335bc6e54784197f28064 -> 
  custom:scripting/monoscript/fileName/GoSplineCubicBezierSolver.cs: 6d81419c64f7c334f4359254f1cbade0 -> 
  custom:audio-encoder-webm-vorbis: bf7c407c2cedff20999df2af8eb42d56 -> 
  custom:scripting/monoscript/fileName/ScalePathTweenProperty.cs: 816c1a788eca415c60d1b7e87fb103fe -> 
  custom:scripting/monoscript/fileName/GoEaseElastic.cs: f0cafb366ac4251d5c35fe413d3f62f6 -> 
  custom:scripting/monoscript/fileName/GoDummyPath.cs: a21201ab2fac2187e4faeaf08bb4ec90 -> 
  custom:scripting/monoscript/fileName/PositionTweenProperty.cs: e367a96b2cbc0b819bff5d0620f4b258 -> 
  custom:scripting/monoscript/fileName/Vector3TweenProperty.cs: 8e9f9d7bb7b15068d97f4d593f097c86 -> 
  custom:scripting/monoscript/fileName/AbstractGoTween.cs: 3bdc69e313ad58745cd33c4b74e6a709 -> 
  custom:scripting/monoscript/fileName/GoSplineStraightLineSolver.cs: b6a3907f2ead3ba9ac17ad3fdd121ec9 -> 
  custom:scripting/monoscript/fileName/AbstractGoTweenCollection.cs: 61d9f5f358696a7942516ed78ffe7e98 -> 
  custom:scripting/monoscript/fileName/Vector3PathTweenProperty.cs: 94848aa2e96060cfeaf83844ee158f0c -> 
  custom:scripting/monoscript/fileName/Vector3ZTweenProperty.cs: 35595634a87246c4e13691b1563178c5 -> 
  custom:scripting/monoscript/fileName/AbstractTweenProperty.cs: c71b2ece20cb4e1e30772e574c806625 -> 
  custom:container-muxer-webm: aa71ff27fc2769a1b78a27578f13a17b -> 
  custom:scripting/monoscript/fileName/AbstractGoSplineSolver.cs: 788a6b8052af6ee0371d3a464e692d1b -> 
  custom:scripting/monoscript/fileName/GoTween.cs: 4df5a8b9fefcbd8a2b5d6fe6223ee62f -> 
  custom:scripting/monoscript/fileName/RotationTweenProperty.cs: 13e7fbd741208cd89873755249a873a9 -> 
========================================================================
Received Prepare
Begin MonoManager ReloadAssembly
- Loaded All Assemblies, in  0.269 seconds
Refreshing native plugins compatible for Editor in 1.12 ms, found 1 plugins.
Native extension for WindowsStandalone target not found
Native extension for Android target not found
Mono: successfully reloaded assembly
- Finished resetting the current domain, in  0.366 seconds
Domain Reload Profiling: 635ms
	BeginReloadAssembly (105ms)
		ExecutionOrderSort (0ms)
		DisableScriptedObjects (4ms)
		BackupInstance (0ms)
		ReleaseScriptingObjects (0ms)
		CreateAndSetChildDomain (16ms)
	RebuildCommonClasses (22ms)
	RebuildNativeTypeToScriptingClass (8ms)
	initialDomainReloadingComplete (18ms)
	LoadAllAssembliesAndSetupDomain (116ms)
		LoadAssemblies (168ms)
		RebuildTransferFunctionScriptingTraits (0ms)
		AnalyzeDomain (9ms)
			TypeCache.Refresh (4ms)
				TypeCache.ScanAssembly (0ms)
			ScanForSourceGeneratedMonoScriptInfo (0ms)
			ResolveRequiredComponents (4ms)
	FinalizeReload (366ms)
		ReleaseScriptCaches (0ms)
		RebuildScriptCaches (0ms)
		SetupLoadedEditorAssemblies (179ms)
			LogAssemblyErrors (0ms)
			InitializePlatformSupportModulesInManaged (15ms)
			SetLoadedEditorAssemblies (2ms)
			RefreshPlugins (0ms)
			BeforeProcessingInitializeOnLoad (35ms)
			ProcessInitializeOnLoadAttributes (111ms)
			ProcessInitializeOnLoadMethodAttributes (15ms)
			AfterProcessingInitializeOnLoad (2ms)
			EditorAssembliesLoaded (0ms)
		ExecutionOrderSort2 (0ms)
		AwakeInstancesAfterBackupRestoration (4ms)
Refreshing native plugins compatible for Editor in 1.10 ms, found 1 plugins.
Preloading 0 native plugins for Editor in 0.00 ms.
Unloading 2307 Unused Serialized files (Serialized files now loaded: 0)
Unloading 21 unused Assets / (26.9 KB). Loaded Objects now: 2799.
Memory consumption went from 104.4 MB to 104.4 MB.
Total: 2.114900 ms (FindLiveObjects: 0.134200 ms CreateObjectMapping: 0.048100 ms MarkObjects: 1.897300 ms  DeleteObjects: 0.034600 ms)

Prepare: number of updated asset objects reloaded= 0
AssetImportParameters requested are different than current active one (requested -> active):
  custom:scripting/monoscript/fileName/GoSmoothedVector3.cs: 3a6ceb396859da913cbecdd1940e0aa2 -> 
  custom:scripting/monoscript/fileName/EulerAnglesTweenProperty.cs: 7a2321a8c63f28c3857aa33414a11270 -> 
  custom:video-decoder-webm-vp8: 9c59270c3fd7afecdb556c50c9e8de78 -> 
  custom:scripting/monoscript/fileName/IGenericProperty.cs: f404e27010d8ce1a25f7cc2ac06431ac -> 
  custom:scripting/monoscript/fileName/GoEaseSinusoidal.cs: e637d6b7456e2acd06dfd152f10b71d1 -> 
  custom:scripting/monoscript/fileName/GoSplineCatmullRomSolver.cs: 8bbd4e9dc2722b25540d14d500b88879 -> 
  custom:scripting/monoscript/fileName/IntTweenProperty.cs: 1f39418055dd7708ff3b9e75a86d93a1 -> 
  custom:scripting/monoscript/fileName/Vector3YTweenProperty.cs: 2b996e9222bddad772657bb084e9da48 -> 
  custom:scripting/monoscript/fileName/GoEaseQuintic.cs: 672086238d051af0856016e64ad97204 -> 
  custom:scripting/monoscript/fileName/GoEaseCubic.cs: 7d74fd43480e52f793e3086826193b77 -> 
  custom:SearchIndexIgnoredProperties: e643bd26f0fe6173181afceb89e7c659 -> 
  custom:scripting/monoscript/fileName/GoSmoothedQuaternion.cs: 92de95a3ce149743e526859a8d0255c5 -> 
  custom:container-demuxer-ogg: 62fdf1f143b41e24485cea50d1cbac27 -> 
  custom:AudioImporter_EditorPlatform: d09bf68614088b80899f8185d706f6e7 -> 
  custom:scripting/monoscript/fileName/ShakeTweenProperty.cs: fdb713005206085d3b49cdd6b2d15f80 -> 
  custom:scripting/monoscript/fileName/Vector2TweenProperty.cs: d7a25a544d56d947d9526019347f1f6e -> 
  custom:scripting/monoscript/fileName/GoKitTweenExtensions.cs: 28ee7421c4d34eb9c057646838e28859 -> 
  custom:scripting/monoscript/fileName/Vector3XTweenProperty.cs: 9592582ea2f541a8cf92ba7dd7dd85f2 -> 
  custom:scripting/monoscript/fileName/Go.cs: 840adb47e0f4be71eeea7168442feb7d -> 
  custom:scripting/monoscript/fileName/ColorTweenProperty.cs: 94ba4bee52d153d3fd58a82d4cf8ce0c -> 
  custom:scripting/monoscript/fileName/GoEaseLinear.cs: b690756fd76817f101a31dcd50ae4adc -> 
  custom:scripting/monoscript/fileName/GoEaseExponential.cs: 8f890ce1f0130e8014d1a219fa0d7904 -> 
  custom:scripting/monoscript/fileName/ScaleTweenProperty.cs: 068e501b322923caa36166fe86d472e5 -> 
  custom:video-decoder-ogg-theora: a1e56fd34408186e4bbccfd4996cb3dc -> 
  custom:scripting/monoscript/fileName/GoSpline.cs: 8039f73cfdc174dc6ffa15343c307f29 -> 
  custom:scripting/monoscript/fileName/GoTweenFlow.cs: ce7a11a1fb9e8397b83cab3847ba7970 -> 
  custom:scripting/monoscript/fileName/GoEaseQuartic.cs: d34853ce84f33fe9033901002d4ff793 -> 
  custom:framework-win-MediaFoundation: 216162199b28c13a410421893ffa2e32 -> 
  custom:scripting/monoscript/fileName/GoEaseBounce.cs: e71b365170d63025c159c4756b1910b2 -> 
  custom:scripting/monoscript/fileName/GoSplineQuadraticBezierSolver.cs: 44dee8c5fd496e5eb749f54d83d1397e -> 
  custom:scripting/monoscript/fileName/GoEaseQuadratic.cs: e3ed230c2d29b99c6f642587e4ad0e5d -> 
  custom:scripting/monoscript/fileName/MaterialColorTweenProperty.cs: f6d4ed9537ac95d7564838fa4e660e7d -> 
  custom:scripting/monoscript/fileName/GoEaseCircular.cs: 84a2009340e8431314db7056edf1bd68 -> 
  custom:scripting/monoscript/fileName/PositionPathTweenProperty.cs: efde40660de14fd7cd1ede2fa47e9837 -> 
  custom:video-encoder-webm-vp8: eb34c28f22e8b96e1ab97ce403110664 -> 
  custom:scripting/monoscript/fileName/FloatTweenProperty.cs: 48aea3a8bbe79ca6e0baa81dc186bdfd -> 
  custom:scripting/monoscript/fileName/GoTweenChain.cs: f9995827e6ddafabc43c1b0e0dcfd886 -> 
  custom:scripting/monoscript/fileName/GoTweenCollectionConfig.cs: 37c99bdc8dc674650bd69bc44bb2e57b -> 
  custom:audio-decoder-ogg-vorbis: bf7c407c2cedff20999df2af8eb42d56 -> 
  custom:scripting/monoscript/fileName/AbstractQuaternionTweenProperty.cs: 65ceda31db804ab1e0e34f0e48afa285 -> 
  custom:scripting/monoscript/fileName/AbstractColorTweenProperty.cs: bba0da230ed56fc0a25af92f6a3e377e -> 
  custom:scripting/monoscript/fileName/AbstractVector3TweenProperty.cs: 6aa4defef7531529f4ddc1516936e2e3 -> 
  custom:CustomObjectIndexerAttribute: 9a22284fe3817be447336de3de66b15e -> 
  custom:scripting/monoscript/fileName/Vector4TweenProperty.cs: 18bb73739ede80588b5bfadcee873907 -> 
  custom:scripting/monoscript/fileName/GoEaseBack.cs: 3f6e00793ada35f633abc2146480990e -> 
  custom:container-demuxer-webm: 4f35f7cbe854078d1ac9338744f61a02 -> 
  custom:scripting/monoscript/fileName/GoTweenConfig.cs: 5b3154c82824c20addf84e8652f51cfe -> 
  custom:scripting/monoscript/fileName/RotationQuaternionTweenProperty.cs: e0d94af0c913b0be4cd670833a2cda91 -> 
  custom:scripting/monoscript/fileName/GoTweenUtils.cs: 867d37edf69335bc6e54784197f28064 -> 
  custom:scripting/monoscript/fileName/GoSplineCubicBezierSolver.cs: 6d81419c64f7c334f4359254f1cbade0 -> 
  custom:audio-encoder-webm-vorbis: bf7c407c2cedff20999df2af8eb42d56 -> 
  custom:scripting/monoscript/fileName/ScalePathTweenProperty.cs: 816c1a788eca415c60d1b7e87fb103fe -> 
  custom:scripting/monoscript/fileName/GoEaseElastic.cs: f0cafb366ac4251d5c35fe413d3f62f6 -> 
  custom:scripting/monoscript/fileName/GoDummyPath.cs: a21201ab2fac2187e4faeaf08bb4ec90 -> 
  custom:scripting/monoscript/fileName/PositionTweenProperty.cs: e367a96b2cbc0b819bff5d0620f4b258 -> 
  custom:scripting/monoscript/fileName/Vector3TweenProperty.cs: 8e9f9d7bb7b15068d97f4d593f097c86 -> 
  custom:scripting/monoscript/fileName/AbstractGoTween.cs: 3bdc69e313ad58745cd33c4b74e6a709 -> 
  custom:scripting/monoscript/fileName/GoSplineStraightLineSolver.cs: b6a3907f2ead3ba9ac17ad3fdd121ec9 -> 
  custom:scripting/monoscript/fileName/AbstractGoTweenCollection.cs: 61d9f5f358696a7942516ed78ffe7e98 -> 
  custom:scripting/monoscript/fileName/Vector3PathTweenProperty.cs: 94848aa2e96060cfeaf83844ee158f0c -> 
  custom:scripting/monoscript/fileName/Vector3ZTweenProperty.cs: 35595634a87246c4e13691b1563178c5 -> 
  custom:scripting/monoscript/fileName/AbstractTweenProperty.cs: c71b2ece20cb4e1e30772e574c806625 -> 
  custom:container-muxer-webm: aa71ff27fc2769a1b78a27578f13a17b -> 
  custom:scripting/monoscript/fileName/AbstractGoSplineSolver.cs: 788a6b8052af6ee0371d3a464e692d1b -> 
  custom:scripting/monoscript/fileName/GoTween.cs: 4df5a8b9fefcbd8a2b5d6fe6223ee62f -> 
  custom:scripting/monoscript/fileName/RotationTweenProperty.cs: 13e7fbd741208cd89873755249a873a9 -> 
========================================================================
Received Prepare
Begin MonoManager ReloadAssembly
- Loaded All Assemblies, in  0.271 seconds
Refreshing native plugins compatible for Editor in 1.04 ms, found 1 plugins.
Native extension for WindowsStandalone target not found
Native extension for Android target not found
Mono: successfully reloaded assembly
- Finished resetting the current domain, in  0.345 seconds
Domain Reload Profiling: 616ms
	BeginReloadAssembly (106ms)
		ExecutionOrderSort (0ms)
		DisableScriptedObjects (4ms)
		BackupInstance (0ms)
		ReleaseScriptingObjects (0ms)
		CreateAndSetChildDomain (17ms)
	RebuildCommonClasses (29ms)
	RebuildNativeTypeToScriptingClass (12ms)
	initialDomainReloadingComplete (17ms)
	LoadAllAssembliesAndSetupDomain (108ms)
		LoadAssemblies (160ms)
		RebuildTransferFunctionScriptingTraits (0ms)
		AnalyzeDomain (8ms)
			TypeCache.Refresh (4ms)
				TypeCache.ScanAssembly (0ms)
			ScanForSourceGeneratedMonoScriptInfo (0ms)
			ResolveRequiredComponents (4ms)
	FinalizeReload (345ms)
		ReleaseScriptCaches (0ms)
		RebuildScriptCaches (0ms)
		SetupLoadedEditorAssemblies (173ms)
			LogAssemblyErrors (0ms)
			InitializePlatformSupportModulesInManaged (15ms)
			SetLoadedEditorAssemblies (2ms)
			RefreshPlugins (0ms)
			BeforeProcessingInitializeOnLoad (33ms)
			ProcessInitializeOnLoadAttributes (107ms)
			ProcessInitializeOnLoadMethodAttributes (14ms)
			AfterProcessingInitializeOnLoad (2ms)
			EditorAssembliesLoaded (0ms)
		ExecutionOrderSort2 (0ms)
		AwakeInstancesAfterBackupRestoration (4ms)
Refreshing native plugins compatible for Editor in 1.54 ms, found 1 plugins.
Preloading 0 native plugins for Editor in 0.00 ms.
Unloading 2307 Unused Serialized files (Serialized files now loaded: 0)
Unloading 21 unused Assets / (26.9 KB). Loaded Objects now: 2802.
Memory consumption went from 104.4 MB to 104.4 MB.
Total: 1.739400 ms (FindLiveObjects: 0.122000 ms CreateObjectMapping: 0.044100 ms MarkObjects: 1.538900 ms  DeleteObjects: 0.033500 ms)

Prepare: number of updated asset objects reloaded= 0
AssetImportParameters requested are different than current active one (requested -> active):
  custom:scripting/monoscript/fileName/GoSmoothedVector3.cs: 3a6ceb396859da913cbecdd1940e0aa2 -> 
  custom:scripting/monoscript/fileName/EulerAnglesTweenProperty.cs: 7a2321a8c63f28c3857aa33414a11270 -> 
  custom:video-decoder-webm-vp8: 9c59270c3fd7afecdb556c50c9e8de78 -> 
  custom:scripting/monoscript/fileName/IGenericProperty.cs: f404e27010d8ce1a25f7cc2ac06431ac -> 
  custom:scripting/monoscript/fileName/GoEaseSinusoidal.cs: e637d6b7456e2acd06dfd152f10b71d1 -> 
  custom:scripting/monoscript/fileName/GoSplineCatmullRomSolver.cs: 8bbd4e9dc2722b25540d14d500b88879 -> 
  custom:scripting/monoscript/fileName/IntTweenProperty.cs: 1f39418055dd7708ff3b9e75a86d93a1 -> 
  custom:scripting/monoscript/fileName/Vector3YTweenProperty.cs: 2b996e9222bddad772657bb084e9da48 -> 
  custom:scripting/monoscript/fileName/GoEaseQuintic.cs: 672086238d051af0856016e64ad97204 -> 
  custom:scripting/monoscript/fileName/GoEaseCubic.cs: 7d74fd43480e52f793e3086826193b77 -> 
  custom:SearchIndexIgnoredProperties: e643bd26f0fe6173181afceb89e7c659 -> 
  custom:scripting/monoscript/fileName/GoSmoothedQuaternion.cs: 92de95a3ce149743e526859a8d0255c5 -> 
  custom:container-demuxer-ogg: 62fdf1f143b41e24485cea50d1cbac27 -> 
  custom:AudioImporter_EditorPlatform: d09bf68614088b80899f8185d706f6e7 -> 
  custom:scripting/monoscript/fileName/ShakeTweenProperty.cs: fdb713005206085d3b49cdd6b2d15f80 -> 
  custom:scripting/monoscript/fileName/Vector2TweenProperty.cs: d7a25a544d56d947d9526019347f1f6e -> 
  custom:scripting/monoscript/fileName/GoKitTweenExtensions.cs: 28ee7421c4d34eb9c057646838e28859 -> 
  custom:scripting/monoscript/fileName/Vector3XTweenProperty.cs: 9592582ea2f541a8cf92ba7dd7dd85f2 -> 
  custom:scripting/monoscript/fileName/Go.cs: 840adb47e0f4be71eeea7168442feb7d -> 
  custom:scripting/monoscript/fileName/ColorTweenProperty.cs: 94ba4bee52d153d3fd58a82d4cf8ce0c -> 
  custom:scripting/monoscript/fileName/GoEaseLinear.cs: b690756fd76817f101a31dcd50ae4adc -> 
  custom:scripting/monoscript/fileName/GoEaseExponential.cs: 8f890ce1f0130e8014d1a219fa0d7904 -> 
  custom:scripting/monoscript/fileName/ScaleTweenProperty.cs: 068e501b322923caa36166fe86d472e5 -> 
  custom:video-decoder-ogg-theora: a1e56fd34408186e4bbccfd4996cb3dc -> 
  custom:scripting/monoscript/fileName/GoSpline.cs: 8039f73cfdc174dc6ffa15343c307f29 -> 
  custom:scripting/monoscript/fileName/GoTweenFlow.cs: ce7a11a1fb9e8397b83cab3847ba7970 -> 
  custom:scripting/monoscript/fileName/GoEaseQuartic.cs: d34853ce84f33fe9033901002d4ff793 -> 
  custom:framework-win-MediaFoundation: 216162199b28c13a410421893ffa2e32 -> 
  custom:scripting/monoscript/fileName/GoEaseBounce.cs: e71b365170d63025c159c4756b1910b2 -> 
  custom:scripting/monoscript/fileName/GoSplineQuadraticBezierSolver.cs: 44dee8c5fd496e5eb749f54d83d1397e -> 
  custom:scripting/monoscript/fileName/GoEaseQuadratic.cs: e3ed230c2d29b99c6f642587e4ad0e5d -> 
  custom:scripting/monoscript/fileName/MaterialColorTweenProperty.cs: f6d4ed9537ac95d7564838fa4e660e7d -> 
  custom:scripting/monoscript/fileName/GoEaseCircular.cs: 84a2009340e8431314db7056edf1bd68 -> 
  custom:scripting/monoscript/fileName/PositionPathTweenProperty.cs: efde40660de14fd7cd1ede2fa47e9837 -> 
  custom:video-encoder-webm-vp8: eb34c28f22e8b96e1ab97ce403110664 -> 
  custom:scripting/monoscript/fileName/FloatTweenProperty.cs: 48aea3a8bbe79ca6e0baa81dc186bdfd -> 
  custom:scripting/monoscript/fileName/GoTweenChain.cs: f9995827e6ddafabc43c1b0e0dcfd886 -> 
  custom:scripting/monoscript/fileName/GoTweenCollectionConfig.cs: 37c99bdc8dc674650bd69bc44bb2e57b -> 
  custom:audio-decoder-ogg-vorbis: bf7c407c2cedff20999df2af8eb42d56 -> 
  custom:scripting/monoscript/fileName/AbstractQuaternionTweenProperty.cs: 65ceda31db804ab1e0e34f0e48afa285 -> 
  custom:scripting/monoscript/fileName/AbstractColorTweenProperty.cs: bba0da230ed56fc0a25af92f6a3e377e -> 
  custom:scripting/monoscript/fileName/AbstractVector3TweenProperty.cs: 6aa4defef7531529f4ddc1516936e2e3 -> 
  custom:CustomObjectIndexerAttribute: 9a22284fe3817be447336de3de66b15e -> 
  custom:scripting/monoscript/fileName/Vector4TweenProperty.cs: 18bb73739ede80588b5bfadcee873907 -> 
  custom:scripting/monoscript/fileName/GoEaseBack.cs: 3f6e00793ada35f633abc2146480990e -> 
  custom:container-demuxer-webm: 4f35f7cbe854078d1ac9338744f61a02 -> 
  custom:scripting/monoscript/fileName/GoTweenConfig.cs: 5b3154c82824c20addf84e8652f51cfe -> 
  custom:scripting/monoscript/fileName/RotationQuaternionTweenProperty.cs: e0d94af0c913b0be4cd670833a2cda91 -> 
  custom:scripting/monoscript/fileName/GoTweenUtils.cs: 867d37edf69335bc6e54784197f28064 -> 
  custom:scripting/monoscript/fileName/GoSplineCubicBezierSolver.cs: 6d81419c64f7c334f4359254f1cbade0 -> 
  custom:audio-encoder-webm-vorbis: bf7c407c2cedff20999df2af8eb42d56 -> 
  custom:scripting/monoscript/fileName/ScalePathTweenProperty.cs: 816c1a788eca415c60d1b7e87fb103fe -> 
  custom:scripting/monoscript/fileName/GoEaseElastic.cs: f0cafb366ac4251d5c35fe413d3f62f6 -> 
  custom:scripting/monoscript/fileName/GoDummyPath.cs: a21201ab2fac2187e4faeaf08bb4ec90 -> 
  custom:scripting/monoscript/fileName/PositionTweenProperty.cs: e367a96b2cbc0b819bff5d0620f4b258 -> 
  custom:scripting/monoscript/fileName/Vector3TweenProperty.cs: 8e9f9d7bb7b15068d97f4d593f097c86 -> 
  custom:scripting/monoscript/fileName/AbstractGoTween.cs: 3bdc69e313ad58745cd33c4b74e6a709 -> 
  custom:scripting/monoscript/fileName/GoSplineStraightLineSolver.cs: b6a3907f2ead3ba9ac17ad3fdd121ec9 -> 
  custom:scripting/monoscript/fileName/AbstractGoTweenCollection.cs: 61d9f5f358696a7942516ed78ffe7e98 -> 
  custom:scripting/monoscript/fileName/Vector3PathTweenProperty.cs: 94848aa2e96060cfeaf83844ee158f0c -> 
  custom:scripting/monoscript/fileName/Vector3ZTweenProperty.cs: 35595634a87246c4e13691b1563178c5 -> 
  custom:scripting/monoscript/fileName/AbstractTweenProperty.cs: c71b2ece20cb4e1e30772e574c806625 -> 
  custom:container-muxer-webm: aa71ff27fc2769a1b78a27578f13a17b -> 
  custom:scripting/monoscript/fileName/AbstractGoSplineSolver.cs: 788a6b8052af6ee0371d3a464e692d1b -> 
  custom:scripting/monoscript/fileName/GoTween.cs: 4df5a8b9fefcbd8a2b5d6fe6223ee62f -> 
  custom:scripting/monoscript/fileName/RotationTweenProperty.cs: 13e7fbd741208cd89873755249a873a9 -> 
========================================================================
Received Prepare
Begin MonoManager ReloadAssembly
- Loaded All Assemblies, in  0.267 seconds
Refreshing native plugins compatible for Editor in 1.48 ms, found 1 plugins.
Native extension for WindowsStandalone target not found
Native extension for Android target not found
Mono: successfully reloaded assembly
- Finished resetting the current domain, in  0.343 seconds
Domain Reload Profiling: 610ms
	BeginReloadAssembly (103ms)
		ExecutionOrderSort (0ms)
		DisableScriptedObjects (4ms)
		BackupInstance (0ms)
		ReleaseScriptingObjects (0ms)
		CreateAndSetChildDomain (16ms)
	RebuildCommonClasses (26ms)
	RebuildNativeTypeToScriptingClass (8ms)
	initialDomainReloadingComplete (17ms)
	LoadAllAssembliesAndSetupDomain (113ms)
		LoadAssemblies (164ms)
		RebuildTransferFunctionScriptingTraits (0ms)
		AnalyzeDomain (8ms)
			TypeCache.Refresh (4ms)
				TypeCache.ScanAssembly (0ms)
			ScanForSourceGeneratedMonoScriptInfo (0ms)
			ResolveRequiredComponents (4ms)
	FinalizeReload (343ms)
		ReleaseScriptCaches (0ms)
		RebuildScriptCaches (0ms)
		SetupLoadedEditorAssemblies (172ms)
			LogAssemblyErrors (0ms)
			InitializePlatformSupportModulesInManaged (18ms)
			SetLoadedEditorAssemblies (2ms)
			RefreshPlugins (0ms)
			BeforeProcessingInitializeOnLoad (33ms)
			ProcessInitializeOnLoadAttributes (103ms)
			ProcessInitializeOnLoadMethodAttributes (14ms)
			AfterProcessingInitializeOnLoad (2ms)
			EditorAssembliesLoaded (0ms)
		ExecutionOrderSort2 (0ms)
		AwakeInstancesAfterBackupRestoration (5ms)
Refreshing native plugins compatible for Editor in 1.52 ms, found 1 plugins.
Preloading 0 native plugins for Editor in 0.00 ms.
Unloading 2307 Unused Serialized files (Serialized files now loaded: 0)
Unloading 21 unused Assets / (26.9 KB). Loaded Objects now: 2805.
Memory consumption went from 104.4 MB to 104.4 MB.
Total: 2.049800 ms (FindLiveObjects: 0.134700 ms CreateObjectMapping: 0.051800 ms MarkObjects: 1.823900 ms  DeleteObjects: 0.038300 ms)

Prepare: number of updated asset objects reloaded= 0
AssetImportParameters requested are different than current active one (requested -> active):
  custom:scripting/monoscript/fileName/GoSmoothedVector3.cs: 3a6ceb396859da913cbecdd1940e0aa2 -> 
  custom:scripting/monoscript/fileName/EulerAnglesTweenProperty.cs: 7a2321a8c63f28c3857aa33414a11270 -> 
  custom:video-decoder-webm-vp8: 9c59270c3fd7afecdb556c50c9e8de78 -> 
  custom:scripting/monoscript/fileName/IGenericProperty.cs: f404e27010d8ce1a25f7cc2ac06431ac -> 
  custom:scripting/monoscript/fileName/GoEaseSinusoidal.cs: e637d6b7456e2acd06dfd152f10b71d1 -> 
  custom:scripting/monoscript/fileName/GoSplineCatmullRomSolver.cs: 8bbd4e9dc2722b25540d14d500b88879 -> 
  custom:scripting/monoscript/fileName/IntTweenProperty.cs: 1f39418055dd7708ff3b9e75a86d93a1 -> 
  custom:scripting/monoscript/fileName/Vector3YTweenProperty.cs: 2b996e9222bddad772657bb084e9da48 -> 
  custom:scripting/monoscript/fileName/GoEaseQuintic.cs: 672086238d051af0856016e64ad97204 -> 
  custom:scripting/monoscript/fileName/GoEaseCubic.cs: 7d74fd43480e52f793e3086826193b77 -> 
  custom:SearchIndexIgnoredProperties: e643bd26f0fe6173181afceb89e7c659 -> 
  custom:scripting/monoscript/fileName/GoSmoothedQuaternion.cs: 92de95a3ce149743e526859a8d0255c5 -> 
  custom:container-demuxer-ogg: 62fdf1f143b41e24485cea50d1cbac27 -> 
  custom:AudioImporter_EditorPlatform: d09bf68614088b80899f8185d706f6e7 -> 
  custom:scripting/monoscript/fileName/ShakeTweenProperty.cs: fdb713005206085d3b49cdd6b2d15f80 -> 
  custom:scripting/monoscript/fileName/Vector2TweenProperty.cs: d7a25a544d56d947d9526019347f1f6e -> 
  custom:scripting/monoscript/fileName/GoKitTweenExtensions.cs: 28ee7421c4d34eb9c057646838e28859 -> 
  custom:scripting/monoscript/fileName/Vector3XTweenProperty.cs: 9592582ea2f541a8cf92ba7dd7dd85f2 -> 
  custom:scripting/monoscript/fileName/Go.cs: 840adb47e0f4be71eeea7168442feb7d -> 
  custom:scripting/monoscript/fileName/ColorTweenProperty.cs: 94ba4bee52d153d3fd58a82d4cf8ce0c -> 
  custom:scripting/monoscript/fileName/GoEaseLinear.cs: b690756fd76817f101a31dcd50ae4adc -> 
  custom:scripting/monoscript/fileName/GoEaseExponential.cs: 8f890ce1f0130e8014d1a219fa0d7904 -> 
  custom:scripting/monoscript/fileName/ScaleTweenProperty.cs: 068e501b322923caa36166fe86d472e5 -> 
  custom:video-decoder-ogg-theora: a1e56fd34408186e4bbccfd4996cb3dc -> 
  custom:scripting/monoscript/fileName/GoSpline.cs: 8039f73cfdc174dc6ffa15343c307f29 -> 
  custom:scripting/monoscript/fileName/GoTweenFlow.cs: ce7a11a1fb9e8397b83cab3847ba7970 -> 
  custom:scripting/monoscript/fileName/GoEaseQuartic.cs: d34853ce84f33fe9033901002d4ff793 -> 
  custom:framework-win-MediaFoundation: 216162199b28c13a410421893ffa2e32 -> 
  custom:scripting/monoscript/fileName/GoEaseBounce.cs: e71b365170d63025c159c4756b1910b2 -> 
  custom:scripting/monoscript/fileName/GoSplineQuadraticBezierSolver.cs: 44dee8c5fd496e5eb749f54d83d1397e -> 
  custom:scripting/monoscript/fileName/GoEaseQuadratic.cs: e3ed230c2d29b99c6f642587e4ad0e5d -> 
  custom:scripting/monoscript/fileName/MaterialColorTweenProperty.cs: f6d4ed9537ac95d7564838fa4e660e7d -> 
  custom:scripting/monoscript/fileName/GoEaseCircular.cs: 84a2009340e8431314db7056edf1bd68 -> 
  custom:scripting/monoscript/fileName/PositionPathTweenProperty.cs: efde40660de14fd7cd1ede2fa47e9837 -> 
  custom:video-encoder-webm-vp8: eb34c28f22e8b96e1ab97ce403110664 -> 
  custom:scripting/monoscript/fileName/FloatTweenProperty.cs: 48aea3a8bbe79ca6e0baa81dc186bdfd -> 
  custom:scripting/monoscript/fileName/GoTweenChain.cs: f9995827e6ddafabc43c1b0e0dcfd886 -> 
  custom:scripting/monoscript/fileName/GoTweenCollectionConfig.cs: 37c99bdc8dc674650bd69bc44bb2e57b -> 
  custom:audio-decoder-ogg-vorbis: bf7c407c2cedff20999df2af8eb42d56 -> 
  custom:scripting/monoscript/fileName/AbstractQuaternionTweenProperty.cs: 65ceda31db804ab1e0e34f0e48afa285 -> 
  custom:scripting/monoscript/fileName/AbstractColorTweenProperty.cs: bba0da230ed56fc0a25af92f6a3e377e -> 
  custom:scripting/monoscript/fileName/AbstractVector3TweenProperty.cs: 6aa4defef7531529f4ddc1516936e2e3 -> 
  custom:CustomObjectIndexerAttribute: 9a22284fe3817be447336de3de66b15e -> 
  custom:scripting/monoscript/fileName/Vector4TweenProperty.cs: 18bb73739ede80588b5bfadcee873907 -> 
  custom:scripting/monoscript/fileName/GoEaseBack.cs: 3f6e00793ada35f633abc2146480990e -> 
  custom:container-demuxer-webm: 4f35f7cbe854078d1ac9338744f61a02 -> 
  custom:scripting/monoscript/fileName/GoTweenConfig.cs: 5b3154c82824c20addf84e8652f51cfe -> 
  custom:scripting/monoscript/fileName/RotationQuaternionTweenProperty.cs: e0d94af0c913b0be4cd670833a2cda91 -> 
  custom:scripting/monoscript/fileName/GoTweenUtils.cs: 867d37edf69335bc6e54784197f28064 -> 
  custom:scripting/monoscript/fileName/GoSplineCubicBezierSolver.cs: 6d81419c64f7c334f4359254f1cbade0 -> 
  custom:audio-encoder-webm-vorbis: bf7c407c2cedff20999df2af8eb42d56 -> 
  custom:scripting/monoscript/fileName/ScalePathTweenProperty.cs: 816c1a788eca415c60d1b7e87fb103fe -> 
  custom:scripting/monoscript/fileName/GoEaseElastic.cs: f0cafb366ac4251d5c35fe413d3f62f6 -> 
  custom:scripting/monoscript/fileName/GoDummyPath.cs: a21201ab2fac2187e4faeaf08bb4ec90 -> 
  custom:scripting/monoscript/fileName/PositionTweenProperty.cs: e367a96b2cbc0b819bff5d0620f4b258 -> 
  custom:scripting/monoscript/fileName/Vector3TweenProperty.cs: 8e9f9d7bb7b15068d97f4d593f097c86 -> 
  custom:scripting/monoscript/fileName/AbstractGoTween.cs: 3bdc69e313ad58745cd33c4b74e6a709 -> 
  custom:scripting/monoscript/fileName/GoSplineStraightLineSolver.cs: b6a3907f2ead3ba9ac17ad3fdd121ec9 -> 
  custom:scripting/monoscript/fileName/AbstractGoTweenCollection.cs: 61d9f5f358696a7942516ed78ffe7e98 -> 
  custom:scripting/monoscript/fileName/Vector3PathTweenProperty.cs: 94848aa2e96060cfeaf83844ee158f0c -> 
  custom:scripting/monoscript/fileName/Vector3ZTweenProperty.cs: 35595634a87246c4e13691b1563178c5 -> 
  custom:scripting/monoscript/fileName/AbstractTweenProperty.cs: c71b2ece20cb4e1e30772e574c806625 -> 
  custom:container-muxer-webm: aa71ff27fc2769a1b78a27578f13a17b -> 
  custom:scripting/monoscript/fileName/AbstractGoSplineSolver.cs: 788a6b8052af6ee0371d3a464e692d1b -> 
  custom:scripting/monoscript/fileName/GoTween.cs: 4df5a8b9fefcbd8a2b5d6fe6223ee62f -> 
  custom:scripting/monoscript/fileName/RotationTweenProperty.cs: 13e7fbd741208cd89873755249a873a9 -> 
========================================================================
Received Prepare
Begin MonoManager ReloadAssembly
- Loaded All Assemblies, in  0.264 seconds
Refreshing native plugins compatible for Editor in 1.07 ms, found 1 plugins.
Native extension for WindowsStandalone target not found
Native extension for Android target not found
Mono: successfully reloaded assembly
- Finished resetting the current domain, in  0.348 seconds
Domain Reload Profiling: 612ms
	BeginReloadAssembly (104ms)
		ExecutionOrderSort (0ms)
		DisableScriptedObjects (6ms)
		BackupInstance (0ms)
		ReleaseScriptingObjects (0ms)
		CreateAndSetChildDomain (16ms)
	RebuildCommonClasses (23ms)
	RebuildNativeTypeToScriptingClass (8ms)
	initialDomainReloadingComplete (23ms)
	LoadAllAssembliesAndSetupDomain (106ms)
		LoadAssemblies (156ms)
		RebuildTransferFunctionScriptingTraits (0ms)
		AnalyzeDomain (8ms)
			TypeCache.Refresh (4ms)
				TypeCache.ScanAssembly (0ms)
			ScanForSourceGeneratedMonoScriptInfo (0ms)
			ResolveRequiredComponents (4ms)
	FinalizeReload (348ms)
		ReleaseScriptCaches (0ms)
		RebuildScriptCaches (0ms)
		SetupLoadedEditorAssemblies (171ms)
			LogAssemblyErrors (0ms)
			InitializePlatformSupportModulesInManaged (16ms)
			SetLoadedEditorAssemblies (2ms)
			RefreshPlugins (0ms)
			BeforeProcessingInitializeOnLoad (33ms)
			ProcessInitializeOnLoadAttributes (102ms)
			ProcessInitializeOnLoadMethodAttributes (16ms)
			AfterProcessingInitializeOnLoad (2ms)
			EditorAssembliesLoaded (0ms)
		ExecutionOrderSort2 (0ms)
		AwakeInstancesAfterBackupRestoration (4ms)
Refreshing native plugins compatible for Editor in 1.52 ms, found 1 plugins.
Preloading 0 native plugins for Editor in 0.00 ms.
Unloading 2307 Unused Serialized files (Serialized files now loaded: 0)
Unloading 21 unused Assets / (26.9 KB). Loaded Objects now: 2808.
Memory consumption went from 104.4 MB to 104.4 MB.
Total: 1.787600 ms (FindLiveObjects: 0.130700 ms CreateObjectMapping: 0.049000 ms MarkObjects: 1.573000 ms  DeleteObjects: 0.034100 ms)

Prepare: number of updated asset objects reloaded= 0
AssetImportParameters requested are different than current active one (requested -> active):
  custom:scripting/monoscript/fileName/GoSmoothedVector3.cs: 3a6ceb396859da913cbecdd1940e0aa2 -> 
  custom:scripting/monoscript/fileName/EulerAnglesTweenProperty.cs: 7a2321a8c63f28c3857aa33414a11270 -> 
  custom:video-decoder-webm-vp8: 9c59270c3fd7afecdb556c50c9e8de78 -> 
  custom:scripting/monoscript/fileName/IGenericProperty.cs: f404e27010d8ce1a25f7cc2ac06431ac -> 
  custom:scripting/monoscript/fileName/GoEaseSinusoidal.cs: e637d6b7456e2acd06dfd152f10b71d1 -> 
  custom:scripting/monoscript/fileName/GoSplineCatmullRomSolver.cs: 8bbd4e9dc2722b25540d14d500b88879 -> 
  custom:scripting/monoscript/fileName/IntTweenProperty.cs: 1f39418055dd7708ff3b9e75a86d93a1 -> 
  custom:scripting/monoscript/fileName/Vector3YTweenProperty.cs: 2b996e9222bddad772657bb084e9da48 -> 
  custom:scripting/monoscript/fileName/GoEaseQuintic.cs: 672086238d051af0856016e64ad97204 -> 
  custom:scripting/monoscript/fileName/GoEaseCubic.cs: 7d74fd43480e52f793e3086826193b77 -> 
  custom:SearchIndexIgnoredProperties: e643bd26f0fe6173181afceb89e7c659 -> 
  custom:scripting/monoscript/fileName/GoSmoothedQuaternion.cs: 92de95a3ce149743e526859a8d0255c5 -> 
  custom:container-demuxer-ogg: 62fdf1f143b41e24485cea50d1cbac27 -> 
  custom:AudioImporter_EditorPlatform: d09bf68614088b80899f8185d706f6e7 -> 
  custom:scripting/monoscript/fileName/ShakeTweenProperty.cs: fdb713005206085d3b49cdd6b2d15f80 -> 
  custom:scripting/monoscript/fileName/Vector2TweenProperty.cs: d7a25a544d56d947d9526019347f1f6e -> 
  custom:scripting/monoscript/fileName/GoKitTweenExtensions.cs: 28ee7421c4d34eb9c057646838e28859 -> 
  custom:scripting/monoscript/fileName/Vector3XTweenProperty.cs: 9592582ea2f541a8cf92ba7dd7dd85f2 -> 
  custom:scripting/monoscript/fileName/Go.cs: 840adb47e0f4be71eeea7168442feb7d -> 
  custom:scripting/monoscript/fileName/ColorTweenProperty.cs: 94ba4bee52d153d3fd58a82d4cf8ce0c -> 
  custom:scripting/monoscript/fileName/GoEaseLinear.cs: b690756fd76817f101a31dcd50ae4adc -> 
  custom:scripting/monoscript/fileName/GoEaseExponential.cs: 8f890ce1f0130e8014d1a219fa0d7904 -> 
  custom:scripting/monoscript/fileName/ScaleTweenProperty.cs: 068e501b322923caa36166fe86d472e5 -> 
  custom:video-decoder-ogg-theora: a1e56fd34408186e4bbccfd4996cb3dc -> 
  custom:scripting/monoscript/fileName/GoSpline.cs: 8039f73cfdc174dc6ffa15343c307f29 -> 
  custom:scripting/monoscript/fileName/GoTweenFlow.cs: ce7a11a1fb9e8397b83cab3847ba7970 -> 
  custom:scripting/monoscript/fileName/GoEaseQuartic.cs: d34853ce84f33fe9033901002d4ff793 -> 
  custom:framework-win-MediaFoundation: 216162199b28c13a410421893ffa2e32 -> 
  custom:scripting/monoscript/fileName/GoEaseBounce.cs: e71b365170d63025c159c4756b1910b2 -> 
  custom:scripting/monoscript/fileName/GoSplineQuadraticBezierSolver.cs: 44dee8c5fd496e5eb749f54d83d1397e -> 
  custom:scripting/monoscript/fileName/GoEaseQuadratic.cs: e3ed230c2d29b99c6f642587e4ad0e5d -> 
  custom:scripting/monoscript/fileName/MaterialColorTweenProperty.cs: f6d4ed9537ac95d7564838fa4e660e7d -> 
  custom:scripting/monoscript/fileName/GoEaseCircular.cs: 84a2009340e8431314db7056edf1bd68 -> 
  custom:scripting/monoscript/fileName/PositionPathTweenProperty.cs: efde40660de14fd7cd1ede2fa47e9837 -> 
  custom:video-encoder-webm-vp8: eb34c28f22e8b96e1ab97ce403110664 -> 
  custom:scripting/monoscript/fileName/FloatTweenProperty.cs: 48aea3a8bbe79ca6e0baa81dc186bdfd -> 
  custom:scripting/monoscript/fileName/GoTweenChain.cs: f9995827e6ddafabc43c1b0e0dcfd886 -> 
  custom:scripting/monoscript/fileName/GoTweenCollectionConfig.cs: 37c99bdc8dc674650bd69bc44bb2e57b -> 
  custom:audio-decoder-ogg-vorbis: bf7c407c2cedff20999df2af8eb42d56 -> 
  custom:scripting/monoscript/fileName/AbstractQuaternionTweenProperty.cs: 65ceda31db804ab1e0e34f0e48afa285 -> 
  custom:scripting/monoscript/fileName/AbstractColorTweenProperty.cs: bba0da230ed56fc0a25af92f6a3e377e -> 
  custom:scripting/monoscript/fileName/AbstractVector3TweenProperty.cs: 6aa4defef7531529f4ddc1516936e2e3 -> 
  custom:CustomObjectIndexerAttribute: 9a22284fe3817be447336de3de66b15e -> 
  custom:scripting/monoscript/fileName/Vector4TweenProperty.cs: 18bb73739ede80588b5bfadcee873907 -> 
  custom:scripting/monoscript/fileName/GoEaseBack.cs: 3f6e00793ada35f633abc2146480990e -> 
  custom:container-demuxer-webm: 4f35f7cbe854078d1ac9338744f61a02 -> 
  custom:scripting/monoscript/fileName/GoTweenConfig.cs: 5b3154c82824c20addf84e8652f51cfe -> 
  custom:scripting/monoscript/fileName/RotationQuaternionTweenProperty.cs: e0d94af0c913b0be4cd670833a2cda91 -> 
  custom:scripting/monoscript/fileName/GoTweenUtils.cs: 867d37edf69335bc6e54784197f28064 -> 
  custom:scripting/monoscript/fileName/GoSplineCubicBezierSolver.cs: 6d81419c64f7c334f4359254f1cbade0 -> 
  custom:audio-encoder-webm-vorbis: bf7c407c2cedff20999df2af8eb42d56 -> 
  custom:scripting/monoscript/fileName/ScalePathTweenProperty.cs: 816c1a788eca415c60d1b7e87fb103fe -> 
  custom:scripting/monoscript/fileName/GoEaseElastic.cs: f0cafb366ac4251d5c35fe413d3f62f6 -> 
  custom:scripting/monoscript/fileName/GoDummyPath.cs: a21201ab2fac2187e4faeaf08bb4ec90 -> 
  custom:scripting/monoscript/fileName/PositionTweenProperty.cs: e367a96b2cbc0b819bff5d0620f4b258 -> 
  custom:scripting/monoscript/fileName/Vector3TweenProperty.cs: 8e9f9d7bb7b15068d97f4d593f097c86 -> 
  custom:scripting/monoscript/fileName/AbstractGoTween.cs: 3bdc69e313ad58745cd33c4b74e6a709 -> 
  custom:scripting/monoscript/fileName/GoSplineStraightLineSolver.cs: b6a3907f2ead3ba9ac17ad3fdd121ec9 -> 
  custom:scripting/monoscript/fileName/AbstractGoTweenCollection.cs: 61d9f5f358696a7942516ed78ffe7e98 -> 
  custom:scripting/monoscript/fileName/Vector3PathTweenProperty.cs: 94848aa2e96060cfeaf83844ee158f0c -> 
  custom:scripting/monoscript/fileName/Vector3ZTweenProperty.cs: 35595634a87246c4e13691b1563178c5 -> 
  custom:scripting/monoscript/fileName/AbstractTweenProperty.cs: c71b2ece20cb4e1e30772e574c806625 -> 
  custom:container-muxer-webm: aa71ff27fc2769a1b78a27578f13a17b -> 
  custom:scripting/monoscript/fileName/AbstractGoSplineSolver.cs: 788a6b8052af6ee0371d3a464e692d1b -> 
  custom:scripting/monoscript/fileName/GoTween.cs: 4df5a8b9fefcbd8a2b5d6fe6223ee62f -> 
  custom:scripting/monoscript/fileName/RotationTweenProperty.cs: 13e7fbd741208cd89873755249a873a9 -> 
========================================================================
Received Prepare
Begin MonoManager ReloadAssembly
- Loaded All Assemblies, in  0.272 seconds
Refreshing native plugins compatible for Editor in 1.16 ms, found 1 plugins.
Native extension for WindowsStandalone target not found
Native extension for Android target not found
Mono: successfully reloaded assembly
- Finished resetting the current domain, in  0.351 seconds
Domain Reload Profiling: 623ms
	BeginReloadAssembly (106ms)
		ExecutionOrderSort (0ms)
		DisableScriptedObjects (5ms)
		BackupInstance (0ms)
		ReleaseScriptingObjects (0ms)
		CreateAndSetChildDomain (18ms)
	RebuildCommonClasses (23ms)
	RebuildNativeTypeToScriptingClass (8ms)
	initialDomainReloadingComplete (19ms)
	LoadAllAssembliesAndSetupDomain (116ms)
		LoadAssemblies (166ms)
		RebuildTransferFunctionScriptingTraits (0ms)
		AnalyzeDomain (9ms)
			TypeCache.Refresh (4ms)
				TypeCache.ScanAssembly (0ms)
			ScanForSourceGeneratedMonoScriptInfo (0ms)
			ResolveRequiredComponents (4ms)
	FinalizeReload (351ms)
		ReleaseScriptCaches (0ms)
		RebuildScriptCaches (0ms)
		SetupLoadedEditorAssemblies (178ms)
			LogAssemblyErrors (0ms)
			InitializePlatformSupportModulesInManaged (16ms)
			SetLoadedEditorAssemblies (2ms)
			RefreshPlugins (0ms)
			BeforeProcessingInitializeOnLoad (33ms)
			ProcessInitializeOnLoadAttributes (111ms)
			ProcessInitializeOnLoadMethodAttributes (15ms)
			AfterProcessingInitializeOnLoad (2ms)
			EditorAssembliesLoaded (0ms)
		ExecutionOrderSort2 (0ms)
		AwakeInstancesAfterBackupRestoration (5ms)
Refreshing native plugins compatible for Editor in 1.18 ms, found 1 plugins.
Preloading 0 native plugins for Editor in 0.00 ms.
Unloading 2307 Unused Serialized files (Serialized files now loaded: 0)
Unloading 21 unused Assets / (26.9 KB). Loaded Objects now: 2811.
Memory consumption went from 104.4 MB to 104.4 MB.
Total: 2.375800 ms (FindLiveObjects: 0.153200 ms CreateObjectMapping: 0.046500 ms MarkObjects: 2.139700 ms  DeleteObjects: 0.035400 ms)

Prepare: number of updated asset objects reloaded= 0
AssetImportParameters requested are different than current active one (requested -> active):
  custom:scripting/monoscript/fileName/GoSmoothedVector3.cs: 3a6ceb396859da913cbecdd1940e0aa2 -> 
  custom:scripting/monoscript/fileName/EulerAnglesTweenProperty.cs: 7a2321a8c63f28c3857aa33414a11270 -> 
  custom:video-decoder-webm-vp8: 9c59270c3fd7afecdb556c50c9e8de78 -> 
  custom:scripting/monoscript/fileName/IGenericProperty.cs: f404e27010d8ce1a25f7cc2ac06431ac -> 
  custom:scripting/monoscript/fileName/GoEaseSinusoidal.cs: e637d6b7456e2acd06dfd152f10b71d1 -> 
  custom:scripting/monoscript/fileName/GoSplineCatmullRomSolver.cs: 8bbd4e9dc2722b25540d14d500b88879 -> 
  custom:scripting/monoscript/fileName/IntTweenProperty.cs: 1f39418055dd7708ff3b9e75a86d93a1 -> 
  custom:scripting/monoscript/fileName/Vector3YTweenProperty.cs: 2b996e9222bddad772657bb084e9da48 -> 
  custom:scripting/monoscript/fileName/GoEaseQuintic.cs: 672086238d051af0856016e64ad97204 -> 
  custom:scripting/monoscript/fileName/GoEaseCubic.cs: 7d74fd43480e52f793e3086826193b77 -> 
  custom:SearchIndexIgnoredProperties: e643bd26f0fe6173181afceb89e7c659 -> 
  custom:scripting/monoscript/fileName/GoSmoothedQuaternion.cs: 92de95a3ce149743e526859a8d0255c5 -> 
  custom:container-demuxer-ogg: 62fdf1f143b41e24485cea50d1cbac27 -> 
  custom:AudioImporter_EditorPlatform: d09bf68614088b80899f8185d706f6e7 -> 
  custom:scripting/monoscript/fileName/ShakeTweenProperty.cs: fdb713005206085d3b49cdd6b2d15f80 -> 
  custom:scripting/monoscript/fileName/Vector2TweenProperty.cs: d7a25a544d56d947d9526019347f1f6e -> 
  custom:scripting/monoscript/fileName/GoKitTweenExtensions.cs: 28ee7421c4d34eb9c057646838e28859 -> 
  custom:scripting/monoscript/fileName/Vector3XTweenProperty.cs: 9592582ea2f541a8cf92ba7dd7dd85f2 -> 
  custom:scripting/monoscript/fileName/Go.cs: 840adb47e0f4be71eeea7168442feb7d -> 
  custom:scripting/monoscript/fileName/ColorTweenProperty.cs: 94ba4bee52d153d3fd58a82d4cf8ce0c -> 
  custom:scripting/monoscript/fileName/GoEaseLinear.cs: b690756fd76817f101a31dcd50ae4adc -> 
  custom:scripting/monoscript/fileName/GoEaseExponential.cs: 8f890ce1f0130e8014d1a219fa0d7904 -> 
  custom:scripting/monoscript/fileName/ScaleTweenProperty.cs: 068e501b322923caa36166fe86d472e5 -> 
  custom:video-decoder-ogg-theora: a1e56fd34408186e4bbccfd4996cb3dc -> 
  custom:scripting/monoscript/fileName/GoSpline.cs: 8039f73cfdc174dc6ffa15343c307f29 -> 
  custom:scripting/monoscript/fileName/GoTweenFlow.cs: ce7a11a1fb9e8397b83cab3847ba7970 -> 
  custom:scripting/monoscript/fileName/GoEaseQuartic.cs: d34853ce84f33fe9033901002d4ff793 -> 
  custom:framework-win-MediaFoundation: 216162199b28c13a410421893ffa2e32 -> 
  custom:scripting/monoscript/fileName/GoEaseBounce.cs: e71b365170d63025c159c4756b1910b2 -> 
  custom:scripting/monoscript/fileName/GoSplineQuadraticBezierSolver.cs: 44dee8c5fd496e5eb749f54d83d1397e -> 
  custom:scripting/monoscript/fileName/GoEaseQuadratic.cs: e3ed230c2d29b99c6f642587e4ad0e5d -> 
  custom:scripting/monoscript/fileName/MaterialColorTweenProperty.cs: f6d4ed9537ac95d7564838fa4e660e7d -> 
  custom:scripting/monoscript/fileName/GoEaseCircular.cs: 84a2009340e8431314db7056edf1bd68 -> 
  custom:scripting/monoscript/fileName/PositionPathTweenProperty.cs: efde40660de14fd7cd1ede2fa47e9837 -> 
  custom:video-encoder-webm-vp8: eb34c28f22e8b96e1ab97ce403110664 -> 
  custom:scripting/monoscript/fileName/FloatTweenProperty.cs: 48aea3a8bbe79ca6e0baa81dc186bdfd -> 
  custom:scripting/monoscript/fileName/GoTweenChain.cs: f9995827e6ddafabc43c1b0e0dcfd886 -> 
  custom:scripting/monoscript/fileName/GoTweenCollectionConfig.cs: 37c99bdc8dc674650bd69bc44bb2e57b -> 
  custom:audio-decoder-ogg-vorbis: bf7c407c2cedff20999df2af8eb42d56 -> 
  custom:scripting/monoscript/fileName/AbstractQuaternionTweenProperty.cs: 65ceda31db804ab1e0e34f0e48afa285 -> 
  custom:scripting/monoscript/fileName/AbstractColorTweenProperty.cs: bba0da230ed56fc0a25af92f6a3e377e -> 
  custom:scripting/monoscript/fileName/AbstractVector3TweenProperty.cs: 6aa4defef7531529f4ddc1516936e2e3 -> 
  custom:CustomObjectIndexerAttribute: 9a22284fe3817be447336de3de66b15e -> 
  custom:scripting/monoscript/fileName/Vector4TweenProperty.cs: 18bb73739ede80588b5bfadcee873907 -> 
  custom:scripting/monoscript/fileName/GoEaseBack.cs: 3f6e00793ada35f633abc2146480990e -> 
  custom:container-demuxer-webm: 4f35f7cbe854078d1ac9338744f61a02 -> 
  custom:scripting/monoscript/fileName/GoTweenConfig.cs: 5b3154c82824c20addf84e8652f51cfe -> 
  custom:scripting/monoscript/fileName/RotationQuaternionTweenProperty.cs: e0d94af0c913b0be4cd670833a2cda91 -> 
  custom:scripting/monoscript/fileName/GoTweenUtils.cs: 867d37edf69335bc6e54784197f28064 -> 
  custom:scripting/monoscript/fileName/GoSplineCubicBezierSolver.cs: 6d81419c64f7c334f4359254f1cbade0 -> 
  custom:audio-encoder-webm-vorbis: bf7c407c2cedff20999df2af8eb42d56 -> 
  custom:scripting/monoscript/fileName/ScalePathTweenProperty.cs: 816c1a788eca415c60d1b7e87fb103fe -> 
  custom:scripting/monoscript/fileName/GoEaseElastic.cs: f0cafb366ac4251d5c35fe413d3f62f6 -> 
  custom:scripting/monoscript/fileName/GoDummyPath.cs: a21201ab2fac2187e4faeaf08bb4ec90 -> 
  custom:scripting/monoscript/fileName/PositionTweenProperty.cs: e367a96b2cbc0b819bff5d0620f4b258 -> 
  custom:scripting/monoscript/fileName/Vector3TweenProperty.cs: 8e9f9d7bb7b15068d97f4d593f097c86 -> 
  custom:scripting/monoscript/fileName/AbstractGoTween.cs: 3bdc69e313ad58745cd33c4b74e6a709 -> 
  custom:scripting/monoscript/fileName/GoSplineStraightLineSolver.cs: b6a3907f2ead3ba9ac17ad3fdd121ec9 -> 
  custom:scripting/monoscript/fileName/AbstractGoTweenCollection.cs: 61d9f5f358696a7942516ed78ffe7e98 -> 
  custom:scripting/monoscript/fileName/Vector3PathTweenProperty.cs: 94848aa2e96060cfeaf83844ee158f0c -> 
  custom:scripting/monoscript/fileName/Vector3ZTweenProperty.cs: 35595634a87246c4e13691b1563178c5 -> 
  custom:scripting/monoscript/fileName/AbstractTweenProperty.cs: c71b2ece20cb4e1e30772e574c806625 -> 
  custom:container-muxer-webm: aa71ff27fc2769a1b78a27578f13a17b -> 
  custom:scripting/monoscript/fileName/AbstractGoSplineSolver.cs: 788a6b8052af6ee0371d3a464e692d1b -> 
  custom:scripting/monoscript/fileName/GoTween.cs: 4df5a8b9fefcbd8a2b5d6fe6223ee62f -> 
  custom:scripting/monoscript/fileName/RotationTweenProperty.cs: 13e7fbd741208cd89873755249a873a9 -> 
========================================================================
Received Prepare
Begin MonoManager ReloadAssembly
- Loaded All Assemblies, in  0.268 seconds
Refreshing native plugins compatible for Editor in 1.01 ms, found 1 plugins.
Native extension for WindowsStandalone target not found
Native extension for Android target not found
Mono: successfully reloaded assembly
- Finished resetting the current domain, in  0.347 seconds
Domain Reload Profiling: 615ms
	BeginReloadAssembly (104ms)
		ExecutionOrderSort (0ms)
		DisableScriptedObjects (4ms)
		BackupInstance (0ms)
		ReleaseScriptingObjects (0ms)
		CreateAndSetChildDomain (16ms)
	RebuildCommonClasses (23ms)
	RebuildNativeTypeToScriptingClass (8ms)
	initialDomainReloadingComplete (18ms)
	LoadAllAssembliesAndSetupDomain (115ms)
		LoadAssemblies (168ms)
		RebuildTransferFunctionScriptingTraits (0ms)
		AnalyzeDomain (9ms)
			TypeCache.Refresh (4ms)
				TypeCache.ScanAssembly (0ms)
			ScanForSourceGeneratedMonoScriptInfo (0ms)
			ResolveRequiredComponents (4ms)
	FinalizeReload (347ms)
		ReleaseScriptCaches (0ms)
		RebuildScriptCaches (0ms)
		SetupLoadedEditorAssemblies (176ms)
			LogAssemblyErrors (0ms)
			InitializePlatformSupportModulesInManaged (19ms)
			SetLoadedEditorAssemblies (2ms)
			RefreshPlugins (0ms)
			BeforeProcessingInitializeOnLoad (35ms)
			ProcessInitializeOnLoadAttributes (102ms)
			ProcessInitializeOnLoadMethodAttributes (17ms)
			AfterProcessingInitializeOnLoad (2ms)
			EditorAssembliesLoaded (0ms)
		ExecutionOrderSort2 (0ms)
		AwakeInstancesAfterBackupRestoration (4ms)
Refreshing native plugins compatible for Editor in 1.09 ms, found 1 plugins.
Preloading 0 native plugins for Editor in 0.00 ms.
Unloading 2307 Unused Serialized files (Serialized files now loaded: 0)
Unloading 21 unused Assets / (27.0 KB). Loaded Objects now: 2814.
Memory consumption went from 104.4 MB to 104.4 MB.
Total: 1.878900 ms (FindLiveObjects: 0.134000 ms CreateObjectMapping: 0.050600 ms MarkObjects: 1.658200 ms  DeleteObjects: 0.035200 ms)

Prepare: number of updated asset objects reloaded= 0
AssetImportParameters requested are different than current active one (requested -> active):
  custom:scripting/monoscript/fileName/GoSmoothedVector3.cs: 3a6ceb396859da913cbecdd1940e0aa2 -> 
  custom:scripting/monoscript/fileName/EulerAnglesTweenProperty.cs: 7a2321a8c63f28c3857aa33414a11270 -> 
  custom:video-decoder-webm-vp8: 9c59270c3fd7afecdb556c50c9e8de78 -> 
  custom:scripting/monoscript/fileName/IGenericProperty.cs: f404e27010d8ce1a25f7cc2ac06431ac -> 
  custom:scripting/monoscript/fileName/GoEaseSinusoidal.cs: e637d6b7456e2acd06dfd152f10b71d1 -> 
  custom:scripting/monoscript/fileName/GoSplineCatmullRomSolver.cs: 8bbd4e9dc2722b25540d14d500b88879 -> 
  custom:scripting/monoscript/fileName/IntTweenProperty.cs: 1f39418055dd7708ff3b9e75a86d93a1 -> 
  custom:scripting/monoscript/fileName/Vector3YTweenProperty.cs: 2b996e9222bddad772657bb084e9da48 -> 
  custom:scripting/monoscript/fileName/GoEaseQuintic.cs: 672086238d051af0856016e64ad97204 -> 
  custom:scripting/monoscript/fileName/GoEaseCubic.cs: 7d74fd43480e52f793e3086826193b77 -> 
  custom:SearchIndexIgnoredProperties: e643bd26f0fe6173181afceb89e7c659 -> 
  custom:scripting/monoscript/fileName/GoSmoothedQuaternion.cs: 92de95a3ce149743e526859a8d0255c5 -> 
  custom:container-demuxer-ogg: 62fdf1f143b41e24485cea50d1cbac27 -> 
  custom:AudioImporter_EditorPlatform: d09bf68614088b80899f8185d706f6e7 -> 
  custom:scripting/monoscript/fileName/ShakeTweenProperty.cs: fdb713005206085d3b49cdd6b2d15f80 -> 
  custom:scripting/monoscript/fileName/Vector2TweenProperty.cs: d7a25a544d56d947d9526019347f1f6e -> 
  custom:scripting/monoscript/fileName/GoKitTweenExtensions.cs: 28ee7421c4d34eb9c057646838e28859 -> 
  custom:scripting/monoscript/fileName/Vector3XTweenProperty.cs: 9592582ea2f541a8cf92ba7dd7dd85f2 -> 
  custom:scripting/monoscript/fileName/Go.cs: 840adb47e0f4be71eeea7168442feb7d -> 
  custom:scripting/monoscript/fileName/ColorTweenProperty.cs: 94ba4bee52d153d3fd58a82d4cf8ce0c -> 
  custom:scripting/monoscript/fileName/GoEaseLinear.cs: b690756fd76817f101a31dcd50ae4adc -> 
  custom:scripting/monoscript/fileName/GoEaseExponential.cs: 8f890ce1f0130e8014d1a219fa0d7904 -> 
  custom:scripting/monoscript/fileName/ScaleTweenProperty.cs: 068e501b322923caa36166fe86d472e5 -> 
  custom:video-decoder-ogg-theora: a1e56fd34408186e4bbccfd4996cb3dc -> 
  custom:scripting/monoscript/fileName/GoSpline.cs: 8039f73cfdc174dc6ffa15343c307f29 -> 
  custom:scripting/monoscript/fileName/GoTweenFlow.cs: ce7a11a1fb9e8397b83cab3847ba7970 -> 
  custom:scripting/monoscript/fileName/GoEaseQuartic.cs: d34853ce84f33fe9033901002d4ff793 -> 
  custom:framework-win-MediaFoundation: 216162199b28c13a410421893ffa2e32 -> 
  custom:scripting/monoscript/fileName/GoEaseBounce.cs: e71b365170d63025c159c4756b1910b2 -> 
  custom:scripting/monoscript/fileName/GoSplineQuadraticBezierSolver.cs: 44dee8c5fd496e5eb749f54d83d1397e -> 
  custom:scripting/monoscript/fileName/GoEaseQuadratic.cs: e3ed230c2d29b99c6f642587e4ad0e5d -> 
  custom:scripting/monoscript/fileName/MaterialColorTweenProperty.cs: f6d4ed9537ac95d7564838fa4e660e7d -> 
  custom:scripting/monoscript/fileName/GoEaseCircular.cs: 84a2009340e8431314db7056edf1bd68 -> 
  custom:scripting/monoscript/fileName/PositionPathTweenProperty.cs: efde40660de14fd7cd1ede2fa47e9837 -> 
  custom:video-encoder-webm-vp8: eb34c28f22e8b96e1ab97ce403110664 -> 
  custom:scripting/monoscript/fileName/FloatTweenProperty.cs: 48aea3a8bbe79ca6e0baa81dc186bdfd -> 
  custom:scripting/monoscript/fileName/GoTweenChain.cs: f9995827e6ddafabc43c1b0e0dcfd886 -> 
  custom:scripting/monoscript/fileName/GoTweenCollectionConfig.cs: 37c99bdc8dc674650bd69bc44bb2e57b -> 
  custom:audio-decoder-ogg-vorbis: bf7c407c2cedff20999df2af8eb42d56 -> 
  custom:scripting/monoscript/fileName/AbstractQuaternionTweenProperty.cs: 65ceda31db804ab1e0e34f0e48afa285 -> 
  custom:scripting/monoscript/fileName/AbstractColorTweenProperty.cs: bba0da230ed56fc0a25af92f6a3e377e -> 
  custom:scripting/monoscript/fileName/AbstractVector3TweenProperty.cs: 6aa4defef7531529f4ddc1516936e2e3 -> 
  custom:CustomObjectIndexerAttribute: 9a22284fe3817be447336de3de66b15e -> 
  custom:scripting/monoscript/fileName/Vector4TweenProperty.cs: 18bb73739ede80588b5bfadcee873907 -> 
  custom:scripting/monoscript/fileName/GoEaseBack.cs: 3f6e00793ada35f633abc2146480990e -> 
  custom:container-demuxer-webm: 4f35f7cbe854078d1ac9338744f61a02 -> 
  custom:scripting/monoscript/fileName/GoTweenConfig.cs: 5b3154c82824c20addf84e8652f51cfe -> 
  custom:scripting/monoscript/fileName/RotationQuaternionTweenProperty.cs: e0d94af0c913b0be4cd670833a2cda91 -> 
  custom:scripting/monoscript/fileName/GoTweenUtils.cs: 867d37edf69335bc6e54784197f28064 -> 
  custom:scripting/monoscript/fileName/GoSplineCubicBezierSolver.cs: 6d81419c64f7c334f4359254f1cbade0 -> 
  custom:audio-encoder-webm-vorbis: bf7c407c2cedff20999df2af8eb42d56 -> 
  custom:scripting/monoscript/fileName/ScalePathTweenProperty.cs: 816c1a788eca415c60d1b7e87fb103fe -> 
  custom:scripting/monoscript/fileName/GoEaseElastic.cs: f0cafb366ac4251d5c35fe413d3f62f6 -> 
  custom:scripting/monoscript/fileName/GoDummyPath.cs: a21201ab2fac2187e4faeaf08bb4ec90 -> 
  custom:scripting/monoscript/fileName/PositionTweenProperty.cs: e367a96b2cbc0b819bff5d0620f4b258 -> 
  custom:scripting/monoscript/fileName/Vector3TweenProperty.cs: 8e9f9d7bb7b15068d97f4d593f097c86 -> 
  custom:scripting/monoscript/fileName/AbstractGoTween.cs: 3bdc69e313ad58745cd33c4b74e6a709 -> 
  custom:scripting/monoscript/fileName/GoSplineStraightLineSolver.cs: b6a3907f2ead3ba9ac17ad3fdd121ec9 -> 
  custom:scripting/monoscript/fileName/AbstractGoTweenCollection.cs: 61d9f5f358696a7942516ed78ffe7e98 -> 
  custom:scripting/monoscript/fileName/Vector3PathTweenProperty.cs: 94848aa2e96060cfeaf83844ee158f0c -> 
  custom:scripting/monoscript/fileName/Vector3ZTweenProperty.cs: 35595634a87246c4e13691b1563178c5 -> 
  custom:scripting/monoscript/fileName/AbstractTweenProperty.cs: c71b2ece20cb4e1e30772e574c806625 -> 
  custom:container-muxer-webm: aa71ff27fc2769a1b78a27578f13a17b -> 
  custom:scripting/monoscript/fileName/AbstractGoSplineSolver.cs: 788a6b8052af6ee0371d3a464e692d1b -> 
  custom:scripting/monoscript/fileName/GoTween.cs: 4df5a8b9fefcbd8a2b5d6fe6223ee62f -> 
  custom:scripting/monoscript/fileName/RotationTweenProperty.cs: 13e7fbd741208cd89873755249a873a9 -> 
========================================================================
Received Prepare
Begin MonoManager ReloadAssembly
- Loaded All Assemblies, in  0.272 seconds
Refreshing native plugins compatible for Editor in 1.01 ms, found 1 plugins.
Native extension for WindowsStandalone target not found
Native extension for Android target not found
Mono: successfully reloaded assembly
- Finished resetting the current domain, in  0.352 seconds
Domain Reload Profiling: 624ms
	BeginReloadAssembly (105ms)
		ExecutionOrderSort (0ms)
		DisableScriptedObjects (4ms)
		BackupInstance (0ms)
		ReleaseScriptingObjects (0ms)
		CreateAndSetChildDomain (18ms)
	RebuildCommonClasses (25ms)
	RebuildNativeTypeToScriptingClass (13ms)
	initialDomainReloadingComplete (17ms)
	LoadAllAssembliesAndSetupDomain (112ms)
		LoadAssemblies (161ms)
		RebuildTransferFunctionScriptingTraits (0ms)
		AnalyzeDomain (11ms)
			TypeCache.Refresh (4ms)
				TypeCache.ScanAssembly (0ms)
			ScanForSourceGeneratedMonoScriptInfo (0ms)
			ResolveRequiredComponents (5ms)
	FinalizeReload (353ms)
		ReleaseScriptCaches (0ms)
		RebuildScriptCaches (0ms)
		SetupLoadedEditorAssemblies (181ms)
			LogAssemblyErrors (0ms)
			InitializePlatformSupportModulesInManaged (16ms)
			SetLoadedEditorAssemblies (2ms)
			RefreshPlugins (0ms)
			BeforeProcessingInitializeOnLoad (33ms)
			ProcessInitializeOnLoadAttributes (114ms)
			ProcessInitializeOnLoadMethodAttributes (15ms)
			AfterProcessingInitializeOnLoad (2ms)
			EditorAssembliesLoaded (0ms)
		ExecutionOrderSort2 (0ms)
		AwakeInstancesAfterBackupRestoration (5ms)
Refreshing native plugins compatible for Editor in 1.15 ms, found 1 plugins.
Preloading 0 native plugins for Editor in 0.00 ms.
Unloading 2307 Unused Serialized files (Serialized files now loaded: 0)
Unloading 21 unused Assets / (26.9 KB). Loaded Objects now: 2817.
Memory consumption went from 104.4 MB to 104.4 MB.
Total: 2.178400 ms (FindLiveObjects: 0.164100 ms CreateObjectMapping: 0.055800 ms MarkObjects: 1.922100 ms  DeleteObjects: 0.035400 ms)

Prepare: number of updated asset objects reloaded= 0
AssetImportParameters requested are different than current active one (requested -> active):
  custom:scripting/monoscript/fileName/GoSmoothedVector3.cs: 3a6ceb396859da913cbecdd1940e0aa2 -> 
  custom:scripting/monoscript/fileName/EulerAnglesTweenProperty.cs: 7a2321a8c63f28c3857aa33414a11270 -> 
  custom:video-decoder-webm-vp8: 9c59270c3fd7afecdb556c50c9e8de78 -> 
  custom:scripting/monoscript/fileName/IGenericProperty.cs: f404e27010d8ce1a25f7cc2ac06431ac -> 
  custom:scripting/monoscript/fileName/GoEaseSinusoidal.cs: e637d6b7456e2acd06dfd152f10b71d1 -> 
  custom:scripting/monoscript/fileName/GoSplineCatmullRomSolver.cs: 8bbd4e9dc2722b25540d14d500b88879 -> 
  custom:scripting/monoscript/fileName/IntTweenProperty.cs: 1f39418055dd7708ff3b9e75a86d93a1 -> 
  custom:scripting/monoscript/fileName/Vector3YTweenProperty.cs: 2b996e9222bddad772657bb084e9da48 -> 
  custom:scripting/monoscript/fileName/GoEaseQuintic.cs: 672086238d051af0856016e64ad97204 -> 
  custom:scripting/monoscript/fileName/GoEaseCubic.cs: 7d74fd43480e52f793e3086826193b77 -> 
  custom:SearchIndexIgnoredProperties: e643bd26f0fe6173181afceb89e7c659 -> 
  custom:scripting/monoscript/fileName/GoSmoothedQuaternion.cs: 92de95a3ce149743e526859a8d0255c5 -> 
  custom:container-demuxer-ogg: 62fdf1f143b41e24485cea50d1cbac27 -> 
  custom:AudioImporter_EditorPlatform: d09bf68614088b80899f8185d706f6e7 -> 
  custom:scripting/monoscript/fileName/ShakeTweenProperty.cs: fdb713005206085d3b49cdd6b2d15f80 -> 
  custom:scripting/monoscript/fileName/Vector2TweenProperty.cs: d7a25a544d56d947d9526019347f1f6e -> 
  custom:scripting/monoscript/fileName/GoKitTweenExtensions.cs: 28ee7421c4d34eb9c057646838e28859 -> 
  custom:scripting/monoscript/fileName/Vector3XTweenProperty.cs: 9592582ea2f541a8cf92ba7dd7dd85f2 -> 
  custom:scripting/monoscript/fileName/Go.cs: 840adb47e0f4be71eeea7168442feb7d -> 
  custom:scripting/monoscript/fileName/ColorTweenProperty.cs: 94ba4bee52d153d3fd58a82d4cf8ce0c -> 
  custom:scripting/monoscript/fileName/GoEaseLinear.cs: b690756fd76817f101a31dcd50ae4adc -> 
  custom:scripting/monoscript/fileName/GoEaseExponential.cs: 8f890ce1f0130e8014d1a219fa0d7904 -> 
  custom:scripting/monoscript/fileName/ScaleTweenProperty.cs: 068e501b322923caa36166fe86d472e5 -> 
  custom:video-decoder-ogg-theora: a1e56fd34408186e4bbccfd4996cb3dc -> 
  custom:scripting/monoscript/fileName/GoSpline.cs: 8039f73cfdc174dc6ffa15343c307f29 -> 
  custom:scripting/monoscript/fileName/GoTweenFlow.cs: ce7a11a1fb9e8397b83cab3847ba7970 -> 
  custom:scripting/monoscript/fileName/GoEaseQuartic.cs: d34853ce84f33fe9033901002d4ff793 -> 
  custom:framework-win-MediaFoundation: 216162199b28c13a410421893ffa2e32 -> 
  custom:scripting/monoscript/fileName/GoEaseBounce.cs: e71b365170d63025c159c4756b1910b2 -> 
  custom:scripting/monoscript/fileName/GoSplineQuadraticBezierSolver.cs: 44dee8c5fd496e5eb749f54d83d1397e -> 
  custom:scripting/monoscript/fileName/GoEaseQuadratic.cs: e3ed230c2d29b99c6f642587e4ad0e5d -> 
  custom:scripting/monoscript/fileName/MaterialColorTweenProperty.cs: f6d4ed9537ac95d7564838fa4e660e7d -> 
  custom:scripting/monoscript/fileName/GoEaseCircular.cs: 84a2009340e8431314db7056edf1bd68 -> 
  custom:scripting/monoscript/fileName/PositionPathTweenProperty.cs: efde40660de14fd7cd1ede2fa47e9837 -> 
  custom:video-encoder-webm-vp8: eb34c28f22e8b96e1ab97ce403110664 -> 
  custom:scripting/monoscript/fileName/FloatTweenProperty.cs: 48aea3a8bbe79ca6e0baa81dc186bdfd -> 
  custom:scripting/monoscript/fileName/GoTweenChain.cs: f9995827e6ddafabc43c1b0e0dcfd886 -> 
  custom:scripting/monoscript/fileName/GoTweenCollectionConfig.cs: 37c99bdc8dc674650bd69bc44bb2e57b -> 
  custom:audio-decoder-ogg-vorbis: bf7c407c2cedff20999df2af8eb42d56 -> 
  custom:scripting/monoscript/fileName/AbstractQuaternionTweenProperty.cs: 65ceda31db804ab1e0e34f0e48afa285 -> 
  custom:scripting/monoscript/fileName/AbstractColorTweenProperty.cs: bba0da230ed56fc0a25af92f6a3e377e -> 
  custom:scripting/monoscript/fileName/AbstractVector3TweenProperty.cs: 6aa4defef7531529f4ddc1516936e2e3 -> 
  custom:CustomObjectIndexerAttribute: 9a22284fe3817be447336de3de66b15e -> 
  custom:scripting/monoscript/fileName/Vector4TweenProperty.cs: 18bb73739ede80588b5bfadcee873907 -> 
  custom:scripting/monoscript/fileName/GoEaseBack.cs: 3f6e00793ada35f633abc2146480990e -> 
  custom:container-demuxer-webm: 4f35f7cbe854078d1ac9338744f61a02 -> 
  custom:scripting/monoscript/fileName/GoTweenConfig.cs: 5b3154c82824c20addf84e8652f51cfe -> 
  custom:scripting/monoscript/fileName/RotationQuaternionTweenProperty.cs: e0d94af0c913b0be4cd670833a2cda91 -> 
  custom:scripting/monoscript/fileName/GoTweenUtils.cs: 867d37edf69335bc6e54784197f28064 -> 
  custom:scripting/monoscript/fileName/GoSplineCubicBezierSolver.cs: 6d81419c64f7c334f4359254f1cbade0 -> 
  custom:audio-encoder-webm-vorbis: bf7c407c2cedff20999df2af8eb42d56 -> 
  custom:scripting/monoscript/fileName/ScalePathTweenProperty.cs: 816c1a788eca415c60d1b7e87fb103fe -> 
  custom:scripting/monoscript/fileName/GoEaseElastic.cs: f0cafb366ac4251d5c35fe413d3f62f6 -> 
  custom:scripting/monoscript/fileName/GoDummyPath.cs: a21201ab2fac2187e4faeaf08bb4ec90 -> 
  custom:scripting/monoscript/fileName/PositionTweenProperty.cs: e367a96b2cbc0b819bff5d0620f4b258 -> 
  custom:scripting/monoscript/fileName/Vector3TweenProperty.cs: 8e9f9d7bb7b15068d97f4d593f097c86 -> 
  custom:scripting/monoscript/fileName/AbstractGoTween.cs: 3bdc69e313ad58745cd33c4b74e6a709 -> 
  custom:scripting/monoscript/fileName/GoSplineStraightLineSolver.cs: b6a3907f2ead3ba9ac17ad3fdd121ec9 -> 
  custom:scripting/monoscript/fileName/AbstractGoTweenCollection.cs: 61d9f5f358696a7942516ed78ffe7e98 -> 
  custom:scripting/monoscript/fileName/Vector3PathTweenProperty.cs: 94848aa2e96060cfeaf83844ee158f0c -> 
  custom:scripting/monoscript/fileName/Vector3ZTweenProperty.cs: 35595634a87246c4e13691b1563178c5 -> 
  custom:scripting/monoscript/fileName/AbstractTweenProperty.cs: c71b2ece20cb4e1e30772e574c806625 -> 
  custom:container-muxer-webm: aa71ff27fc2769a1b78a27578f13a17b -> 
  custom:scripting/monoscript/fileName/AbstractGoSplineSolver.cs: 788a6b8052af6ee0371d3a464e692d1b -> 
  custom:scripting/monoscript/fileName/GoTween.cs: 4df5a8b9fefcbd8a2b5d6fe6223ee62f -> 
  custom:scripting/monoscript/fileName/RotationTweenProperty.cs: 13e7fbd741208cd89873755249a873a9 -> 
========================================================================
Received Prepare
Begin MonoManager ReloadAssembly
- Loaded All Assemblies, in  0.277 seconds
Refreshing native plugins compatible for Editor in 1.07 ms, found 1 plugins.
Native extension for WindowsStandalone target not found
Native extension for Android target not found
Mono: successfully reloaded assembly
- Finished resetting the current domain, in  0.364 seconds
Domain Reload Profiling: 641ms
	BeginReloadAssembly (106ms)
		ExecutionOrderSort (0ms)
		DisableScriptedObjects (4ms)
		BackupInstance (0ms)
		ReleaseScriptingObjects (0ms)
		CreateAndSetChildDomain (21ms)
	RebuildCommonClasses (24ms)
	RebuildNativeTypeToScriptingClass (8ms)
	initialDomainReloadingComplete (21ms)
	LoadAllAssembliesAndSetupDomain (117ms)
		LoadAssemblies (167ms)
		RebuildTransferFunctionScriptingTraits (0ms)
		AnalyzeDomain (9ms)
			TypeCache.Refresh (4ms)
				TypeCache.ScanAssembly (0ms)
			ScanForSourceGeneratedMonoScriptInfo (0ms)
			ResolveRequiredComponents (4ms)
	FinalizeReload (365ms)
		ReleaseScriptCaches (0ms)
		RebuildScriptCaches (0ms)
		SetupLoadedEditorAssemblies (186ms)
			LogAssemblyErrors (0ms)
			InitializePlatformSupportModulesInManaged (21ms)
			SetLoadedEditorAssemblies (2ms)
			RefreshPlugins (0ms)
			BeforeProcessingInitializeOnLoad (35ms)
			ProcessInitializeOnLoadAttributes (106ms)
			ProcessInitializeOnLoadMethodAttributes (19ms)
			AfterProcessingInitializeOnLoad (2ms)
			EditorAssembliesLoaded (0ms)
		ExecutionOrderSort2 (0ms)
		AwakeInstancesAfterBackupRestoration (5ms)
Refreshing native plugins compatible for Editor in 1.02 ms, found 1 plugins.
Preloading 0 native plugins for Editor in 0.00 ms.
Unloading 2307 Unused Serialized files (Serialized files now loaded: 0)
Unloading 21 unused Assets / (26.9 KB). Loaded Objects now: 2820.
Memory consumption went from 104.4 MB to 104.4 MB.
Total: 1.778100 ms (FindLiveObjects: 0.154100 ms CreateObjectMapping: 0.062900 ms MarkObjects: 1.525200 ms  DeleteObjects: 0.035000 ms)

Prepare: number of updated asset objects reloaded= 0
AssetImportParameters requested are different than current active one (requested -> active):
  custom:scripting/monoscript/fileName/GoSmoothedVector3.cs: 3a6ceb396859da913cbecdd1940e0aa2 -> 
  custom:scripting/monoscript/fileName/EulerAnglesTweenProperty.cs: 7a2321a8c63f28c3857aa33414a11270 -> 
  custom:video-decoder-webm-vp8: 9c59270c3fd7afecdb556c50c9e8de78 -> 
  custom:scripting/monoscript/fileName/IGenericProperty.cs: f404e27010d8ce1a25f7cc2ac06431ac -> 
  custom:scripting/monoscript/fileName/GoEaseSinusoidal.cs: e637d6b7456e2acd06dfd152f10b71d1 -> 
  custom:scripting/monoscript/fileName/GoSplineCatmullRomSolver.cs: 8bbd4e9dc2722b25540d14d500b88879 -> 
  custom:scripting/monoscript/fileName/IntTweenProperty.cs: 1f39418055dd7708ff3b9e75a86d93a1 -> 
  custom:scripting/monoscript/fileName/Vector3YTweenProperty.cs: 2b996e9222bddad772657bb084e9da48 -> 
  custom:scripting/monoscript/fileName/GoEaseQuintic.cs: 672086238d051af0856016e64ad97204 -> 
  custom:scripting/monoscript/fileName/GoEaseCubic.cs: 7d74fd43480e52f793e3086826193b77 -> 
  custom:SearchIndexIgnoredProperties: e643bd26f0fe6173181afceb89e7c659 -> 
  custom:scripting/monoscript/fileName/GoSmoothedQuaternion.cs: 92de95a3ce149743e526859a8d0255c5 -> 
  custom:container-demuxer-ogg: 62fdf1f143b41e24485cea50d1cbac27 -> 
  custom:AudioImporter_EditorPlatform: d09bf68614088b80899f8185d706f6e7 -> 
  custom:scripting/monoscript/fileName/ShakeTweenProperty.cs: fdb713005206085d3b49cdd6b2d15f80 -> 
  custom:scripting/monoscript/fileName/Vector2TweenProperty.cs: d7a25a544d56d947d9526019347f1f6e -> 
  custom:scripting/monoscript/fileName/GoKitTweenExtensions.cs: 28ee7421c4d34eb9c057646838e28859 -> 
  custom:scripting/monoscript/fileName/Vector3XTweenProperty.cs: 9592582ea2f541a8cf92ba7dd7dd85f2 -> 
  custom:scripting/monoscript/fileName/Go.cs: 840adb47e0f4be71eeea7168442feb7d -> 
  custom:scripting/monoscript/fileName/ColorTweenProperty.cs: 94ba4bee52d153d3fd58a82d4cf8ce0c -> 
  custom:scripting/monoscript/fileName/GoEaseLinear.cs: b690756fd76817f101a31dcd50ae4adc -> 
  custom:scripting/monoscript/fileName/GoEaseExponential.cs: 8f890ce1f0130e8014d1a219fa0d7904 -> 
  custom:scripting/monoscript/fileName/ScaleTweenProperty.cs: 068e501b322923caa36166fe86d472e5 -> 
  custom:video-decoder-ogg-theora: a1e56fd34408186e4bbccfd4996cb3dc -> 
  custom:scripting/monoscript/fileName/GoSpline.cs: 8039f73cfdc174dc6ffa15343c307f29 -> 
  custom:scripting/monoscript/fileName/GoTweenFlow.cs: ce7a11a1fb9e8397b83cab3847ba7970 -> 
  custom:scripting/monoscript/fileName/GoEaseQuartic.cs: d34853ce84f33fe9033901002d4ff793 -> 
  custom:framework-win-MediaFoundation: 216162199b28c13a410421893ffa2e32 -> 
  custom:scripting/monoscript/fileName/GoEaseBounce.cs: e71b365170d63025c159c4756b1910b2 -> 
  custom:scripting/monoscript/fileName/GoSplineQuadraticBezierSolver.cs: 44dee8c5fd496e5eb749f54d83d1397e -> 
  custom:scripting/monoscript/fileName/GoEaseQuadratic.cs: e3ed230c2d29b99c6f642587e4ad0e5d -> 
  custom:scripting/monoscript/fileName/MaterialColorTweenProperty.cs: f6d4ed9537ac95d7564838fa4e660e7d -> 
  custom:scripting/monoscript/fileName/GoEaseCircular.cs: 84a2009340e8431314db7056edf1bd68 -> 
  custom:scripting/monoscript/fileName/PositionPathTweenProperty.cs: efde40660de14fd7cd1ede2fa47e9837 -> 
  custom:video-encoder-webm-vp8: eb34c28f22e8b96e1ab97ce403110664 -> 
  custom:scripting/monoscript/fileName/FloatTweenProperty.cs: 48aea3a8bbe79ca6e0baa81dc186bdfd -> 
  custom:scripting/monoscript/fileName/GoTweenChain.cs: f9995827e6ddafabc43c1b0e0dcfd886 -> 
  custom:scripting/monoscript/fileName/GoTweenCollectionConfig.cs: 37c99bdc8dc674650bd69bc44bb2e57b -> 
  custom:audio-decoder-ogg-vorbis: bf7c407c2cedff20999df2af8eb42d56 -> 
  custom:scripting/monoscript/fileName/AbstractQuaternionTweenProperty.cs: 65ceda31db804ab1e0e34f0e48afa285 -> 
  custom:scripting/monoscript/fileName/AbstractColorTweenProperty.cs: bba0da230ed56fc0a25af92f6a3e377e -> 
  custom:scripting/monoscript/fileName/AbstractVector3TweenProperty.cs: 6aa4defef7531529f4ddc1516936e2e3 -> 
  custom:CustomObjectIndexerAttribute: 9a22284fe3817be447336de3de66b15e -> 
  custom:scripting/monoscript/fileName/Vector4TweenProperty.cs: 18bb73739ede80588b5bfadcee873907 -> 
  custom:scripting/monoscript/fileName/GoEaseBack.cs: 3f6e00793ada35f633abc2146480990e -> 
  custom:container-demuxer-webm: 4f35f7cbe854078d1ac9338744f61a02 -> 
  custom:scripting/monoscript/fileName/GoTweenConfig.cs: 5b3154c82824c20addf84e8652f51cfe -> 
  custom:scripting/monoscript/fileName/RotationQuaternionTweenProperty.cs: e0d94af0c913b0be4cd670833a2cda91 -> 
  custom:scripting/monoscript/fileName/GoTweenUtils.cs: 867d37edf69335bc6e54784197f28064 -> 
  custom:scripting/monoscript/fileName/GoSplineCubicBezierSolver.cs: 6d81419c64f7c334f4359254f1cbade0 -> 
  custom:audio-encoder-webm-vorbis: bf7c407c2cedff20999df2af8eb42d56 -> 
  custom:scripting/monoscript/fileName/ScalePathTweenProperty.cs: 816c1a788eca415c60d1b7e87fb103fe -> 
  custom:scripting/monoscript/fileName/GoEaseElastic.cs: f0cafb366ac4251d5c35fe413d3f62f6 -> 
  custom:scripting/monoscript/fileName/GoDummyPath.cs: a21201ab2fac2187e4faeaf08bb4ec90 -> 
  custom:scripting/monoscript/fileName/PositionTweenProperty.cs: e367a96b2cbc0b819bff5d0620f4b258 -> 
  custom:scripting/monoscript/fileName/Vector3TweenProperty.cs: 8e9f9d7bb7b15068d97f4d593f097c86 -> 
  custom:scripting/monoscript/fileName/AbstractGoTween.cs: 3bdc69e313ad58745cd33c4b74e6a709 -> 
  custom:scripting/monoscript/fileName/GoSplineStraightLineSolver.cs: b6a3907f2ead3ba9ac17ad3fdd121ec9 -> 
  custom:scripting/monoscript/fileName/AbstractGoTweenCollection.cs: 61d9f5f358696a7942516ed78ffe7e98 -> 
  custom:scripting/monoscript/fileName/Vector3PathTweenProperty.cs: 94848aa2e96060cfeaf83844ee158f0c -> 
  custom:scripting/monoscript/fileName/Vector3ZTweenProperty.cs: 35595634a87246c4e13691b1563178c5 -> 
  custom:scripting/monoscript/fileName/AbstractTweenProperty.cs: c71b2ece20cb4e1e30772e574c806625 -> 
  custom:container-muxer-webm: aa71ff27fc2769a1b78a27578f13a17b -> 
  custom:scripting/monoscript/fileName/AbstractGoSplineSolver.cs: 788a6b8052af6ee0371d3a464e692d1b -> 
  custom:scripting/monoscript/fileName/GoTween.cs: 4df5a8b9fefcbd8a2b5d6fe6223ee62f -> 
  custom:scripting/monoscript/fileName/RotationTweenProperty.cs: 13e7fbd741208cd89873755249a873a9 -> 
========================================================================
Received Prepare
Begin MonoManager ReloadAssembly
- Loaded All Assemblies, in  0.286 seconds
Refreshing native plugins compatible for Editor in 1.76 ms, found 1 plugins.
Native extension for WindowsStandalone target not found
Native extension for Android target not found
Mono: successfully reloaded assembly
- Finished resetting the current domain, in  0.352 seconds
Domain Reload Profiling: 638ms
	BeginReloadAssembly (106ms)
		ExecutionOrderSort (0ms)
		DisableScriptedObjects (4ms)
		BackupInstance (0ms)
		ReleaseScriptingObjects (0ms)
		CreateAndSetChildDomain (20ms)
	RebuildCommonClasses (30ms)
	RebuildNativeTypeToScriptingClass (8ms)
	initialDomainReloadingComplete (19ms)
	LoadAllAssembliesAndSetupDomain (123ms)
		LoadAssemblies (170ms)
		RebuildTransferFunctionScriptingTraits (0ms)
		AnalyzeDomain (12ms)
			TypeCache.Refresh (4ms)
				TypeCache.ScanAssembly (0ms)
			ScanForSourceGeneratedMonoScriptInfo (0ms)
			ResolveRequiredComponents (6ms)
	FinalizeReload (352ms)
		ReleaseScriptCaches (0ms)
		RebuildScriptCaches (0ms)
		SetupLoadedEditorAssemblies (179ms)
			LogAssemblyErrors (0ms)
			InitializePlatformSupportModulesInManaged (16ms)
			SetLoadedEditorAssemblies (3ms)
			RefreshPlugins (0ms)
			BeforeProcessingInitializeOnLoad (37ms)
			ProcessInitializeOnLoadAttributes (107ms)
			ProcessInitializeOnLoadMethodAttributes (14ms)
			AfterProcessingInitializeOnLoad (2ms)
			EditorAssembliesLoaded (0ms)
		ExecutionOrderSort2 (0ms)
		AwakeInstancesAfterBackupRestoration (4ms)
Refreshing native plugins compatible for Editor in 1.19 ms, found 1 plugins.
Preloading 0 native plugins for Editor in 0.00 ms.
Unloading 2307 Unused Serialized files (Serialized files now loaded: 0)
Unloading 21 unused Assets / (26.9 KB). Loaded Objects now: 2823.
Memory consumption went from 104.4 MB to 104.4 MB.
Total: 1.775700 ms (FindLiveObjects: 0.148300 ms CreateObjectMapping: 0.062000 ms MarkObjects: 1.532800 ms  DeleteObjects: 0.031900 ms)

Prepare: number of updated asset objects reloaded= 0
AssetImportParameters requested are different than current active one (requested -> active):
  custom:scripting/monoscript/fileName/GoSmoothedVector3.cs: 3a6ceb396859da913cbecdd1940e0aa2 -> 
  custom:scripting/monoscript/fileName/EulerAnglesTweenProperty.cs: 7a2321a8c63f28c3857aa33414a11270 -> 
  custom:video-decoder-webm-vp8: 9c59270c3fd7afecdb556c50c9e8de78 -> 
  custom:scripting/monoscript/fileName/IGenericProperty.cs: f404e27010d8ce1a25f7cc2ac06431ac -> 
  custom:scripting/monoscript/fileName/GoEaseSinusoidal.cs: e637d6b7456e2acd06dfd152f10b71d1 -> 
  custom:scripting/monoscript/fileName/GoSplineCatmullRomSolver.cs: 8bbd4e9dc2722b25540d14d500b88879 -> 
  custom:scripting/monoscript/fileName/IntTweenProperty.cs: 1f39418055dd7708ff3b9e75a86d93a1 -> 
  custom:scripting/monoscript/fileName/Vector3YTweenProperty.cs: 2b996e9222bddad772657bb084e9da48 -> 
  custom:scripting/monoscript/fileName/GoEaseQuintic.cs: 672086238d051af0856016e64ad97204 -> 
  custom:scripting/monoscript/fileName/GoEaseCubic.cs: 7d74fd43480e52f793e3086826193b77 -> 
  custom:SearchIndexIgnoredProperties: e643bd26f0fe6173181afceb89e7c659 -> 
  custom:scripting/monoscript/fileName/GoSmoothedQuaternion.cs: 92de95a3ce149743e526859a8d0255c5 -> 
  custom:container-demuxer-ogg: 62fdf1f143b41e24485cea50d1cbac27 -> 
  custom:AudioImporter_EditorPlatform: d09bf68614088b80899f8185d706f6e7 -> 
  custom:scripting/monoscript/fileName/ShakeTweenProperty.cs: fdb713005206085d3b49cdd6b2d15f80 -> 
  custom:scripting/monoscript/fileName/Vector2TweenProperty.cs: d7a25a544d56d947d9526019347f1f6e -> 
  custom:scripting/monoscript/fileName/GoKitTweenExtensions.cs: 28ee7421c4d34eb9c057646838e28859 -> 
  custom:scripting/monoscript/fileName/Vector3XTweenProperty.cs: 9592582ea2f541a8cf92ba7dd7dd85f2 -> 
  custom:scripting/monoscript/fileName/Go.cs: 840adb47e0f4be71eeea7168442feb7d -> 
  custom:scripting/monoscript/fileName/ColorTweenProperty.cs: 94ba4bee52d153d3fd58a82d4cf8ce0c -> 
  custom:scripting/monoscript/fileName/GoEaseLinear.cs: b690756fd76817f101a31dcd50ae4adc -> 
  custom:scripting/monoscript/fileName/GoEaseExponential.cs: 8f890ce1f0130e8014d1a219fa0d7904 -> 
  custom:scripting/monoscript/fileName/ScaleTweenProperty.cs: 068e501b322923caa36166fe86d472e5 -> 
  custom:video-decoder-ogg-theora: a1e56fd34408186e4bbccfd4996cb3dc -> 
  custom:scripting/monoscript/fileName/GoSpline.cs: 8039f73cfdc174dc6ffa15343c307f29 -> 
  custom:scripting/monoscript/fileName/GoTweenFlow.cs: ce7a11a1fb9e8397b83cab3847ba7970 -> 
  custom:scripting/monoscript/fileName/GoEaseQuartic.cs: d34853ce84f33fe9033901002d4ff793 -> 
  custom:framework-win-MediaFoundation: 216162199b28c13a410421893ffa2e32 -> 
  custom:scripting/monoscript/fileName/GoEaseBounce.cs: e71b365170d63025c159c4756b1910b2 -> 
  custom:scripting/monoscript/fileName/GoSplineQuadraticBezierSolver.cs: 44dee8c5fd496e5eb749f54d83d1397e -> 
  custom:scripting/monoscript/fileName/GoEaseQuadratic.cs: e3ed230c2d29b99c6f642587e4ad0e5d -> 
  custom:scripting/monoscript/fileName/MaterialColorTweenProperty.cs: f6d4ed9537ac95d7564838fa4e660e7d -> 
  custom:scripting/monoscript/fileName/GoEaseCircular.cs: 84a2009340e8431314db7056edf1bd68 -> 
  custom:scripting/monoscript/fileName/PositionPathTweenProperty.cs: efde40660de14fd7cd1ede2fa47e9837 -> 
  custom:video-encoder-webm-vp8: eb34c28f22e8b96e1ab97ce403110664 -> 
  custom:scripting/monoscript/fileName/FloatTweenProperty.cs: 48aea3a8bbe79ca6e0baa81dc186bdfd -> 
  custom:scripting/monoscript/fileName/GoTweenChain.cs: f9995827e6ddafabc43c1b0e0dcfd886 -> 
  custom:scripting/monoscript/fileName/GoTweenCollectionConfig.cs: 37c99bdc8dc674650bd69bc44bb2e57b -> 
  custom:audio-decoder-ogg-vorbis: bf7c407c2cedff20999df2af8eb42d56 -> 
  custom:scripting/monoscript/fileName/AbstractQuaternionTweenProperty.cs: 65ceda31db804ab1e0e34f0e48afa285 -> 
  custom:scripting/monoscript/fileName/AbstractColorTweenProperty.cs: bba0da230ed56fc0a25af92f6a3e377e -> 
  custom:scripting/monoscript/fileName/AbstractVector3TweenProperty.cs: 6aa4defef7531529f4ddc1516936e2e3 -> 
  custom:CustomObjectIndexerAttribute: 9a22284fe3817be447336de3de66b15e -> 
  custom:scripting/monoscript/fileName/Vector4TweenProperty.cs: 18bb73739ede80588b5bfadcee873907 -> 
  custom:scripting/monoscript/fileName/GoEaseBack.cs: 3f6e00793ada35f633abc2146480990e -> 
  custom:container-demuxer-webm: 4f35f7cbe854078d1ac9338744f61a02 -> 
  custom:scripting/monoscript/fileName/GoTweenConfig.cs: 5b3154c82824c20addf84e8652f51cfe -> 
  custom:scripting/monoscript/fileName/RotationQuaternionTweenProperty.cs: e0d94af0c913b0be4cd670833a2cda91 -> 
  custom:scripting/monoscript/fileName/GoTweenUtils.cs: 867d37edf69335bc6e54784197f28064 -> 
  custom:scripting/monoscript/fileName/GoSplineCubicBezierSolver.cs: 6d81419c64f7c334f4359254f1cbade0 -> 
  custom:audio-encoder-webm-vorbis: bf7c407c2cedff20999df2af8eb42d56 -> 
  custom:scripting/monoscript/fileName/ScalePathTweenProperty.cs: 816c1a788eca415c60d1b7e87fb103fe -> 
  custom:scripting/monoscript/fileName/GoEaseElastic.cs: f0cafb366ac4251d5c35fe413d3f62f6 -> 
  custom:scripting/monoscript/fileName/GoDummyPath.cs: a21201ab2fac2187e4faeaf08bb4ec90 -> 
  custom:scripting/monoscript/fileName/PositionTweenProperty.cs: e367a96b2cbc0b819bff5d0620f4b258 -> 
  custom:scripting/monoscript/fileName/Vector3TweenProperty.cs: 8e9f9d7bb7b15068d97f4d593f097c86 -> 
  custom:scripting/monoscript/fileName/AbstractGoTween.cs: 3bdc69e313ad58745cd33c4b74e6a709 -> 
  custom:scripting/monoscript/fileName/GoSplineStraightLineSolver.cs: b6a3907f2ead3ba9ac17ad3fdd121ec9 -> 
  custom:scripting/monoscript/fileName/AbstractGoTweenCollection.cs: 61d9f5f358696a7942516ed78ffe7e98 -> 
  custom:scripting/monoscript/fileName/Vector3PathTweenProperty.cs: 94848aa2e96060cfeaf83844ee158f0c -> 
  custom:scripting/monoscript/fileName/Vector3ZTweenProperty.cs: 35595634a87246c4e13691b1563178c5 -> 
  custom:scripting/monoscript/fileName/AbstractTweenProperty.cs: c71b2ece20cb4e1e30772e574c806625 -> 
  custom:container-muxer-webm: aa71ff27fc2769a1b78a27578f13a17b -> 
  custom:scripting/monoscript/fileName/AbstractGoSplineSolver.cs: 788a6b8052af6ee0371d3a464e692d1b -> 
  custom:scripting/monoscript/fileName/GoTween.cs: 4df5a8b9fefcbd8a2b5d6fe6223ee62f -> 
  custom:scripting/monoscript/fileName/RotationTweenProperty.cs: 13e7fbd741208cd89873755249a873a9 -> 
========================================================================
Received Prepare
Begin MonoManager ReloadAssembly
- Loaded All Assemblies, in  0.271 seconds
Refreshing native plugins compatible for Editor in 1.04 ms, found 1 plugins.
Native extension for WindowsStandalone target not found
Native extension for Android target not found
Mono: successfully reloaded assembly
- Finished resetting the current domain, in  0.363 seconds
Domain Reload Profiling: 635ms
	BeginReloadAssembly (105ms)
		ExecutionOrderSort (0ms)
		DisableScriptedObjects (4ms)
		BackupInstance (0ms)
		ReleaseScriptingObjects (0ms)
		CreateAndSetChildDomain (18ms)
	RebuildCommonClasses (23ms)
	RebuildNativeTypeToScriptingClass (8ms)
	initialDomainReloadingComplete (18ms)
	LoadAllAssembliesAndSetupDomain (117ms)
		LoadAssemblies (168ms)
		RebuildTransferFunctionScriptingTraits (0ms)
		AnalyzeDomain (9ms)
			TypeCache.Refresh (4ms)
				TypeCache.ScanAssembly (0ms)
			ScanForSourceGeneratedMonoScriptInfo (0ms)
			ResolveRequiredComponents (4ms)
	FinalizeReload (364ms)
		ReleaseScriptCaches (0ms)
		RebuildScriptCaches (0ms)
		SetupLoadedEditorAssemblies (174ms)
			LogAssemblyErrors (0ms)
			InitializePlatformSupportModulesInManaged (16ms)
			SetLoadedEditorAssemblies (2ms)
			RefreshPlugins (0ms)
			BeforeProcessingInitializeOnLoad (33ms)
			ProcessInitializeOnLoadAttributes (106ms)
			ProcessInitializeOnLoadMethodAttributes (15ms)
			AfterProcessingInitializeOnLoad (2ms)
			EditorAssembliesLoaded (0ms)
		ExecutionOrderSort2 (0ms)
		AwakeInstancesAfterBackupRestoration (4ms)
Refreshing native plugins compatible for Editor in 1.00 ms, found 1 plugins.
Preloading 0 native plugins for Editor in 0.00 ms.
Unloading 2307 Unused Serialized files (Serialized files now loaded: 0)
Unloading 21 unused Assets / (26.9 KB). Loaded Objects now: 2826.
Memory consumption went from 104.4 MB to 104.4 MB.
Total: 1.890500 ms (FindLiveObjects: 0.146600 ms CreateObjectMapping: 0.051300 ms MarkObjects: 1.653000 ms  DeleteObjects: 0.038600 ms)

Prepare: number of updated asset objects reloaded= 0
AssetImportParameters requested are different than current active one (requested -> active):
  custom:scripting/monoscript/fileName/GoSmoothedVector3.cs: 3a6ceb396859da913cbecdd1940e0aa2 -> 
  custom:scripting/monoscript/fileName/EulerAnglesTweenProperty.cs: 7a2321a8c63f28c3857aa33414a11270 -> 
  custom:video-decoder-webm-vp8: 9c59270c3fd7afecdb556c50c9e8de78 -> 
  custom:scripting/monoscript/fileName/IGenericProperty.cs: f404e27010d8ce1a25f7cc2ac06431ac -> 
  custom:scripting/monoscript/fileName/GoEaseSinusoidal.cs: e637d6b7456e2acd06dfd152f10b71d1 -> 
  custom:scripting/monoscript/fileName/GoSplineCatmullRomSolver.cs: 8bbd4e9dc2722b25540d14d500b88879 -> 
  custom:scripting/monoscript/fileName/IntTweenProperty.cs: 1f39418055dd7708ff3b9e75a86d93a1 -> 
  custom:scripting/monoscript/fileName/Vector3YTweenProperty.cs: 2b996e9222bddad772657bb084e9da48 -> 
  custom:scripting/monoscript/fileName/GoEaseQuintic.cs: 672086238d051af0856016e64ad97204 -> 
  custom:scripting/monoscript/fileName/GoEaseCubic.cs: 7d74fd43480e52f793e3086826193b77 -> 
  custom:SearchIndexIgnoredProperties: e643bd26f0fe6173181afceb89e7c659 -> 
  custom:scripting/monoscript/fileName/GoSmoothedQuaternion.cs: 92de95a3ce149743e526859a8d0255c5 -> 
  custom:container-demuxer-ogg: 62fdf1f143b41e24485cea50d1cbac27 -> 
  custom:AudioImporter_EditorPlatform: d09bf68614088b80899f8185d706f6e7 -> 
  custom:scripting/monoscript/fileName/ShakeTweenProperty.cs: fdb713005206085d3b49cdd6b2d15f80 -> 
  custom:scripting/monoscript/fileName/Vector2TweenProperty.cs: d7a25a544d56d947d9526019347f1f6e -> 
  custom:scripting/monoscript/fileName/GoKitTweenExtensions.cs: 28ee7421c4d34eb9c057646838e28859 -> 
  custom:scripting/monoscript/fileName/Vector3XTweenProperty.cs: 9592582ea2f541a8cf92ba7dd7dd85f2 -> 
  custom:scripting/monoscript/fileName/Go.cs: 840adb47e0f4be71eeea7168442feb7d -> 
  custom:scripting/monoscript/fileName/ColorTweenProperty.cs: 94ba4bee52d153d3fd58a82d4cf8ce0c -> 
  custom:scripting/monoscript/fileName/GoEaseLinear.cs: b690756fd76817f101a31dcd50ae4adc -> 
  custom:scripting/monoscript/fileName/GoEaseExponential.cs: 8f890ce1f0130e8014d1a219fa0d7904 -> 
  custom:scripting/monoscript/fileName/ScaleTweenProperty.cs: 068e501b322923caa36166fe86d472e5 -> 
  custom:video-decoder-ogg-theora: a1e56fd34408186e4bbccfd4996cb3dc -> 
  custom:scripting/monoscript/fileName/GoSpline.cs: 8039f73cfdc174dc6ffa15343c307f29 -> 
  custom:scripting/monoscript/fileName/GoTweenFlow.cs: ce7a11a1fb9e8397b83cab3847ba7970 -> 
  custom:scripting/monoscript/fileName/GoEaseQuartic.cs: d34853ce84f33fe9033901002d4ff793 -> 
  custom:framework-win-MediaFoundation: 216162199b28c13a410421893ffa2e32 -> 
  custom:scripting/monoscript/fileName/GoEaseBounce.cs: e71b365170d63025c159c4756b1910b2 -> 
  custom:scripting/monoscript/fileName/GoSplineQuadraticBezierSolver.cs: 44dee8c5fd496e5eb749f54d83d1397e -> 
  custom:scripting/monoscript/fileName/GoEaseQuadratic.cs: e3ed230c2d29b99c6f642587e4ad0e5d -> 
  custom:scripting/monoscript/fileName/MaterialColorTweenProperty.cs: f6d4ed9537ac95d7564838fa4e660e7d -> 
  custom:scripting/monoscript/fileName/GoEaseCircular.cs: 84a2009340e8431314db7056edf1bd68 -> 
  custom:scripting/monoscript/fileName/PositionPathTweenProperty.cs: efde40660de14fd7cd1ede2fa47e9837 -> 
  custom:video-encoder-webm-vp8: eb34c28f22e8b96e1ab97ce403110664 -> 
  custom:scripting/monoscript/fileName/FloatTweenProperty.cs: 48aea3a8bbe79ca6e0baa81dc186bdfd -> 
  custom:scripting/monoscript/fileName/GoTweenChain.cs: f9995827e6ddafabc43c1b0e0dcfd886 -> 
  custom:scripting/monoscript/fileName/GoTweenCollectionConfig.cs: 37c99bdc8dc674650bd69bc44bb2e57b -> 
  custom:audio-decoder-ogg-vorbis: bf7c407c2cedff20999df2af8eb42d56 -> 
  custom:scripting/monoscript/fileName/AbstractQuaternionTweenProperty.cs: 65ceda31db804ab1e0e34f0e48afa285 -> 
  custom:scripting/monoscript/fileName/AbstractColorTweenProperty.cs: bba0da230ed56fc0a25af92f6a3e377e -> 
  custom:scripting/monoscript/fileName/AbstractVector3TweenProperty.cs: 6aa4defef7531529f4ddc1516936e2e3 -> 
  custom:CustomObjectIndexerAttribute: 9a22284fe3817be447336de3de66b15e -> 
  custom:scripting/monoscript/fileName/Vector4TweenProperty.cs: 18bb73739ede80588b5bfadcee873907 -> 
  custom:scripting/monoscript/fileName/GoEaseBack.cs: 3f6e00793ada35f633abc2146480990e -> 
  custom:container-demuxer-webm: 4f35f7cbe854078d1ac9338744f61a02 -> 
  custom:scripting/monoscript/fileName/GoTweenConfig.cs: 5b3154c82824c20addf84e8652f51cfe -> 
  custom:scripting/monoscript/fileName/RotationQuaternionTweenProperty.cs: e0d94af0c913b0be4cd670833a2cda91 -> 
  custom:scripting/monoscript/fileName/GoTweenUtils.cs: 867d37edf69335bc6e54784197f28064 -> 
  custom:scripting/monoscript/fileName/GoSplineCubicBezierSolver.cs: 6d81419c64f7c334f4359254f1cbade0 -> 
  custom:audio-encoder-webm-vorbis: bf7c407c2cedff20999df2af8eb42d56 -> 
  custom:scripting/monoscript/fileName/ScalePathTweenProperty.cs: 816c1a788eca415c60d1b7e87fb103fe -> 
  custom:scripting/monoscript/fileName/GoEaseElastic.cs: f0cafb366ac4251d5c35fe413d3f62f6 -> 
  custom:scripting/monoscript/fileName/GoDummyPath.cs: a21201ab2fac2187e4faeaf08bb4ec90 -> 
  custom:scripting/monoscript/fileName/PositionTweenProperty.cs: e367a96b2cbc0b819bff5d0620f4b258 -> 
  custom:scripting/monoscript/fileName/Vector3TweenProperty.cs: 8e9f9d7bb7b15068d97f4d593f097c86 -> 
  custom:scripting/monoscript/fileName/AbstractGoTween.cs: 3bdc69e313ad58745cd33c4b74e6a709 -> 
  custom:scripting/monoscript/fileName/GoSplineStraightLineSolver.cs: b6a3907f2ead3ba9ac17ad3fdd121ec9 -> 
  custom:scripting/monoscript/fileName/AbstractGoTweenCollection.cs: 61d9f5f358696a7942516ed78ffe7e98 -> 
  custom:scripting/monoscript/fileName/Vector3PathTweenProperty.cs: 94848aa2e96060cfeaf83844ee158f0c -> 
  custom:scripting/monoscript/fileName/Vector3ZTweenProperty.cs: 35595634a87246c4e13691b1563178c5 -> 
  custom:scripting/monoscript/fileName/AbstractTweenProperty.cs: c71b2ece20cb4e1e30772e574c806625 -> 
  custom:container-muxer-webm: aa71ff27fc2769a1b78a27578f13a17b -> 
  custom:scripting/monoscript/fileName/AbstractGoSplineSolver.cs: 788a6b8052af6ee0371d3a464e692d1b -> 
  custom:scripting/monoscript/fileName/GoTween.cs: 4df5a8b9fefcbd8a2b5d6fe6223ee62f -> 
  custom:scripting/monoscript/fileName/RotationTweenProperty.cs: 13e7fbd741208cd89873755249a873a9 -> 
========================================================================
Received Prepare
Begin MonoManager ReloadAssembly
- Loaded All Assemblies, in  2.410 seconds
Refreshing native plugins compatible for Editor in 1.09 ms, found 1 plugins.
Native extension for WindowsStandalone target not found
Native extension for Android target not found
Mono: successfully reloaded assembly
- Finished resetting the current domain, in  4.746 seconds
Domain Reload Profiling: 7156ms
	BeginReloadAssembly (170ms)
		ExecutionOrderSort (0ms)
		DisableScriptedObjects (7ms)
		BackupInstance (0ms)
		ReleaseScriptingObjects (0ms)
		CreateAndSetChildDomain (39ms)
	RebuildCommonClasses (24ms)
	RebuildNativeTypeToScriptingClass (8ms)
	initialDomainReloadingComplete (22ms)
	LoadAllAssembliesAndSetupDomain (2185ms)
		LoadAssemblies (2256ms)
		RebuildTransferFunctionScriptingTraits (0ms)
		AnalyzeDomain (13ms)
			TypeCache.Refresh (7ms)
				TypeCache.ScanAssembly (0ms)
			ScanForSourceGeneratedMonoScriptInfo (0ms)
			ResolveRequiredComponents (6ms)
	FinalizeReload (4747ms)
		ReleaseScriptCaches (0ms)
		RebuildScriptCaches (0ms)
		SetupLoadedEditorAssemblies (203ms)
			LogAssemblyErrors (0ms)
			InitializePlatformSupportModulesInManaged (20ms)
			SetLoadedEditorAssemblies (4ms)
			RefreshPlugins (0ms)
			BeforeProcessingInitializeOnLoad (39ms)
			ProcessInitializeOnLoadAttributes (120ms)
			ProcessInitializeOnLoadMethodAttributes (18ms)
			AfterProcessingInitializeOnLoad (3ms)
			EditorAssembliesLoaded (0ms)
		ExecutionOrderSort2 (0ms)
		AwakeInstancesAfterBackupRestoration (6ms)
Refreshing native plugins compatible for Editor in 1.25 ms, found 1 plugins.
Preloading 0 native plugins for Editor in 0.00 ms.
Unloading 2307 Unused Serialized files (Serialized files now loaded: 0)
Unloading 21 unused Assets / (26.9 KB). Loaded Objects now: 2829.
Memory consumption went from 104.4 MB to 104.4 MB.
Total: 2.951300 ms (FindLiveObjects: 0.151700 ms CreateObjectMapping: 0.052200 ms MarkObjects: 2.701800 ms  DeleteObjects: 0.044700 ms)

Prepare: number of updated asset objects reloaded= 0
AssetImportParameters requested are different than current active one (requested -> active):
  custom:scripting/monoscript/fileName/GoSmoothedVector3.cs: 3a6ceb396859da913cbecdd1940e0aa2 -> 
  custom:scripting/monoscript/fileName/EulerAnglesTweenProperty.cs: 7a2321a8c63f28c3857aa33414a11270 -> 
  custom:video-decoder-webm-vp8: 9c59270c3fd7afecdb556c50c9e8de78 -> 
  custom:scripting/monoscript/fileName/IGenericProperty.cs: f404e27010d8ce1a25f7cc2ac06431ac -> 
  custom:scripting/monoscript/fileName/GoEaseSinusoidal.cs: e637d6b7456e2acd06dfd152f10b71d1 -> 
  custom:scripting/monoscript/fileName/GoSplineCatmullRomSolver.cs: 8bbd4e9dc2722b25540d14d500b88879 -> 
  custom:scripting/monoscript/fileName/IntTweenProperty.cs: 1f39418055dd7708ff3b9e75a86d93a1 -> 
  custom:scripting/monoscript/fileName/Vector3YTweenProperty.cs: 2b996e9222bddad772657bb084e9da48 -> 
  custom:scripting/monoscript/fileName/GoEaseQuintic.cs: 672086238d051af0856016e64ad97204 -> 
  custom:scripting/monoscript/fileName/GoEaseCubic.cs: 7d74fd43480e52f793e3086826193b77 -> 
  custom:SearchIndexIgnoredProperties: e643bd26f0fe6173181afceb89e7c659 -> 
  custom:scripting/monoscript/fileName/GoSmoothedQuaternion.cs: 92de95a3ce149743e526859a8d0255c5 -> 
  custom:container-demuxer-ogg: 62fdf1f143b41e24485cea50d1cbac27 -> 
  custom:AudioImporter_EditorPlatform: d09bf68614088b80899f8185d706f6e7 -> 
  custom:scripting/monoscript/fileName/ShakeTweenProperty.cs: fdb713005206085d3b49cdd6b2d15f80 -> 
  custom:scripting/monoscript/fileName/Vector2TweenProperty.cs: d7a25a544d56d947d9526019347f1f6e -> 
  custom:scripting/monoscript/fileName/GoKitTweenExtensions.cs: 28ee7421c4d34eb9c057646838e28859 -> 
  custom:scripting/monoscript/fileName/Vector3XTweenProperty.cs: 9592582ea2f541a8cf92ba7dd7dd85f2 -> 
  custom:scripting/monoscript/fileName/Go.cs: 840adb47e0f4be71eeea7168442feb7d -> 
  custom:scripting/monoscript/fileName/ColorTweenProperty.cs: 94ba4bee52d153d3fd58a82d4cf8ce0c -> 
  custom:scripting/monoscript/fileName/GoEaseLinear.cs: b690756fd76817f101a31dcd50ae4adc -> 
  custom:scripting/monoscript/fileName/GoEaseExponential.cs: 8f890ce1f0130e8014d1a219fa0d7904 -> 
  custom:scripting/monoscript/fileName/ScaleTweenProperty.cs: 068e501b322923caa36166fe86d472e5 -> 
  custom:video-decoder-ogg-theora: a1e56fd34408186e4bbccfd4996cb3dc -> 
  custom:scripting/monoscript/fileName/GoSpline.cs: 8039f73cfdc174dc6ffa15343c307f29 -> 
  custom:scripting/monoscript/fileName/GoTweenFlow.cs: ce7a11a1fb9e8397b83cab3847ba7970 -> 
  custom:scripting/monoscript/fileName/GoEaseQuartic.cs: d34853ce84f33fe9033901002d4ff793 -> 
  custom:framework-win-MediaFoundation: 216162199b28c13a410421893ffa2e32 -> 
  custom:scripting/monoscript/fileName/GoEaseBounce.cs: e71b365170d63025c159c4756b1910b2 -> 
  custom:scripting/monoscript/fileName/GoSplineQuadraticBezierSolver.cs: 44dee8c5fd496e5eb749f54d83d1397e -> 
  custom:scripting/monoscript/fileName/GoEaseQuadratic.cs: e3ed230c2d29b99c6f642587e4ad0e5d -> 
  custom:scripting/monoscript/fileName/MaterialColorTweenProperty.cs: f6d4ed9537ac95d7564838fa4e660e7d -> 
  custom:scripting/monoscript/fileName/GoEaseCircular.cs: 84a2009340e8431314db7056edf1bd68 -> 
  custom:scripting/monoscript/fileName/PositionPathTweenProperty.cs: efde40660de14fd7cd1ede2fa47e9837 -> 
  custom:video-encoder-webm-vp8: eb34c28f22e8b96e1ab97ce403110664 -> 
  custom:scripting/monoscript/fileName/FloatTweenProperty.cs: 48aea3a8bbe79ca6e0baa81dc186bdfd -> 
  custom:scripting/monoscript/fileName/GoTweenChain.cs: f9995827e6ddafabc43c1b0e0dcfd886 -> 
  custom:scripting/monoscript/fileName/GoTweenCollectionConfig.cs: 37c99bdc8dc674650bd69bc44bb2e57b -> 
  custom:audio-decoder-ogg-vorbis: bf7c407c2cedff20999df2af8eb42d56 -> 
  custom:scripting/monoscript/fileName/AbstractQuaternionTweenProperty.cs: 65ceda31db804ab1e0e34f0e48afa285 -> 
  custom:scripting/monoscript/fileName/AbstractColorTweenProperty.cs: bba0da230ed56fc0a25af92f6a3e377e -> 
  custom:scripting/monoscript/fileName/AbstractVector3TweenProperty.cs: 6aa4defef7531529f4ddc1516936e2e3 -> 
  custom:CustomObjectIndexerAttribute: 9a22284fe3817be447336de3de66b15e -> 
  custom:scripting/monoscript/fileName/Vector4TweenProperty.cs: 18bb73739ede80588b5bfadcee873907 -> 
  custom:scripting/monoscript/fileName/GoEaseBack.cs: 3f6e00793ada35f633abc2146480990e -> 
  custom:container-demuxer-webm: 4f35f7cbe854078d1ac9338744f61a02 -> 
  custom:scripting/monoscript/fileName/GoTweenConfig.cs: 5b3154c82824c20addf84e8652f51cfe -> 
  custom:scripting/monoscript/fileName/RotationQuaternionTweenProperty.cs: e0d94af0c913b0be4cd670833a2cda91 -> 
  custom:scripting/monoscript/fileName/GoTweenUtils.cs: 867d37edf69335bc6e54784197f28064 -> 
  custom:scripting/monoscript/fileName/GoSplineCubicBezierSolver.cs: 6d81419c64f7c334f4359254f1cbade0 -> 
  custom:audio-encoder-webm-vorbis: bf7c407c2cedff20999df2af8eb42d56 -> 
  custom:scripting/monoscript/fileName/ScalePathTweenProperty.cs: 816c1a788eca415c60d1b7e87fb103fe -> 
  custom:scripting/monoscript/fileName/GoEaseElastic.cs: f0cafb366ac4251d5c35fe413d3f62f6 -> 
  custom:scripting/monoscript/fileName/GoDummyPath.cs: a21201ab2fac2187e4faeaf08bb4ec90 -> 
  custom:scripting/monoscript/fileName/PositionTweenProperty.cs: e367a96b2cbc0b819bff5d0620f4b258 -> 
  custom:scripting/monoscript/fileName/Vector3TweenProperty.cs: 8e9f9d7bb7b15068d97f4d593f097c86 -> 
  custom:scripting/monoscript/fileName/AbstractGoTween.cs: 3bdc69e313ad58745cd33c4b74e6a709 -> 
  custom:scripting/monoscript/fileName/GoSplineStraightLineSolver.cs: b6a3907f2ead3ba9ac17ad3fdd121ec9 -> 
  custom:scripting/monoscript/fileName/AbstractGoTweenCollection.cs: 61d9f5f358696a7942516ed78ffe7e98 -> 
  custom:scripting/monoscript/fileName/Vector3PathTweenProperty.cs: 94848aa2e96060cfeaf83844ee158f0c -> 
  custom:scripting/monoscript/fileName/Vector3ZTweenProperty.cs: 35595634a87246c4e13691b1563178c5 -> 
  custom:scripting/monoscript/fileName/AbstractTweenProperty.cs: c71b2ece20cb4e1e30772e574c806625 -> 
  custom:container-muxer-webm: aa71ff27fc2769a1b78a27578f13a17b -> 
  custom:scripting/monoscript/fileName/AbstractGoSplineSolver.cs: 788a6b8052af6ee0371d3a464e692d1b -> 
  custom:scripting/monoscript/fileName/GoTween.cs: 4df5a8b9fefcbd8a2b5d6fe6223ee62f -> 
  custom:scripting/monoscript/fileName/RotationTweenProperty.cs: 13e7fbd741208cd89873755249a873a9 -> 
========================================================================
Received Prepare
Begin MonoManager ReloadAssembly
- Loaded All Assemblies, in  0.313 seconds
Refreshing native plugins compatible for Editor in 1.17 ms, found 1 plugins.
Native extension for WindowsStandalone target not found
Native extension for Android target not found
Mono: successfully reloaded assembly
- Finished resetting the current domain, in  0.360 seconds
Domain Reload Profiling: 674ms
	BeginReloadAssembly (102ms)
		ExecutionOrderSort (0ms)
		DisableScriptedObjects (4ms)
		BackupInstance (0ms)
		ReleaseScriptingObjects (0ms)
		CreateAndSetChildDomain (16ms)
	RebuildCommonClasses (22ms)
	RebuildNativeTypeToScriptingClass (9ms)
	initialDomainReloadingComplete (22ms)
	LoadAllAssembliesAndSetupDomain (158ms)
		LoadAssemblies (208ms)
		RebuildTransferFunctionScriptingTraits (0ms)
		AnalyzeDomain (9ms)
			TypeCache.Refresh (4ms)
				TypeCache.ScanAssembly (0ms)
			ScanForSourceGeneratedMonoScriptInfo (0ms)
			ResolveRequiredComponents (4ms)
	FinalizeReload (361ms)
		ReleaseScriptCaches (0ms)
		RebuildScriptCaches (0ms)
		SetupLoadedEditorAssemblies (181ms)
			LogAssemblyErrors (0ms)
			InitializePlatformSupportModulesInManaged (17ms)
			SetLoadedEditorAssemblies (3ms)
			RefreshPlugins (0ms)
			BeforeProcessingInitializeOnLoad (34ms)
			ProcessInitializeOnLoadAttributes (108ms)
			ProcessInitializeOnLoadMethodAttributes (17ms)
			AfterProcessingInitializeOnLoad (2ms)
			EditorAssembliesLoaded (0ms)
		ExecutionOrderSort2 (0ms)
		AwakeInstancesAfterBackupRestoration (5ms)
Refreshing native plugins compatible for Editor in 1.18 ms, found 1 plugins.
Preloading 0 native plugins for Editor in 0.00 ms.
Unloading 2307 Unused Serialized files (Serialized files now loaded: 0)
Unloading 21 unused Assets / (26.9 KB). Loaded Objects now: 2832.
Memory consumption went from 104.4 MB to 104.4 MB.
Total: 1.887300 ms (FindLiveObjects: 0.137500 ms CreateObjectMapping: 0.079300 ms MarkObjects: 1.626200 ms  DeleteObjects: 0.043300 ms)

Prepare: number of updated asset objects reloaded= 0
AssetImportParameters requested are different than current active one (requested -> active):
  custom:scripting/monoscript/fileName/GoSmoothedVector3.cs: 3a6ceb396859da913cbecdd1940e0aa2 -> 
  custom:scripting/monoscript/fileName/EulerAnglesTweenProperty.cs: 7a2321a8c63f28c3857aa33414a11270 -> 
  custom:video-decoder-webm-vp8: 9c59270c3fd7afecdb556c50c9e8de78 -> 
  custom:scripting/monoscript/fileName/IGenericProperty.cs: f404e27010d8ce1a25f7cc2ac06431ac -> 
  custom:scripting/monoscript/fileName/GoEaseSinusoidal.cs: e637d6b7456e2acd06dfd152f10b71d1 -> 
  custom:scripting/monoscript/fileName/GoSplineCatmullRomSolver.cs: 8bbd4e9dc2722b25540d14d500b88879 -> 
  custom:scripting/monoscript/fileName/IntTweenProperty.cs: 1f39418055dd7708ff3b9e75a86d93a1 -> 
  custom:scripting/monoscript/fileName/Vector3YTweenProperty.cs: 2b996e9222bddad772657bb084e9da48 -> 
  custom:scripting/monoscript/fileName/GoEaseQuintic.cs: 672086238d051af0856016e64ad97204 -> 
  custom:scripting/monoscript/fileName/GoEaseCubic.cs: 7d74fd43480e52f793e3086826193b77 -> 
  custom:SearchIndexIgnoredProperties: e643bd26f0fe6173181afceb89e7c659 -> 
  custom:scripting/monoscript/fileName/GoSmoothedQuaternion.cs: 92de95a3ce149743e526859a8d0255c5 -> 
  custom:container-demuxer-ogg: 62fdf1f143b41e24485cea50d1cbac27 -> 
  custom:AudioImporter_EditorPlatform: d09bf68614088b80899f8185d706f6e7 -> 
  custom:scripting/monoscript/fileName/ShakeTweenProperty.cs: fdb713005206085d3b49cdd6b2d15f80 -> 
  custom:scripting/monoscript/fileName/Vector2TweenProperty.cs: d7a25a544d56d947d9526019347f1f6e -> 
  custom:scripting/monoscript/fileName/GoKitTweenExtensions.cs: 28ee7421c4d34eb9c057646838e28859 -> 
  custom:scripting/monoscript/fileName/Vector3XTweenProperty.cs: 9592582ea2f541a8cf92ba7dd7dd85f2 -> 
  custom:scripting/monoscript/fileName/Go.cs: 840adb47e0f4be71eeea7168442feb7d -> 
  custom:scripting/monoscript/fileName/ColorTweenProperty.cs: 94ba4bee52d153d3fd58a82d4cf8ce0c -> 
  custom:scripting/monoscript/fileName/GoEaseLinear.cs: b690756fd76817f101a31dcd50ae4adc -> 
  custom:scripting/monoscript/fileName/GoEaseExponential.cs: 8f890ce1f0130e8014d1a219fa0d7904 -> 
  custom:scripting/monoscript/fileName/ScaleTweenProperty.cs: 068e501b322923caa36166fe86d472e5 -> 
  custom:video-decoder-ogg-theora: a1e56fd34408186e4bbccfd4996cb3dc -> 
  custom:scripting/monoscript/fileName/GoSpline.cs: 8039f73cfdc174dc6ffa15343c307f29 -> 
  custom:scripting/monoscript/fileName/GoTweenFlow.cs: ce7a11a1fb9e8397b83cab3847ba7970 -> 
  custom:scripting/monoscript/fileName/GoEaseQuartic.cs: d34853ce84f33fe9033901002d4ff793 -> 
  custom:framework-win-MediaFoundation: 216162199b28c13a410421893ffa2e32 -> 
  custom:scripting/monoscript/fileName/GoEaseBounce.cs: e71b365170d63025c159c4756b1910b2 -> 
  custom:scripting/monoscript/fileName/GoSplineQuadraticBezierSolver.cs: 44dee8c5fd496e5eb749f54d83d1397e -> 
  custom:scripting/monoscript/fileName/GoEaseQuadratic.cs: e3ed230c2d29b99c6f642587e4ad0e5d -> 
  custom:scripting/monoscript/fileName/MaterialColorTweenProperty.cs: f6d4ed9537ac95d7564838fa4e660e7d -> 
  custom:scripting/monoscript/fileName/GoEaseCircular.cs: 84a2009340e8431314db7056edf1bd68 -> 
  custom:scripting/monoscript/fileName/PositionPathTweenProperty.cs: efde40660de14fd7cd1ede2fa47e9837 -> 
  custom:video-encoder-webm-vp8: eb34c28f22e8b96e1ab97ce403110664 -> 
  custom:scripting/monoscript/fileName/FloatTweenProperty.cs: 48aea3a8bbe79ca6e0baa81dc186bdfd -> 
  custom:scripting/monoscript/fileName/GoTweenChain.cs: f9995827e6ddafabc43c1b0e0dcfd886 -> 
  custom:scripting/monoscript/fileName/GoTweenCollectionConfig.cs: 37c99bdc8dc674650bd69bc44bb2e57b -> 
  custom:audio-decoder-ogg-vorbis: bf7c407c2cedff20999df2af8eb42d56 -> 
  custom:scripting/monoscript/fileName/AbstractQuaternionTweenProperty.cs: 65ceda31db804ab1e0e34f0e48afa285 -> 
  custom:scripting/monoscript/fileName/AbstractColorTweenProperty.cs: bba0da230ed56fc0a25af92f6a3e377e -> 
  custom:scripting/monoscript/fileName/AbstractVector3TweenProperty.cs: 6aa4defef7531529f4ddc1516936e2e3 -> 
  custom:CustomObjectIndexerAttribute: 9a22284fe3817be447336de3de66b15e -> 
  custom:scripting/monoscript/fileName/Vector4TweenProperty.cs: 18bb73739ede80588b5bfadcee873907 -> 
  custom:scripting/monoscript/fileName/GoEaseBack.cs: 3f6e00793ada35f633abc2146480990e -> 
  custom:container-demuxer-webm: 4f35f7cbe854078d1ac9338744f61a02 -> 
  custom:scripting/monoscript/fileName/GoTweenConfig.cs: 5b3154c82824c20addf84e8652f51cfe -> 
  custom:scripting/monoscript/fileName/RotationQuaternionTweenProperty.cs: e0d94af0c913b0be4cd670833a2cda91 -> 
  custom:scripting/monoscript/fileName/GoTweenUtils.cs: 867d37edf69335bc6e54784197f28064 -> 
  custom:scripting/monoscript/fileName/GoSplineCubicBezierSolver.cs: 6d81419c64f7c334f4359254f1cbade0 -> 
  custom:audio-encoder-webm-vorbis: bf7c407c2cedff20999df2af8eb42d56 -> 
  custom:scripting/monoscript/fileName/ScalePathTweenProperty.cs: 816c1a788eca415c60d1b7e87fb103fe -> 
  custom:scripting/monoscript/fileName/GoEaseElastic.cs: f0cafb366ac4251d5c35fe413d3f62f6 -> 
  custom:scripting/monoscript/fileName/GoDummyPath.cs: a21201ab2fac2187e4faeaf08bb4ec90 -> 
  custom:scripting/monoscript/fileName/PositionTweenProperty.cs: e367a96b2cbc0b819bff5d0620f4b258 -> 
  custom:scripting/monoscript/fileName/Vector3TweenProperty.cs: 8e9f9d7bb7b15068d97f4d593f097c86 -> 
  custom:scripting/monoscript/fileName/AbstractGoTween.cs: 3bdc69e313ad58745cd33c4b74e6a709 -> 
  custom:scripting/monoscript/fileName/GoSplineStraightLineSolver.cs: b6a3907f2ead3ba9ac17ad3fdd121ec9 -> 
  custom:scripting/monoscript/fileName/AbstractGoTweenCollection.cs: 61d9f5f358696a7942516ed78ffe7e98 -> 
  custom:scripting/monoscript/fileName/Vector3PathTweenProperty.cs: 94848aa2e96060cfeaf83844ee158f0c -> 
  custom:scripting/monoscript/fileName/Vector3ZTweenProperty.cs: 35595634a87246c4e13691b1563178c5 -> 
  custom:scripting/monoscript/fileName/AbstractTweenProperty.cs: c71b2ece20cb4e1e30772e574c806625 -> 
  custom:container-muxer-webm: aa71ff27fc2769a1b78a27578f13a17b -> 
  custom:scripting/monoscript/fileName/AbstractGoSplineSolver.cs: 788a6b8052af6ee0371d3a464e692d1b -> 
  custom:scripting/monoscript/fileName/GoTween.cs: 4df5a8b9fefcbd8a2b5d6fe6223ee62f -> 
  custom:scripting/monoscript/fileName/RotationTweenProperty.cs: 13e7fbd741208cd89873755249a873a9 -> 
========================================================================
Received Prepare
Begin MonoManager ReloadAssembly
- Loaded All Assemblies, in  0.270 seconds
Refreshing native plugins compatible for Editor in 0.98 ms, found 1 plugins.
Native extension for WindowsStandalone target not found
Native extension for Android target not found
Mono: successfully reloaded assembly
- Finished resetting the current domain, in  0.376 seconds
Domain Reload Profiling: 646ms
	BeginReloadAssembly (103ms)
		ExecutionOrderSort (0ms)
		DisableScriptedObjects (4ms)
		BackupInstance (0ms)
		ReleaseScriptingObjects (0ms)
		CreateAndSetChildDomain (17ms)
	RebuildCommonClasses (22ms)
	RebuildNativeTypeToScriptingClass (8ms)
	initialDomainReloadingComplete (17ms)
	LoadAllAssembliesAndSetupDomain (119ms)
		LoadAssemblies (167ms)
		RebuildTransferFunctionScriptingTraits (0ms)
		AnalyzeDomain (10ms)
			TypeCache.Refresh (5ms)
				TypeCache.ScanAssembly (0ms)
			ScanForSourceGeneratedMonoScriptInfo (0ms)
			ResolveRequiredComponents (5ms)
	FinalizeReload (376ms)
		ReleaseScriptCaches (0ms)
		RebuildScriptCaches (0ms)
		SetupLoadedEditorAssemblies (184ms)
			LogAssemblyErrors (0ms)
			InitializePlatformSupportModulesInManaged (16ms)
			SetLoadedEditorAssemblies (2ms)
			RefreshPlugins (0ms)
			BeforeProcessingInitializeOnLoad (34ms)
			ProcessInitializeOnLoadAttributes (109ms)
			ProcessInitializeOnLoadMethodAttributes (20ms)
			AfterProcessingInitializeOnLoad (2ms)
			EditorAssembliesLoaded (0ms)
		ExecutionOrderSort2 (0ms)
		AwakeInstancesAfterBackupRestoration (6ms)
Refreshing native plugins compatible for Editor in 1.07 ms, found 1 plugins.
Preloading 0 native plugins for Editor in 0.00 ms.
Unloading 2307 Unused Serialized files (Serialized files now loaded: 0)
Unloading 21 unused Assets / (26.9 KB). Loaded Objects now: 2835.
Memory consumption went from 104.4 MB to 104.4 MB.
Total: 1.778400 ms (FindLiveObjects: 0.135600 ms CreateObjectMapping: 0.049000 ms MarkObjects: 1.558500 ms  DeleteObjects: 0.034600 ms)

Prepare: number of updated asset objects reloaded= 0
AssetImportParameters requested are different than current active one (requested -> active):
  custom:scripting/monoscript/fileName/GoSmoothedVector3.cs: 3a6ceb396859da913cbecdd1940e0aa2 -> 
  custom:scripting/monoscript/fileName/EulerAnglesTweenProperty.cs: 7a2321a8c63f28c3857aa33414a11270 -> 
  custom:video-decoder-webm-vp8: 9c59270c3fd7afecdb556c50c9e8de78 -> 
  custom:scripting/monoscript/fileName/IGenericProperty.cs: f404e27010d8ce1a25f7cc2ac06431ac -> 
  custom:scripting/monoscript/fileName/GoEaseSinusoidal.cs: e637d6b7456e2acd06dfd152f10b71d1 -> 
  custom:scripting/monoscript/fileName/GoSplineCatmullRomSolver.cs: 8bbd4e9dc2722b25540d14d500b88879 -> 
  custom:scripting/monoscript/fileName/IntTweenProperty.cs: 1f39418055dd7708ff3b9e75a86d93a1 -> 
  custom:scripting/monoscript/fileName/Vector3YTweenProperty.cs: 2b996e9222bddad772657bb084e9da48 -> 
  custom:scripting/monoscript/fileName/GoEaseQuintic.cs: 672086238d051af0856016e64ad97204 -> 
  custom:scripting/monoscript/fileName/GoEaseCubic.cs: 7d74fd43480e52f793e3086826193b77 -> 
  custom:SearchIndexIgnoredProperties: e643bd26f0fe6173181afceb89e7c659 -> 
  custom:scripting/monoscript/fileName/GoSmoothedQuaternion.cs: 92de95a3ce149743e526859a8d0255c5 -> 
  custom:container-demuxer-ogg: 62fdf1f143b41e24485cea50d1cbac27 -> 
  custom:AudioImporter_EditorPlatform: d09bf68614088b80899f8185d706f6e7 -> 
  custom:scripting/monoscript/fileName/ShakeTweenProperty.cs: fdb713005206085d3b49cdd6b2d15f80 -> 
  custom:scripting/monoscript/fileName/Vector2TweenProperty.cs: d7a25a544d56d947d9526019347f1f6e -> 
  custom:scripting/monoscript/fileName/GoKitTweenExtensions.cs: 28ee7421c4d34eb9c057646838e28859 -> 
  custom:scripting/monoscript/fileName/Vector3XTweenProperty.cs: 9592582ea2f541a8cf92ba7dd7dd85f2 -> 
  custom:scripting/monoscript/fileName/Go.cs: 840adb47e0f4be71eeea7168442feb7d -> 
  custom:scripting/monoscript/fileName/ColorTweenProperty.cs: 94ba4bee52d153d3fd58a82d4cf8ce0c -> 
  custom:scripting/monoscript/fileName/GoEaseLinear.cs: b690756fd76817f101a31dcd50ae4adc -> 
  custom:scripting/monoscript/fileName/GoEaseExponential.cs: 8f890ce1f0130e8014d1a219fa0d7904 -> 
  custom:scripting/monoscript/fileName/ScaleTweenProperty.cs: 068e501b322923caa36166fe86d472e5 -> 
  custom:video-decoder-ogg-theora: a1e56fd34408186e4bbccfd4996cb3dc -> 
  custom:scripting/monoscript/fileName/GoSpline.cs: 8039f73cfdc174dc6ffa15343c307f29 -> 
  custom:scripting/monoscript/fileName/GoTweenFlow.cs: ce7a11a1fb9e8397b83cab3847ba7970 -> 
  custom:scripting/monoscript/fileName/GoEaseQuartic.cs: d34853ce84f33fe9033901002d4ff793 -> 
  custom:framework-win-MediaFoundation: 216162199b28c13a410421893ffa2e32 -> 
  custom:scripting/monoscript/fileName/GoEaseBounce.cs: e71b365170d63025c159c4756b1910b2 -> 
  custom:scripting/monoscript/fileName/GoSplineQuadraticBezierSolver.cs: 44dee8c5fd496e5eb749f54d83d1397e -> 
  custom:scripting/monoscript/fileName/GoEaseQuadratic.cs: e3ed230c2d29b99c6f642587e4ad0e5d -> 
  custom:scripting/monoscript/fileName/MaterialColorTweenProperty.cs: f6d4ed9537ac95d7564838fa4e660e7d -> 
  custom:scripting/monoscript/fileName/GoEaseCircular.cs: 84a2009340e8431314db7056edf1bd68 -> 
  custom:scripting/monoscript/fileName/PositionPathTweenProperty.cs: efde40660de14fd7cd1ede2fa47e9837 -> 
  custom:video-encoder-webm-vp8: eb34c28f22e8b96e1ab97ce403110664 -> 
  custom:scripting/monoscript/fileName/FloatTweenProperty.cs: 48aea3a8bbe79ca6e0baa81dc186bdfd -> 
  custom:scripting/monoscript/fileName/GoTweenChain.cs: f9995827e6ddafabc43c1b0e0dcfd886 -> 
  custom:scripting/monoscript/fileName/GoTweenCollectionConfig.cs: 37c99bdc8dc674650bd69bc44bb2e57b -> 
  custom:audio-decoder-ogg-vorbis: bf7c407c2cedff20999df2af8eb42d56 -> 
  custom:scripting/monoscript/fileName/AbstractQuaternionTweenProperty.cs: 65ceda31db804ab1e0e34f0e48afa285 -> 
  custom:scripting/monoscript/fileName/AbstractColorTweenProperty.cs: bba0da230ed56fc0a25af92f6a3e377e -> 
  custom:scripting/monoscript/fileName/AbstractVector3TweenProperty.cs: 6aa4defef7531529f4ddc1516936e2e3 -> 
  custom:CustomObjectIndexerAttribute: 9a22284fe3817be447336de3de66b15e -> 
  custom:scripting/monoscript/fileName/Vector4TweenProperty.cs: 18bb73739ede80588b5bfadcee873907 -> 
  custom:scripting/monoscript/fileName/GoEaseBack.cs: 3f6e00793ada35f633abc2146480990e -> 
  custom:container-demuxer-webm: 4f35f7cbe854078d1ac9338744f61a02 -> 
  custom:scripting/monoscript/fileName/GoTweenConfig.cs: 5b3154c82824c20addf84e8652f51cfe -> 
  custom:scripting/monoscript/fileName/RotationQuaternionTweenProperty.cs: e0d94af0c913b0be4cd670833a2cda91 -> 
  custom:scripting/monoscript/fileName/GoTweenUtils.cs: 867d37edf69335bc6e54784197f28064 -> 
  custom:scripting/monoscript/fileName/GoSplineCubicBezierSolver.cs: 6d81419c64f7c334f4359254f1cbade0 -> 
  custom:audio-encoder-webm-vorbis: bf7c407c2cedff20999df2af8eb42d56 -> 
  custom:scripting/monoscript/fileName/ScalePathTweenProperty.cs: 816c1a788eca415c60d1b7e87fb103fe -> 
  custom:scripting/monoscript/fileName/GoEaseElastic.cs: f0cafb366ac4251d5c35fe413d3f62f6 -> 
  custom:scripting/monoscript/fileName/GoDummyPath.cs: a21201ab2fac2187e4faeaf08bb4ec90 -> 
  custom:scripting/monoscript/fileName/PositionTweenProperty.cs: e367a96b2cbc0b819bff5d0620f4b258 -> 
  custom:scripting/monoscript/fileName/Vector3TweenProperty.cs: 8e9f9d7bb7b15068d97f4d593f097c86 -> 
  custom:scripting/monoscript/fileName/AbstractGoTween.cs: 3bdc69e313ad58745cd33c4b74e6a709 -> 
  custom:scripting/monoscript/fileName/GoSplineStraightLineSolver.cs: b6a3907f2ead3ba9ac17ad3fdd121ec9 -> 
  custom:scripting/monoscript/fileName/AbstractGoTweenCollection.cs: 61d9f5f358696a7942516ed78ffe7e98 -> 
  custom:scripting/monoscript/fileName/Vector3PathTweenProperty.cs: 94848aa2e96060cfeaf83844ee158f0c -> 
  custom:scripting/monoscript/fileName/Vector3ZTweenProperty.cs: 35595634a87246c4e13691b1563178c5 -> 
  custom:scripting/monoscript/fileName/AbstractTweenProperty.cs: c71b2ece20cb4e1e30772e574c806625 -> 
  custom:container-muxer-webm: aa71ff27fc2769a1b78a27578f13a17b -> 
  custom:scripting/monoscript/fileName/AbstractGoSplineSolver.cs: 788a6b8052af6ee0371d3a464e692d1b -> 
  custom:scripting/monoscript/fileName/GoTween.cs: 4df5a8b9fefcbd8a2b5d6fe6223ee62f -> 
  custom:scripting/monoscript/fileName/RotationTweenProperty.cs: 13e7fbd741208cd89873755249a873a9 -> 
========================================================================
Received Prepare
Begin MonoManager ReloadAssembly
- Loaded All Assemblies, in  0.285 seconds
Refreshing native plugins compatible for Editor in 1.09 ms, found 1 plugins.
Native extension for WindowsStandalone target not found
Native extension for Android target not found
Mono: successfully reloaded assembly
- Finished resetting the current domain, in  0.359 seconds
Domain Reload Profiling: 644ms
	BeginReloadAssembly (109ms)
		ExecutionOrderSort (0ms)
		DisableScriptedObjects (4ms)
		BackupInstance (0ms)
		ReleaseScriptingObjects (0ms)
		CreateAndSetChildDomain (16ms)
	RebuildCommonClasses (30ms)
	RebuildNativeTypeToScriptingClass (8ms)
	initialDomainReloadingComplete (22ms)
	LoadAllAssembliesAndSetupDomain (115ms)
		LoadAssemblies (166ms)
		RebuildTransferFunctionScriptingTraits (0ms)
		AnalyzeDomain (10ms)
			TypeCache.Refresh (4ms)
				TypeCache.ScanAssembly (0ms)
			ScanForSourceGeneratedMonoScriptInfo (0ms)
			ResolveRequiredComponents (5ms)
	FinalizeReload (360ms)
		ReleaseScriptCaches (0ms)
		RebuildScriptCaches (0ms)
		SetupLoadedEditorAssemblies (175ms)
			LogAssemblyErrors (0ms)
			InitializePlatformSupportModulesInManaged (16ms)
			SetLoadedEditorAssemblies (2ms)
			RefreshPlugins (0ms)
			BeforeProcessingInitializeOnLoad (36ms)
			ProcessInitializeOnLoadAttributes (104ms)
			ProcessInitializeOnLoadMethodAttributes (15ms)
			AfterProcessingInitializeOnLoad (2ms)
			EditorAssembliesLoaded (0ms)
		ExecutionOrderSort2 (0ms)
		AwakeInstancesAfterBackupRestoration (4ms)
Refreshing native plugins compatible for Editor in 0.97 ms, found 1 plugins.
Preloading 0 native plugins for Editor in 0.00 ms.
Unloading 2307 Unused Serialized files (Serialized files now loaded: 0)
Unloading 21 unused Assets / (26.9 KB). Loaded Objects now: 2838.
Memory consumption went from 104.4 MB to 104.4 MB.
Total: 1.781200 ms (FindLiveObjects: 0.138400 ms CreateObjectMapping: 0.049800 ms MarkObjects: 1.553000 ms  DeleteObjects: 0.039400 ms)

Prepare: number of updated asset objects reloaded= 0
AssetImportParameters requested are different than current active one (requested -> active):
  custom:scripting/monoscript/fileName/GoSmoothedVector3.cs: 3a6ceb396859da913cbecdd1940e0aa2 -> 
  custom:scripting/monoscript/fileName/EulerAnglesTweenProperty.cs: 7a2321a8c63f28c3857aa33414a11270 -> 
  custom:video-decoder-webm-vp8: 9c59270c3fd7afecdb556c50c9e8de78 -> 
  custom:scripting/monoscript/fileName/IGenericProperty.cs: f404e27010d8ce1a25f7cc2ac06431ac -> 
  custom:scripting/monoscript/fileName/GoEaseSinusoidal.cs: e637d6b7456e2acd06dfd152f10b71d1 -> 
  custom:scripting/monoscript/fileName/GoSplineCatmullRomSolver.cs: 8bbd4e9dc2722b25540d14d500b88879 -> 
  custom:scripting/monoscript/fileName/IntTweenProperty.cs: 1f39418055dd7708ff3b9e75a86d93a1 -> 
  custom:scripting/monoscript/fileName/Vector3YTweenProperty.cs: 2b996e9222bddad772657bb084e9da48 -> 
  custom:scripting/monoscript/fileName/GoEaseQuintic.cs: 672086238d051af0856016e64ad97204 -> 
  custom:scripting/monoscript/fileName/GoEaseCubic.cs: 7d74fd43480e52f793e3086826193b77 -> 
  custom:SearchIndexIgnoredProperties: e643bd26f0fe6173181afceb89e7c659 -> 
  custom:scripting/monoscript/fileName/GoSmoothedQuaternion.cs: 92de95a3ce149743e526859a8d0255c5 -> 
  custom:container-demuxer-ogg: 62fdf1f143b41e24485cea50d1cbac27 -> 
  custom:AudioImporter_EditorPlatform: d09bf68614088b80899f8185d706f6e7 -> 
  custom:scripting/monoscript/fileName/ShakeTweenProperty.cs: fdb713005206085d3b49cdd6b2d15f80 -> 
  custom:scripting/monoscript/fileName/Vector2TweenProperty.cs: d7a25a544d56d947d9526019347f1f6e -> 
  custom:scripting/monoscript/fileName/GoKitTweenExtensions.cs: 28ee7421c4d34eb9c057646838e28859 -> 
  custom:scripting/monoscript/fileName/Vector3XTweenProperty.cs: 9592582ea2f541a8cf92ba7dd7dd85f2 -> 
  custom:scripting/monoscript/fileName/Go.cs: 840adb47e0f4be71eeea7168442feb7d -> 
  custom:scripting/monoscript/fileName/ColorTweenProperty.cs: 94ba4bee52d153d3fd58a82d4cf8ce0c -> 
  custom:scripting/monoscript/fileName/GoEaseLinear.cs: b690756fd76817f101a31dcd50ae4adc -> 
  custom:scripting/monoscript/fileName/GoEaseExponential.cs: 8f890ce1f0130e8014d1a219fa0d7904 -> 
  custom:scripting/monoscript/fileName/ScaleTweenProperty.cs: 068e501b322923caa36166fe86d472e5 -> 
  custom:video-decoder-ogg-theora: a1e56fd34408186e4bbccfd4996cb3dc -> 
  custom:scripting/monoscript/fileName/GoSpline.cs: 8039f73cfdc174dc6ffa15343c307f29 -> 
  custom:scripting/monoscript/fileName/GoTweenFlow.cs: ce7a11a1fb9e8397b83cab3847ba7970 -> 
  custom:scripting/monoscript/fileName/GoEaseQuartic.cs: d34853ce84f33fe9033901002d4ff793 -> 
  custom:framework-win-MediaFoundation: 216162199b28c13a410421893ffa2e32 -> 
  custom:scripting/monoscript/fileName/GoEaseBounce.cs: e71b365170d63025c159c4756b1910b2 -> 
  custom:scripting/monoscript/fileName/GoSplineQuadraticBezierSolver.cs: 44dee8c5fd496e5eb749f54d83d1397e -> 
  custom:scripting/monoscript/fileName/GoEaseQuadratic.cs: e3ed230c2d29b99c6f642587e4ad0e5d -> 
  custom:scripting/monoscript/fileName/MaterialColorTweenProperty.cs: f6d4ed9537ac95d7564838fa4e660e7d -> 
  custom:scripting/monoscript/fileName/GoEaseCircular.cs: 84a2009340e8431314db7056edf1bd68 -> 
  custom:scripting/monoscript/fileName/PositionPathTweenProperty.cs: efde40660de14fd7cd1ede2fa47e9837 -> 
  custom:video-encoder-webm-vp8: eb34c28f22e8b96e1ab97ce403110664 -> 
  custom:scripting/monoscript/fileName/FloatTweenProperty.cs: 48aea3a8bbe79ca6e0baa81dc186bdfd -> 
  custom:scripting/monoscript/fileName/GoTweenChain.cs: f9995827e6ddafabc43c1b0e0dcfd886 -> 
  custom:scripting/monoscript/fileName/GoTweenCollectionConfig.cs: 37c99bdc8dc674650bd69bc44bb2e57b -> 
  custom:audio-decoder-ogg-vorbis: bf7c407c2cedff20999df2af8eb42d56 -> 
  custom:scripting/monoscript/fileName/AbstractQuaternionTweenProperty.cs: 65ceda31db804ab1e0e34f0e48afa285 -> 
  custom:scripting/monoscript/fileName/AbstractColorTweenProperty.cs: bba0da230ed56fc0a25af92f6a3e377e -> 
  custom:scripting/monoscript/fileName/AbstractVector3TweenProperty.cs: 6aa4defef7531529f4ddc1516936e2e3 -> 
  custom:CustomObjectIndexerAttribute: 9a22284fe3817be447336de3de66b15e -> 
  custom:scripting/monoscript/fileName/Vector4TweenProperty.cs: 18bb73739ede80588b5bfadcee873907 -> 
  custom:scripting/monoscript/fileName/GoEaseBack.cs: 3f6e00793ada35f633abc2146480990e -> 
  custom:container-demuxer-webm: 4f35f7cbe854078d1ac9338744f61a02 -> 
  custom:scripting/monoscript/fileName/GoTweenConfig.cs: 5b3154c82824c20addf84e8652f51cfe -> 
  custom:scripting/monoscript/fileName/RotationQuaternionTweenProperty.cs: e0d94af0c913b0be4cd670833a2cda91 -> 
  custom:scripting/monoscript/fileName/GoTweenUtils.cs: 867d37edf69335bc6e54784197f28064 -> 
  custom:scripting/monoscript/fileName/GoSplineCubicBezierSolver.cs: 6d81419c64f7c334f4359254f1cbade0 -> 
  custom:audio-encoder-webm-vorbis: bf7c407c2cedff20999df2af8eb42d56 -> 
  custom:scripting/monoscript/fileName/ScalePathTweenProperty.cs: 816c1a788eca415c60d1b7e87fb103fe -> 
  custom:scripting/monoscript/fileName/GoEaseElastic.cs: f0cafb366ac4251d5c35fe413d3f62f6 -> 
  custom:scripting/monoscript/fileName/GoDummyPath.cs: a21201ab2fac2187e4faeaf08bb4ec90 -> 
  custom:scripting/monoscript/fileName/PositionTweenProperty.cs: e367a96b2cbc0b819bff5d0620f4b258 -> 
  custom:scripting/monoscript/fileName/Vector3TweenProperty.cs: 8e9f9d7bb7b15068d97f4d593f097c86 -> 
  custom:scripting/monoscript/fileName/AbstractGoTween.cs: 3bdc69e313ad58745cd33c4b74e6a709 -> 
  custom:scripting/monoscript/fileName/GoSplineStraightLineSolver.cs: b6a3907f2ead3ba9ac17ad3fdd121ec9 -> 
  custom:scripting/monoscript/fileName/AbstractGoTweenCollection.cs: 61d9f5f358696a7942516ed78ffe7e98 -> 
  custom:scripting/monoscript/fileName/Vector3PathTweenProperty.cs: 94848aa2e96060cfeaf83844ee158f0c -> 
  custom:scripting/monoscript/fileName/Vector3ZTweenProperty.cs: 35595634a87246c4e13691b1563178c5 -> 
  custom:scripting/monoscript/fileName/AbstractTweenProperty.cs: c71b2ece20cb4e1e30772e574c806625 -> 
  custom:container-muxer-webm: aa71ff27fc2769a1b78a27578f13a17b -> 
  custom:scripting/monoscript/fileName/AbstractGoSplineSolver.cs: 788a6b8052af6ee0371d3a464e692d1b -> 
  custom:scripting/monoscript/fileName/GoTween.cs: 4df5a8b9fefcbd8a2b5d6fe6223ee62f -> 
  custom:scripting/monoscript/fileName/RotationTweenProperty.cs: 13e7fbd741208cd89873755249a873a9 -> 
========================================================================
Received Prepare
Begin MonoManager ReloadAssembly
- Loaded All Assemblies, in  0.302 seconds
Refreshing native plugins compatible for Editor in 1.06 ms, found 1 plugins.
Native extension for WindowsStandalone target not found
Native extension for Android target not found
Mono: successfully reloaded assembly
- Finished resetting the current domain, in  0.359 seconds
Domain Reload Profiling: 661ms
	BeginReloadAssembly (108ms)
		ExecutionOrderSort (0ms)
		DisableScriptedObjects (4ms)
		BackupInstance (0ms)
		ReleaseScriptingObjects (0ms)
		CreateAndSetChildDomain (17ms)
	RebuildCommonClasses (33ms)
	RebuildNativeTypeToScriptingClass (9ms)
	initialDomainReloadingComplete (19ms)
	LoadAllAssembliesAndSetupDomain (133ms)
		LoadAssemblies (183ms)
		RebuildTransferFunctionScriptingTraits (0ms)
		AnalyzeDomain (13ms)
			TypeCache.Refresh (6ms)
				TypeCache.ScanAssembly (0ms)
			ScanForSourceGeneratedMonoScriptInfo (2ms)
			ResolveRequiredComponents (4ms)
	FinalizeReload (359ms)
		ReleaseScriptCaches (0ms)
		RebuildScriptCaches (0ms)
		SetupLoadedEditorAssemblies (180ms)
			LogAssemblyErrors (0ms)
			InitializePlatformSupportModulesInManaged (19ms)
			SetLoadedEditorAssemblies (3ms)
			RefreshPlugins (0ms)
			BeforeProcessingInitializeOnLoad (37ms)
			ProcessInitializeOnLoadAttributes (104ms)
			ProcessInitializeOnLoadMethodAttributes (16ms)
			AfterProcessingInitializeOnLoad (2ms)
			EditorAssembliesLoaded (0ms)
		ExecutionOrderSort2 (0ms)
		AwakeInstancesAfterBackupRestoration (5ms)
Refreshing native plugins compatible for Editor in 1.00 ms, found 1 plugins.
Preloading 0 native plugins for Editor in 0.00 ms.
Unloading 2307 Unused Serialized files (Serialized files now loaded: 0)
Unloading 21 unused Assets / (26.9 KB). Loaded Objects now: 2841.
Memory consumption went from 104.4 MB to 104.4 MB.
Total: 1.737700 ms (FindLiveObjects: 0.122400 ms CreateObjectMapping: 0.045400 ms MarkObjects: 1.534500 ms  DeleteObjects: 0.034900 ms)

Prepare: number of updated asset objects reloaded= 0
AssetImportParameters requested are different than current active one (requested -> active):
  custom:scripting/monoscript/fileName/GoSmoothedVector3.cs: 3a6ceb396859da913cbecdd1940e0aa2 -> 
  custom:scripting/monoscript/fileName/EulerAnglesTweenProperty.cs: 7a2321a8c63f28c3857aa33414a11270 -> 
  custom:video-decoder-webm-vp8: 9c59270c3fd7afecdb556c50c9e8de78 -> 
  custom:scripting/monoscript/fileName/IGenericProperty.cs: f404e27010d8ce1a25f7cc2ac06431ac -> 
  custom:scripting/monoscript/fileName/GoEaseSinusoidal.cs: e637d6b7456e2acd06dfd152f10b71d1 -> 
  custom:scripting/monoscript/fileName/GoSplineCatmullRomSolver.cs: 8bbd4e9dc2722b25540d14d500b88879 -> 
  custom:scripting/monoscript/fileName/IntTweenProperty.cs: 1f39418055dd7708ff3b9e75a86d93a1 -> 
  custom:scripting/monoscript/fileName/Vector3YTweenProperty.cs: 2b996e9222bddad772657bb084e9da48 -> 
  custom:scripting/monoscript/fileName/GoEaseQuintic.cs: 672086238d051af0856016e64ad97204 -> 
  custom:scripting/monoscript/fileName/GoEaseCubic.cs: 7d74fd43480e52f793e3086826193b77 -> 
  custom:SearchIndexIgnoredProperties: e643bd26f0fe6173181afceb89e7c659 -> 
  custom:scripting/monoscript/fileName/GoSmoothedQuaternion.cs: 92de95a3ce149743e526859a8d0255c5 -> 
  custom:container-demuxer-ogg: 62fdf1f143b41e24485cea50d1cbac27 -> 
  custom:AudioImporter_EditorPlatform: d09bf68614088b80899f8185d706f6e7 -> 
  custom:scripting/monoscript/fileName/ShakeTweenProperty.cs: fdb713005206085d3b49cdd6b2d15f80 -> 
  custom:scripting/monoscript/fileName/Vector2TweenProperty.cs: d7a25a544d56d947d9526019347f1f6e -> 
  custom:scripting/monoscript/fileName/GoKitTweenExtensions.cs: 28ee7421c4d34eb9c057646838e28859 -> 
  custom:scripting/monoscript/fileName/Vector3XTweenProperty.cs: 9592582ea2f541a8cf92ba7dd7dd85f2 -> 
  custom:scripting/monoscript/fileName/Go.cs: 840adb47e0f4be71eeea7168442feb7d -> 
  custom:scripting/monoscript/fileName/ColorTweenProperty.cs: 94ba4bee52d153d3fd58a82d4cf8ce0c -> 
  custom:scripting/monoscript/fileName/GoEaseLinear.cs: b690756fd76817f101a31dcd50ae4adc -> 
  custom:scripting/monoscript/fileName/GoEaseExponential.cs: 8f890ce1f0130e8014d1a219fa0d7904 -> 
  custom:scripting/monoscript/fileName/ScaleTweenProperty.cs: 068e501b322923caa36166fe86d472e5 -> 
  custom:video-decoder-ogg-theora: a1e56fd34408186e4bbccfd4996cb3dc -> 
  custom:scripting/monoscript/fileName/GoSpline.cs: 8039f73cfdc174dc6ffa15343c307f29 -> 
  custom:scripting/monoscript/fileName/GoTweenFlow.cs: ce7a11a1fb9e8397b83cab3847ba7970 -> 
  custom:scripting/monoscript/fileName/GoEaseQuartic.cs: d34853ce84f33fe9033901002d4ff793 -> 
  custom:framework-win-MediaFoundation: 216162199b28c13a410421893ffa2e32 -> 
  custom:scripting/monoscript/fileName/GoEaseBounce.cs: e71b365170d63025c159c4756b1910b2 -> 
  custom:scripting/monoscript/fileName/GoSplineQuadraticBezierSolver.cs: 44dee8c5fd496e5eb749f54d83d1397e -> 
  custom:scripting/monoscript/fileName/GoEaseQuadratic.cs: e3ed230c2d29b99c6f642587e4ad0e5d -> 
  custom:scripting/monoscript/fileName/MaterialColorTweenProperty.cs: f6d4ed9537ac95d7564838fa4e660e7d -> 
  custom:scripting/monoscript/fileName/GoEaseCircular.cs: 84a2009340e8431314db7056edf1bd68 -> 
  custom:scripting/monoscript/fileName/PositionPathTweenProperty.cs: efde40660de14fd7cd1ede2fa47e9837 -> 
  custom:video-encoder-webm-vp8: eb34c28f22e8b96e1ab97ce403110664 -> 
  custom:scripting/monoscript/fileName/FloatTweenProperty.cs: 48aea3a8bbe79ca6e0baa81dc186bdfd -> 
  custom:scripting/monoscript/fileName/GoTweenChain.cs: f9995827e6ddafabc43c1b0e0dcfd886 -> 
  custom:scripting/monoscript/fileName/GoTweenCollectionConfig.cs: 37c99bdc8dc674650bd69bc44bb2e57b -> 
  custom:audio-decoder-ogg-vorbis: bf7c407c2cedff20999df2af8eb42d56 -> 
  custom:scripting/monoscript/fileName/AbstractQuaternionTweenProperty.cs: 65ceda31db804ab1e0e34f0e48afa285 -> 
  custom:scripting/monoscript/fileName/AbstractColorTweenProperty.cs: bba0da230ed56fc0a25af92f6a3e377e -> 
  custom:scripting/monoscript/fileName/AbstractVector3TweenProperty.cs: 6aa4defef7531529f4ddc1516936e2e3 -> 
  custom:CustomObjectIndexerAttribute: 9a22284fe3817be447336de3de66b15e -> 
  custom:scripting/monoscript/fileName/Vector4TweenProperty.cs: 18bb73739ede80588b5bfadcee873907 -> 
  custom:scripting/monoscript/fileName/GoEaseBack.cs: 3f6e00793ada35f633abc2146480990e -> 
  custom:container-demuxer-webm: 4f35f7cbe854078d1ac9338744f61a02 -> 
  custom:scripting/monoscript/fileName/GoTweenConfig.cs: 5b3154c82824c20addf84e8652f51cfe -> 
  custom:scripting/monoscript/fileName/RotationQuaternionTweenProperty.cs: e0d94af0c913b0be4cd670833a2cda91 -> 
  custom:scripting/monoscript/fileName/GoTweenUtils.cs: 867d37edf69335bc6e54784197f28064 -> 
  custom:scripting/monoscript/fileName/GoSplineCubicBezierSolver.cs: 6d81419c64f7c334f4359254f1cbade0 -> 
  custom:audio-encoder-webm-vorbis: bf7c407c2cedff20999df2af8eb42d56 -> 
  custom:scripting/monoscript/fileName/ScalePathTweenProperty.cs: 816c1a788eca415c60d1b7e87fb103fe -> 
  custom:scripting/monoscript/fileName/GoEaseElastic.cs: f0cafb366ac4251d5c35fe413d3f62f6 -> 
  custom:scripting/monoscript/fileName/GoDummyPath.cs: a21201ab2fac2187e4faeaf08bb4ec90 -> 
  custom:scripting/monoscript/fileName/PositionTweenProperty.cs: e367a96b2cbc0b819bff5d0620f4b258 -> 
  custom:scripting/monoscript/fileName/Vector3TweenProperty.cs: 8e9f9d7bb7b15068d97f4d593f097c86 -> 
  custom:scripting/monoscript/fileName/AbstractGoTween.cs: 3bdc69e313ad58745cd33c4b74e6a709 -> 
  custom:scripting/monoscript/fileName/GoSplineStraightLineSolver.cs: b6a3907f2ead3ba9ac17ad3fdd121ec9 -> 
  custom:scripting/monoscript/fileName/AbstractGoTweenCollection.cs: 61d9f5f358696a7942516ed78ffe7e98 -> 
  custom:scripting/monoscript/fileName/Vector3PathTweenProperty.cs: 94848aa2e96060cfeaf83844ee158f0c -> 
  custom:scripting/monoscript/fileName/Vector3ZTweenProperty.cs: 35595634a87246c4e13691b1563178c5 -> 
  custom:scripting/monoscript/fileName/AbstractTweenProperty.cs: c71b2ece20cb4e1e30772e574c806625 -> 
  custom:container-muxer-webm: aa71ff27fc2769a1b78a27578f13a17b -> 
  custom:scripting/monoscript/fileName/AbstractGoSplineSolver.cs: 788a6b8052af6ee0371d3a464e692d1b -> 
  custom:scripting/monoscript/fileName/GoTween.cs: 4df5a8b9fefcbd8a2b5d6fe6223ee62f -> 
  custom:scripting/monoscript/fileName/RotationTweenProperty.cs: 13e7fbd741208cd89873755249a873a9 -> 
========================================================================
Received Prepare
Begin MonoManager ReloadAssembly
- Loaded All Assemblies, in  0.297 seconds
Refreshing native plugins compatible for Editor in 1.62 ms, found 1 plugins.
Native extension for WindowsStandalone target not found
Native extension for Android target not found
Mono: successfully reloaded assembly
- Finished resetting the current domain, in  0.381 seconds
Domain Reload Profiling: 678ms
	BeginReloadAssembly (107ms)
		ExecutionOrderSort (0ms)
		DisableScriptedObjects (4ms)
		BackupInstance (0ms)
		ReleaseScriptingObjects (0ms)
		CreateAndSetChildDomain (17ms)
	RebuildCommonClasses (23ms)
	RebuildNativeTypeToScriptingClass (8ms)
	initialDomainReloadingComplete (22ms)
	LoadAllAssembliesAndSetupDomain (136ms)
		LoadAssemblies (184ms)
		RebuildTransferFunctionScriptingTraits (0ms)
		AnalyzeDomain (14ms)
			TypeCache.Refresh (6ms)
				TypeCache.ScanAssembly (0ms)
			ScanForSourceGeneratedMonoScriptInfo (2ms)
			ResolveRequiredComponents (6ms)
	FinalizeReload (382ms)
		ReleaseScriptCaches (0ms)
		RebuildScriptCaches (0ms)
		SetupLoadedEditorAssemblies (193ms)
			LogAssemblyErrors (0ms)
			InitializePlatformSupportModulesInManaged (16ms)
			SetLoadedEditorAssemblies (2ms)
			RefreshPlugins (0ms)
			BeforeProcessingInitializeOnLoad (36ms)
			ProcessInitializeOnLoadAttributes (118ms)
			ProcessInitializeOnLoadMethodAttributes (18ms)
			AfterProcessingInitializeOnLoad (3ms)
			EditorAssembliesLoaded (0ms)
		ExecutionOrderSort2 (0ms)
		AwakeInstancesAfterBackupRestoration (7ms)
Refreshing native plugins compatible for Editor in 1.32 ms, found 1 plugins.
Preloading 0 native plugins for Editor in 0.00 ms.
Unloading 2307 Unused Serialized files (Serialized files now loaded: 0)
Unloading 21 unused Assets / (27.0 KB). Loaded Objects now: 2844.
Memory consumption went from 104.4 MB to 104.4 MB.
Total: 2.517200 ms (FindLiveObjects: 0.196800 ms CreateObjectMapping: 0.094900 ms MarkObjects: 2.181500 ms  DeleteObjects: 0.042700 ms)

Prepare: number of updated asset objects reloaded= 0
AssetImportParameters requested are different than current active one (requested -> active):
  custom:scripting/monoscript/fileName/GoSmoothedVector3.cs: 3a6ceb396859da913cbecdd1940e0aa2 -> 
  custom:scripting/monoscript/fileName/EulerAnglesTweenProperty.cs: 7a2321a8c63f28c3857aa33414a11270 -> 
  custom:video-decoder-webm-vp8: 9c59270c3fd7afecdb556c50c9e8de78 -> 
  custom:scripting/monoscript/fileName/IGenericProperty.cs: f404e27010d8ce1a25f7cc2ac06431ac -> 
  custom:scripting/monoscript/fileName/GoEaseSinusoidal.cs: e637d6b7456e2acd06dfd152f10b71d1 -> 
  custom:scripting/monoscript/fileName/GoSplineCatmullRomSolver.cs: 8bbd4e9dc2722b25540d14d500b88879 -> 
  custom:scripting/monoscript/fileName/IntTweenProperty.cs: 1f39418055dd7708ff3b9e75a86d93a1 -> 
  custom:scripting/monoscript/fileName/Vector3YTweenProperty.cs: 2b996e9222bddad772657bb084e9da48 -> 
  custom:scripting/monoscript/fileName/GoEaseQuintic.cs: 672086238d051af0856016e64ad97204 -> 
  custom:scripting/monoscript/fileName/GoEaseCubic.cs: 7d74fd43480e52f793e3086826193b77 -> 
  custom:SearchIndexIgnoredProperties: e643bd26f0fe6173181afceb89e7c659 -> 
  custom:scripting/monoscript/fileName/GoSmoothedQuaternion.cs: 92de95a3ce149743e526859a8d0255c5 -> 
  custom:container-demuxer-ogg: 62fdf1f143b41e24485cea50d1cbac27 -> 
  custom:AudioImporter_EditorPlatform: d09bf68614088b80899f8185d706f6e7 -> 
  custom:scripting/monoscript/fileName/ShakeTweenProperty.cs: fdb713005206085d3b49cdd6b2d15f80 -> 
  custom:scripting/monoscript/fileName/Vector2TweenProperty.cs: d7a25a544d56d947d9526019347f1f6e -> 
  custom:scripting/monoscript/fileName/GoKitTweenExtensions.cs: 28ee7421c4d34eb9c057646838e28859 -> 
  custom:scripting/monoscript/fileName/Vector3XTweenProperty.cs: 9592582ea2f541a8cf92ba7dd7dd85f2 -> 
  custom:scripting/monoscript/fileName/Go.cs: 840adb47e0f4be71eeea7168442feb7d -> 
  custom:scripting/monoscript/fileName/ColorTweenProperty.cs: 94ba4bee52d153d3fd58a82d4cf8ce0c -> 
  custom:scripting/monoscript/fileName/GoEaseLinear.cs: b690756fd76817f101a31dcd50ae4adc -> 
  custom:scripting/monoscript/fileName/GoEaseExponential.cs: 8f890ce1f0130e8014d1a219fa0d7904 -> 
  custom:scripting/monoscript/fileName/ScaleTweenProperty.cs: 068e501b322923caa36166fe86d472e5 -> 
  custom:video-decoder-ogg-theora: a1e56fd34408186e4bbccfd4996cb3dc -> 
  custom:scripting/monoscript/fileName/GoSpline.cs: 8039f73cfdc174dc6ffa15343c307f29 -> 
  custom:scripting/monoscript/fileName/GoTweenFlow.cs: ce7a11a1fb9e8397b83cab3847ba7970 -> 
  custom:scripting/monoscript/fileName/GoEaseQuartic.cs: d34853ce84f33fe9033901002d4ff793 -> 
  custom:framework-win-MediaFoundation: 216162199b28c13a410421893ffa2e32 -> 
  custom:scripting/monoscript/fileName/GoEaseBounce.cs: e71b365170d63025c159c4756b1910b2 -> 
  custom:scripting/monoscript/fileName/GoSplineQuadraticBezierSolver.cs: 44dee8c5fd496e5eb749f54d83d1397e -> 
  custom:scripting/monoscript/fileName/GoEaseQuadratic.cs: e3ed230c2d29b99c6f642587e4ad0e5d -> 
  custom:scripting/monoscript/fileName/MaterialColorTweenProperty.cs: f6d4ed9537ac95d7564838fa4e660e7d -> 
  custom:scripting/monoscript/fileName/GoEaseCircular.cs: 84a2009340e8431314db7056edf1bd68 -> 
  custom:scripting/monoscript/fileName/PositionPathTweenProperty.cs: efde40660de14fd7cd1ede2fa47e9837 -> 
  custom:video-encoder-webm-vp8: eb34c28f22e8b96e1ab97ce403110664 -> 
  custom:scripting/monoscript/fileName/FloatTweenProperty.cs: 48aea3a8bbe79ca6e0baa81dc186bdfd -> 
  custom:scripting/monoscript/fileName/GoTweenChain.cs: f9995827e6ddafabc43c1b0e0dcfd886 -> 
  custom:scripting/monoscript/fileName/GoTweenCollectionConfig.cs: 37c99bdc8dc674650bd69bc44bb2e57b -> 
  custom:audio-decoder-ogg-vorbis: bf7c407c2cedff20999df2af8eb42d56 -> 
  custom:scripting/monoscript/fileName/AbstractQuaternionTweenProperty.cs: 65ceda31db804ab1e0e34f0e48afa285 -> 
  custom:scripting/monoscript/fileName/AbstractColorTweenProperty.cs: bba0da230ed56fc0a25af92f6a3e377e -> 
  custom:scripting/monoscript/fileName/AbstractVector3TweenProperty.cs: 6aa4defef7531529f4ddc1516936e2e3 -> 
  custom:CustomObjectIndexerAttribute: 9a22284fe3817be447336de3de66b15e -> 
  custom:scripting/monoscript/fileName/Vector4TweenProperty.cs: 18bb73739ede80588b5bfadcee873907 -> 
  custom:scripting/monoscript/fileName/GoEaseBack.cs: 3f6e00793ada35f633abc2146480990e -> 
  custom:container-demuxer-webm: 4f35f7cbe854078d1ac9338744f61a02 -> 
  custom:scripting/monoscript/fileName/GoTweenConfig.cs: 5b3154c82824c20addf84e8652f51cfe -> 
  custom:scripting/monoscript/fileName/RotationQuaternionTweenProperty.cs: e0d94af0c913b0be4cd670833a2cda91 -> 
  custom:scripting/monoscript/fileName/GoTweenUtils.cs: 867d37edf69335bc6e54784197f28064 -> 
  custom:scripting/monoscript/fileName/GoSplineCubicBezierSolver.cs: 6d81419c64f7c334f4359254f1cbade0 -> 
  custom:audio-encoder-webm-vorbis: bf7c407c2cedff20999df2af8eb42d56 -> 
  custom:scripting/monoscript/fileName/ScalePathTweenProperty.cs: 816c1a788eca415c60d1b7e87fb103fe -> 
  custom:scripting/monoscript/fileName/GoEaseElastic.cs: f0cafb366ac4251d5c35fe413d3f62f6 -> 
  custom:scripting/monoscript/fileName/GoDummyPath.cs: a21201ab2fac2187e4faeaf08bb4ec90 -> 
  custom:scripting/monoscript/fileName/PositionTweenProperty.cs: e367a96b2cbc0b819bff5d0620f4b258 -> 
  custom:scripting/monoscript/fileName/Vector3TweenProperty.cs: 8e9f9d7bb7b15068d97f4d593f097c86 -> 
  custom:scripting/monoscript/fileName/AbstractGoTween.cs: 3bdc69e313ad58745cd33c4b74e6a709 -> 
  custom:scripting/monoscript/fileName/GoSplineStraightLineSolver.cs: b6a3907f2ead3ba9ac17ad3fdd121ec9 -> 
  custom:scripting/monoscript/fileName/AbstractGoTweenCollection.cs: 61d9f5f358696a7942516ed78ffe7e98 -> 
  custom:scripting/monoscript/fileName/Vector3PathTweenProperty.cs: 94848aa2e96060cfeaf83844ee158f0c -> 
  custom:scripting/monoscript/fileName/Vector3ZTweenProperty.cs: 35595634a87246c4e13691b1563178c5 -> 
  custom:scripting/monoscript/fileName/AbstractTweenProperty.cs: c71b2ece20cb4e1e30772e574c806625 -> 
  custom:container-muxer-webm: aa71ff27fc2769a1b78a27578f13a17b -> 
  custom:scripting/monoscript/fileName/AbstractGoSplineSolver.cs: 788a6b8052af6ee0371d3a464e692d1b -> 
  custom:scripting/monoscript/fileName/GoTween.cs: 4df5a8b9fefcbd8a2b5d6fe6223ee62f -> 
  custom:scripting/monoscript/fileName/RotationTweenProperty.cs: 13e7fbd741208cd89873755249a873a9 -> 
========================================================================
Received Prepare
Begin MonoManager ReloadAssembly
- Loaded All Assemblies, in  0.276 seconds
Refreshing native plugins compatible for Editor in 1.23 ms, found 1 plugins.
Native extension for WindowsStandalone target not found
Native extension for Android target not found
Mono: successfully reloaded assembly
- Finished resetting the current domain, in  0.345 seconds
Domain Reload Profiling: 621ms
	BeginReloadAssembly (107ms)
		ExecutionOrderSort (0ms)
		DisableScriptedObjects (4ms)
		BackupInstance (0ms)
		ReleaseScriptingObjects (0ms)
		CreateAndSetChildDomain (18ms)
	RebuildCommonClasses (24ms)
	RebuildNativeTypeToScriptingClass (8ms)
	initialDomainReloadingComplete (19ms)
	LoadAllAssembliesAndSetupDomain (118ms)
		LoadAssemblies (170ms)
		RebuildTransferFunctionScriptingTraits (0ms)
		AnalyzeDomain (9ms)
			TypeCache.Refresh (4ms)
				TypeCache.ScanAssembly (0ms)
			ScanForSourceGeneratedMonoScriptInfo (0ms)
			ResolveRequiredComponents (4ms)
	FinalizeReload (345ms)
		ReleaseScriptCaches (0ms)
		RebuildScriptCaches (0ms)
		SetupLoadedEditorAssemblies (171ms)
			LogAssemblyErrors (0ms)
			InitializePlatformSupportModulesInManaged (17ms)
			SetLoadedEditorAssemblies (2ms)
			RefreshPlugins (0ms)
			BeforeProcessingInitializeOnLoad (33ms)
			ProcessInitializeOnLoadAttributes (101ms)
			ProcessInitializeOnLoadMethodAttributes (16ms)
			AfterProcessingInitializeOnLoad (2ms)
			EditorAssembliesLoaded (0ms)
		ExecutionOrderSort2 (0ms)
		AwakeInstancesAfterBackupRestoration (5ms)
Refreshing native plugins compatible for Editor in 1.02 ms, found 1 plugins.
Preloading 0 native plugins for Editor in 0.00 ms.
Unloading 2307 Unused Serialized files (Serialized files now loaded: 0)
Unloading 21 unused Assets / (27.0 KB). Loaded Objects now: 2847.
Memory consumption went from 104.4 MB to 104.4 MB.
Total: 1.816200 ms (FindLiveObjects: 0.147700 ms CreateObjectMapping: 0.049600 ms MarkObjects: 1.584400 ms  DeleteObjects: 0.033800 ms)

Prepare: number of updated asset objects reloaded= 0
AssetImportParameters requested are different than current active one (requested -> active):
  custom:scripting/monoscript/fileName/GoSmoothedVector3.cs: 3a6ceb396859da913cbecdd1940e0aa2 -> 
  custom:scripting/monoscript/fileName/EulerAnglesTweenProperty.cs: 7a2321a8c63f28c3857aa33414a11270 -> 
  custom:video-decoder-webm-vp8: 9c59270c3fd7afecdb556c50c9e8de78 -> 
  custom:scripting/monoscript/fileName/IGenericProperty.cs: f404e27010d8ce1a25f7cc2ac06431ac -> 
  custom:scripting/monoscript/fileName/GoEaseSinusoidal.cs: e637d6b7456e2acd06dfd152f10b71d1 -> 
  custom:scripting/monoscript/fileName/GoSplineCatmullRomSolver.cs: 8bbd4e9dc2722b25540d14d500b88879 -> 
  custom:scripting/monoscript/fileName/IntTweenProperty.cs: 1f39418055dd7708ff3b9e75a86d93a1 -> 
  custom:scripting/monoscript/fileName/Vector3YTweenProperty.cs: 2b996e9222bddad772657bb084e9da48 -> 
  custom:scripting/monoscript/fileName/GoEaseQuintic.cs: 672086238d051af0856016e64ad97204 -> 
  custom:scripting/monoscript/fileName/GoEaseCubic.cs: 7d74fd43480e52f793e3086826193b77 -> 
  custom:SearchIndexIgnoredProperties: e643bd26f0fe6173181afceb89e7c659 -> 
  custom:scripting/monoscript/fileName/GoSmoothedQuaternion.cs: 92de95a3ce149743e526859a8d0255c5 -> 
  custom:container-demuxer-ogg: 62fdf1f143b41e24485cea50d1cbac27 -> 
  custom:AudioImporter_EditorPlatform: d09bf68614088b80899f8185d706f6e7 -> 
  custom:scripting/monoscript/fileName/ShakeTweenProperty.cs: fdb713005206085d3b49cdd6b2d15f80 -> 
  custom:scripting/monoscript/fileName/Vector2TweenProperty.cs: d7a25a544d56d947d9526019347f1f6e -> 
  custom:scripting/monoscript/fileName/GoKitTweenExtensions.cs: 28ee7421c4d34eb9c057646838e28859 -> 
  custom:scripting/monoscript/fileName/Vector3XTweenProperty.cs: 9592582ea2f541a8cf92ba7dd7dd85f2 -> 
  custom:scripting/monoscript/fileName/Go.cs: 840adb47e0f4be71eeea7168442feb7d -> 
  custom:scripting/monoscript/fileName/ColorTweenProperty.cs: 94ba4bee52d153d3fd58a82d4cf8ce0c -> 
  custom:scripting/monoscript/fileName/GoEaseLinear.cs: b690756fd76817f101a31dcd50ae4adc -> 
  custom:scripting/monoscript/fileName/GoEaseExponential.cs: 8f890ce1f0130e8014d1a219fa0d7904 -> 
  custom:scripting/monoscript/fileName/ScaleTweenProperty.cs: 068e501b322923caa36166fe86d472e5 -> 
  custom:video-decoder-ogg-theora: a1e56fd34408186e4bbccfd4996cb3dc -> 
  custom:scripting/monoscript/fileName/GoSpline.cs: 8039f73cfdc174dc6ffa15343c307f29 -> 
  custom:scripting/monoscript/fileName/GoTweenFlow.cs: ce7a11a1fb9e8397b83cab3847ba7970 -> 
  custom:scripting/monoscript/fileName/GoEaseQuartic.cs: d34853ce84f33fe9033901002d4ff793 -> 
  custom:framework-win-MediaFoundation: 216162199b28c13a410421893ffa2e32 -> 
  custom:scripting/monoscript/fileName/GoEaseBounce.cs: e71b365170d63025c159c4756b1910b2 -> 
  custom:scripting/monoscript/fileName/GoSplineQuadraticBezierSolver.cs: 44dee8c5fd496e5eb749f54d83d1397e -> 
  custom:scripting/monoscript/fileName/GoEaseQuadratic.cs: e3ed230c2d29b99c6f642587e4ad0e5d -> 
  custom:scripting/monoscript/fileName/MaterialColorTweenProperty.cs: f6d4ed9537ac95d7564838fa4e660e7d -> 
  custom:scripting/monoscript/fileName/GoEaseCircular.cs: 84a2009340e8431314db7056edf1bd68 -> 
  custom:scripting/monoscript/fileName/PositionPathTweenProperty.cs: efde40660de14fd7cd1ede2fa47e9837 -> 
  custom:video-encoder-webm-vp8: eb34c28f22e8b96e1ab97ce403110664 -> 
  custom:scripting/monoscript/fileName/FloatTweenProperty.cs: 48aea3a8bbe79ca6e0baa81dc186bdfd -> 
  custom:scripting/monoscript/fileName/GoTweenChain.cs: f9995827e6ddafabc43c1b0e0dcfd886 -> 
  custom:scripting/monoscript/fileName/GoTweenCollectionConfig.cs: 37c99bdc8dc674650bd69bc44bb2e57b -> 
  custom:audio-decoder-ogg-vorbis: bf7c407c2cedff20999df2af8eb42d56 -> 
  custom:scripting/monoscript/fileName/AbstractQuaternionTweenProperty.cs: 65ceda31db804ab1e0e34f0e48afa285 -> 
  custom:scripting/monoscript/fileName/AbstractColorTweenProperty.cs: bba0da230ed56fc0a25af92f6a3e377e -> 
  custom:scripting/monoscript/fileName/AbstractVector3TweenProperty.cs: 6aa4defef7531529f4ddc1516936e2e3 -> 
  custom:CustomObjectIndexerAttribute: 9a22284fe3817be447336de3de66b15e -> 
  custom:scripting/monoscript/fileName/Vector4TweenProperty.cs: 18bb73739ede80588b5bfadcee873907 -> 
  custom:scripting/monoscript/fileName/GoEaseBack.cs: 3f6e00793ada35f633abc2146480990e -> 
  custom:container-demuxer-webm: 4f35f7cbe854078d1ac9338744f61a02 -> 
  custom:scripting/monoscript/fileName/GoTweenConfig.cs: 5b3154c82824c20addf84e8652f51cfe -> 
  custom:scripting/monoscript/fileName/RotationQuaternionTweenProperty.cs: e0d94af0c913b0be4cd670833a2cda91 -> 
  custom:scripting/monoscript/fileName/GoTweenUtils.cs: 867d37edf69335bc6e54784197f28064 -> 
  custom:scripting/monoscript/fileName/GoSplineCubicBezierSolver.cs: 6d81419c64f7c334f4359254f1cbade0 -> 
  custom:audio-encoder-webm-vorbis: bf7c407c2cedff20999df2af8eb42d56 -> 
  custom:scripting/monoscript/fileName/ScalePathTweenProperty.cs: 816c1a788eca415c60d1b7e87fb103fe -> 
  custom:scripting/monoscript/fileName/GoEaseElastic.cs: f0cafb366ac4251d5c35fe413d3f62f6 -> 
  custom:scripting/monoscript/fileName/GoDummyPath.cs: a21201ab2fac2187e4faeaf08bb4ec90 -> 
  custom:scripting/monoscript/fileName/PositionTweenProperty.cs: e367a96b2cbc0b819bff5d0620f4b258 -> 
  custom:scripting/monoscript/fileName/Vector3TweenProperty.cs: 8e9f9d7bb7b15068d97f4d593f097c86 -> 
  custom:scripting/monoscript/fileName/AbstractGoTween.cs: 3bdc69e313ad58745cd33c4b74e6a709 -> 
  custom:scripting/monoscript/fileName/GoSplineStraightLineSolver.cs: b6a3907f2ead3ba9ac17ad3fdd121ec9 -> 
  custom:scripting/monoscript/fileName/AbstractGoTweenCollection.cs: 61d9f5f358696a7942516ed78ffe7e98 -> 
  custom:scripting/monoscript/fileName/Vector3PathTweenProperty.cs: 94848aa2e96060cfeaf83844ee158f0c -> 
  custom:scripting/monoscript/fileName/Vector3ZTweenProperty.cs: 35595634a87246c4e13691b1563178c5 -> 
  custom:scripting/monoscript/fileName/AbstractTweenProperty.cs: c71b2ece20cb4e1e30772e574c806625 -> 
  custom:container-muxer-webm: aa71ff27fc2769a1b78a27578f13a17b -> 
  custom:scripting/monoscript/fileName/AbstractGoSplineSolver.cs: 788a6b8052af6ee0371d3a464e692d1b -> 
  custom:scripting/monoscript/fileName/GoTween.cs: 4df5a8b9fefcbd8a2b5d6fe6223ee62f -> 
  custom:scripting/monoscript/fileName/RotationTweenProperty.cs: 13e7fbd741208cd89873755249a873a9 -> 
========================================================================
Received Prepare
Begin MonoManager ReloadAssembly
- Loaded All Assemblies, in  0.272 seconds
Refreshing native plugins compatible for Editor in 1.00 ms, found 1 plugins.
Native extension for WindowsStandalone target not found
Native extension for Android target not found
Mono: successfully reloaded assembly
- Finished resetting the current domain, in  0.365 seconds
Domain Reload Profiling: 636ms
	BeginReloadAssembly (106ms)
		ExecutionOrderSort (0ms)
		DisableScriptedObjects (5ms)
		BackupInstance (0ms)
		ReleaseScriptingObjects (0ms)
		CreateAndSetChildDomain (20ms)
	RebuildCommonClasses (23ms)
	RebuildNativeTypeToScriptingClass (8ms)
	initialDomainReloadingComplete (17ms)
	LoadAllAssembliesAndSetupDomain (118ms)
		LoadAssemblies (167ms)
		RebuildTransferFunctionScriptingTraits (0ms)
		AnalyzeDomain (9ms)
			TypeCache.Refresh (4ms)
				TypeCache.ScanAssembly (0ms)
			ScanForSourceGeneratedMonoScriptInfo (0ms)
			ResolveRequiredComponents (4ms)
	FinalizeReload (365ms)
		ReleaseScriptCaches (0ms)
		RebuildScriptCaches (0ms)
		SetupLoadedEditorAssemblies (168ms)
			LogAssemblyErrors (0ms)
			InitializePlatformSupportModulesInManaged (15ms)
			SetLoadedEditorAssemblies (3ms)
			RefreshPlugins (0ms)
			BeforeProcessingInitializeOnLoad (32ms)
			ProcessInitializeOnLoadAttributes (102ms)
			ProcessInitializeOnLoadMethodAttributes (15ms)
			AfterProcessingInitializeOnLoad (2ms)
			EditorAssembliesLoaded (0ms)
		ExecutionOrderSort2 (0ms)
		AwakeInstancesAfterBackupRestoration (4ms)
Refreshing native plugins compatible for Editor in 1.20 ms, found 1 plugins.
Preloading 0 native plugins for Editor in 0.00 ms.
Unloading 2307 Unused Serialized files (Serialized files now loaded: 0)
Unloading 21 unused Assets / (26.9 KB). Loaded Objects now: 2850.
Memory consumption went from 104.4 MB to 104.4 MB.
Total: 2.018900 ms (FindLiveObjects: 0.136500 ms CreateObjectMapping: 0.061200 ms MarkObjects: 1.784300 ms  DeleteObjects: 0.036000 ms)

Prepare: number of updated asset objects reloaded= 0
AssetImportParameters requested are different than current active one (requested -> active):
  custom:scripting/monoscript/fileName/GoSmoothedVector3.cs: 3a6ceb396859da913cbecdd1940e0aa2 -> 
  custom:scripting/monoscript/fileName/EulerAnglesTweenProperty.cs: 7a2321a8c63f28c3857aa33414a11270 -> 
  custom:video-decoder-webm-vp8: 9c59270c3fd7afecdb556c50c9e8de78 -> 
  custom:scripting/monoscript/fileName/IGenericProperty.cs: f404e27010d8ce1a25f7cc2ac06431ac -> 
  custom:scripting/monoscript/fileName/GoEaseSinusoidal.cs: e637d6b7456e2acd06dfd152f10b71d1 -> 
  custom:scripting/monoscript/fileName/GoSplineCatmullRomSolver.cs: 8bbd4e9dc2722b25540d14d500b88879 -> 
  custom:scripting/monoscript/fileName/IntTweenProperty.cs: 1f39418055dd7708ff3b9e75a86d93a1 -> 
  custom:scripting/monoscript/fileName/Vector3YTweenProperty.cs: 2b996e9222bddad772657bb084e9da48 -> 
  custom:scripting/monoscript/fileName/GoEaseQuintic.cs: 672086238d051af0856016e64ad97204 -> 
  custom:scripting/monoscript/fileName/GoEaseCubic.cs: 7d74fd43480e52f793e3086826193b77 -> 
  custom:SearchIndexIgnoredProperties: e643bd26f0fe6173181afceb89e7c659 -> 
  custom:scripting/monoscript/fileName/GoSmoothedQuaternion.cs: 92de95a3ce149743e526859a8d0255c5 -> 
  custom:container-demuxer-ogg: 62fdf1f143b41e24485cea50d1cbac27 -> 
  custom:AudioImporter_EditorPlatform: d09bf68614088b80899f8185d706f6e7 -> 
  custom:scripting/monoscript/fileName/ShakeTweenProperty.cs: fdb713005206085d3b49cdd6b2d15f80 -> 
  custom:scripting/monoscript/fileName/Vector2TweenProperty.cs: d7a25a544d56d947d9526019347f1f6e -> 
  custom:scripting/monoscript/fileName/GoKitTweenExtensions.cs: 28ee7421c4d34eb9c057646838e28859 -> 
  custom:scripting/monoscript/fileName/Vector3XTweenProperty.cs: 9592582ea2f541a8cf92ba7dd7dd85f2 -> 
  custom:scripting/monoscript/fileName/Go.cs: 840adb47e0f4be71eeea7168442feb7d -> 
  custom:scripting/monoscript/fileName/ColorTweenProperty.cs: 94ba4bee52d153d3fd58a82d4cf8ce0c -> 
  custom:scripting/monoscript/fileName/GoEaseLinear.cs: b690756fd76817f101a31dcd50ae4adc -> 
  custom:scripting/monoscript/fileName/GoEaseExponential.cs: 8f890ce1f0130e8014d1a219fa0d7904 -> 
  custom:scripting/monoscript/fileName/ScaleTweenProperty.cs: 068e501b322923caa36166fe86d472e5 -> 
  custom:video-decoder-ogg-theora: a1e56fd34408186e4bbccfd4996cb3dc -> 
  custom:scripting/monoscript/fileName/GoSpline.cs: 8039f73cfdc174dc6ffa15343c307f29 -> 
  custom:scripting/monoscript/fileName/GoTweenFlow.cs: ce7a11a1fb9e8397b83cab3847ba7970 -> 
  custom:scripting/monoscript/fileName/GoEaseQuartic.cs: d34853ce84f33fe9033901002d4ff793 -> 
  custom:framework-win-MediaFoundation: 216162199b28c13a410421893ffa2e32 -> 
  custom:scripting/monoscript/fileName/GoEaseBounce.cs: e71b365170d63025c159c4756b1910b2 -> 
  custom:scripting/monoscript/fileName/GoSplineQuadraticBezierSolver.cs: 44dee8c5fd496e5eb749f54d83d1397e -> 
  custom:scripting/monoscript/fileName/GoEaseQuadratic.cs: e3ed230c2d29b99c6f642587e4ad0e5d -> 
  custom:scripting/monoscript/fileName/MaterialColorTweenProperty.cs: f6d4ed9537ac95d7564838fa4e660e7d -> 
  custom:scripting/monoscript/fileName/GoEaseCircular.cs: 84a2009340e8431314db7056edf1bd68 -> 
  custom:scripting/monoscript/fileName/PositionPathTweenProperty.cs: efde40660de14fd7cd1ede2fa47e9837 -> 
  custom:video-encoder-webm-vp8: eb34c28f22e8b96e1ab97ce403110664 -> 
  custom:scripting/monoscript/fileName/FloatTweenProperty.cs: 48aea3a8bbe79ca6e0baa81dc186bdfd -> 
  custom:scripting/monoscript/fileName/GoTweenChain.cs: f9995827e6ddafabc43c1b0e0dcfd886 -> 
  custom:scripting/monoscript/fileName/GoTweenCollectionConfig.cs: 37c99bdc8dc674650bd69bc44bb2e57b -> 
  custom:audio-decoder-ogg-vorbis: bf7c407c2cedff20999df2af8eb42d56 -> 
  custom:scripting/monoscript/fileName/AbstractQuaternionTweenProperty.cs: 65ceda31db804ab1e0e34f0e48afa285 -> 
  custom:scripting/monoscript/fileName/AbstractColorTweenProperty.cs: bba0da230ed56fc0a25af92f6a3e377e -> 
  custom:scripting/monoscript/fileName/AbstractVector3TweenProperty.cs: 6aa4defef7531529f4ddc1516936e2e3 -> 
  custom:CustomObjectIndexerAttribute: 9a22284fe3817be447336de3de66b15e -> 
  custom:scripting/monoscript/fileName/Vector4TweenProperty.cs: 18bb73739ede80588b5bfadcee873907 -> 
  custom:scripting/monoscript/fileName/GoEaseBack.cs: 3f6e00793ada35f633abc2146480990e -> 
  custom:container-demuxer-webm: 4f35f7cbe854078d1ac9338744f61a02 -> 
  custom:scripting/monoscript/fileName/GoTweenConfig.cs: 5b3154c82824c20addf84e8652f51cfe -> 
  custom:scripting/monoscript/fileName/RotationQuaternionTweenProperty.cs: e0d94af0c913b0be4cd670833a2cda91 -> 
  custom:scripting/monoscript/fileName/GoTweenUtils.cs: 867d37edf69335bc6e54784197f28064 -> 
  custom:scripting/monoscript/fileName/GoSplineCubicBezierSolver.cs: 6d81419c64f7c334f4359254f1cbade0 -> 
  custom:audio-encoder-webm-vorbis: bf7c407c2cedff20999df2af8eb42d56 -> 
  custom:scripting/monoscript/fileName/ScalePathTweenProperty.cs: 816c1a788eca415c60d1b7e87fb103fe -> 
  custom:scripting/monoscript/fileName/GoEaseElastic.cs: f0cafb366ac4251d5c35fe413d3f62f6 -> 
  custom:scripting/monoscript/fileName/GoDummyPath.cs: a21201ab2fac2187e4faeaf08bb4ec90 -> 
  custom:scripting/monoscript/fileName/PositionTweenProperty.cs: e367a96b2cbc0b819bff5d0620f4b258 -> 
  custom:scripting/monoscript/fileName/Vector3TweenProperty.cs: 8e9f9d7bb7b15068d97f4d593f097c86 -> 
  custom:scripting/monoscript/fileName/AbstractGoTween.cs: 3bdc69e313ad58745cd33c4b74e6a709 -> 
  custom:scripting/monoscript/fileName/GoSplineStraightLineSolver.cs: b6a3907f2ead3ba9ac17ad3fdd121ec9 -> 
  custom:scripting/monoscript/fileName/AbstractGoTweenCollection.cs: 61d9f5f358696a7942516ed78ffe7e98 -> 
  custom:scripting/monoscript/fileName/Vector3PathTweenProperty.cs: 94848aa2e96060cfeaf83844ee158f0c -> 
  custom:scripting/monoscript/fileName/Vector3ZTweenProperty.cs: 35595634a87246c4e13691b1563178c5 -> 
  custom:scripting/monoscript/fileName/AbstractTweenProperty.cs: c71b2ece20cb4e1e30772e574c806625 -> 
  custom:container-muxer-webm: aa71ff27fc2769a1b78a27578f13a17b -> 
  custom:scripting/monoscript/fileName/AbstractGoSplineSolver.cs: 788a6b8052af6ee0371d3a464e692d1b -> 
  custom:scripting/monoscript/fileName/GoTween.cs: 4df5a8b9fefcbd8a2b5d6fe6223ee62f -> 
  custom:scripting/monoscript/fileName/RotationTweenProperty.cs: 13e7fbd741208cd89873755249a873a9 -> 
========================================================================
Received Prepare
Begin MonoManager ReloadAssembly
- Loaded All Assemblies, in  0.283 seconds
Refreshing native plugins compatible for Editor in 0.99 ms, found 1 plugins.
Native extension for WindowsStandalone target not found
Native extension for Android target not found
Mono: successfully reloaded assembly
- Finished resetting the current domain, in  0.364 seconds
Domain Reload Profiling: 647ms
	BeginReloadAssembly (114ms)
		ExecutionOrderSort (0ms)
		DisableScriptedObjects (6ms)
		BackupInstance (0ms)
		ReleaseScriptingObjects (0ms)
		CreateAndSetChildDomain (17ms)
	RebuildCommonClasses (23ms)
	RebuildNativeTypeToScriptingClass (8ms)
	initialDomainReloadingComplete (17ms)
	LoadAllAssembliesAndSetupDomain (121ms)
		LoadAssemblies (173ms)
		RebuildTransferFunctionScriptingTraits (0ms)
		AnalyzeDomain (12ms)
			TypeCache.Refresh (5ms)
				TypeCache.ScanAssembly (0ms)
			ScanForSourceGeneratedMonoScriptInfo (2ms)
			ResolveRequiredComponents (4ms)
	FinalizeReload (364ms)
		ReleaseScriptCaches (0ms)
		RebuildScriptCaches (0ms)
		SetupLoadedEditorAssemblies (172ms)
			LogAssemblyErrors (0ms)
			InitializePlatformSupportModulesInManaged (16ms)
			SetLoadedEditorAssemblies (2ms)
			RefreshPlugins (0ms)
			BeforeProcessingInitializeOnLoad (33ms)
			ProcessInitializeOnLoadAttributes (103ms)
			ProcessInitializeOnLoadMethodAttributes (15ms)
			AfterProcessingInitializeOnLoad (2ms)
			EditorAssembliesLoaded (0ms)
		ExecutionOrderSort2 (0ms)
		AwakeInstancesAfterBackupRestoration (5ms)
Refreshing native plugins compatible for Editor in 0.96 ms, found 1 plugins.
Preloading 0 native plugins for Editor in 0.00 ms.
Unloading 2307 Unused Serialized files (Serialized files now loaded: 0)
Unloading 21 unused Assets / (26.9 KB). Loaded Objects now: 2853.
Memory consumption went from 104.5 MB to 104.4 MB.
Total: 1.889100 ms (FindLiveObjects: 0.135500 ms CreateObjectMapping: 0.056000 ms MarkObjects: 1.665700 ms  DeleteObjects: 0.031000 ms)

Prepare: number of updated asset objects reloaded= 0
AssetImportParameters requested are different than current active one (requested -> active):
  custom:scripting/monoscript/fileName/GoSmoothedVector3.cs: 3a6ceb396859da913cbecdd1940e0aa2 -> 
  custom:scripting/monoscript/fileName/EulerAnglesTweenProperty.cs: 7a2321a8c63f28c3857aa33414a11270 -> 
  custom:video-decoder-webm-vp8: 9c59270c3fd7afecdb556c50c9e8de78 -> 
  custom:scripting/monoscript/fileName/IGenericProperty.cs: f404e27010d8ce1a25f7cc2ac06431ac -> 
  custom:scripting/monoscript/fileName/GoEaseSinusoidal.cs: e637d6b7456e2acd06dfd152f10b71d1 -> 
  custom:scripting/monoscript/fileName/GoSplineCatmullRomSolver.cs: 8bbd4e9dc2722b25540d14d500b88879 -> 
  custom:scripting/monoscript/fileName/IntTweenProperty.cs: 1f39418055dd7708ff3b9e75a86d93a1 -> 
  custom:scripting/monoscript/fileName/Vector3YTweenProperty.cs: 2b996e9222bddad772657bb084e9da48 -> 
  custom:scripting/monoscript/fileName/GoEaseQuintic.cs: 672086238d051af0856016e64ad97204 -> 
  custom:scripting/monoscript/fileName/GoEaseCubic.cs: 7d74fd43480e52f793e3086826193b77 -> 
  custom:SearchIndexIgnoredProperties: e643bd26f0fe6173181afceb89e7c659 -> 
  custom:scripting/monoscript/fileName/GoSmoothedQuaternion.cs: 92de95a3ce149743e526859a8d0255c5 -> 
  custom:container-demuxer-ogg: 62fdf1f143b41e24485cea50d1cbac27 -> 
  custom:AudioImporter_EditorPlatform: d09bf68614088b80899f8185d706f6e7 -> 
  custom:scripting/monoscript/fileName/ShakeTweenProperty.cs: fdb713005206085d3b49cdd6b2d15f80 -> 
  custom:scripting/monoscript/fileName/Vector2TweenProperty.cs: d7a25a544d56d947d9526019347f1f6e -> 
  custom:scripting/monoscript/fileName/GoKitTweenExtensions.cs: 28ee7421c4d34eb9c057646838e28859 -> 
  custom:scripting/monoscript/fileName/Vector3XTweenProperty.cs: 9592582ea2f541a8cf92ba7dd7dd85f2 -> 
  custom:scripting/monoscript/fileName/Go.cs: 840adb47e0f4be71eeea7168442feb7d -> 
  custom:scripting/monoscript/fileName/ColorTweenProperty.cs: 94ba4bee52d153d3fd58a82d4cf8ce0c -> 
  custom:scripting/monoscript/fileName/GoEaseLinear.cs: b690756fd76817f101a31dcd50ae4adc -> 
  custom:scripting/monoscript/fileName/GoEaseExponential.cs: 8f890ce1f0130e8014d1a219fa0d7904 -> 
  custom:scripting/monoscript/fileName/ScaleTweenProperty.cs: 068e501b322923caa36166fe86d472e5 -> 
  custom:video-decoder-ogg-theora: a1e56fd34408186e4bbccfd4996cb3dc -> 
  custom:scripting/monoscript/fileName/GoSpline.cs: 8039f73cfdc174dc6ffa15343c307f29 -> 
  custom:scripting/monoscript/fileName/GoTweenFlow.cs: ce7a11a1fb9e8397b83cab3847ba7970 -> 
  custom:scripting/monoscript/fileName/GoEaseQuartic.cs: d34853ce84f33fe9033901002d4ff793 -> 
  custom:framework-win-MediaFoundation: 216162199b28c13a410421893ffa2e32 -> 
  custom:scripting/monoscript/fileName/GoEaseBounce.cs: e71b365170d63025c159c4756b1910b2 -> 
  custom:scripting/monoscript/fileName/GoSplineQuadraticBezierSolver.cs: 44dee8c5fd496e5eb749f54d83d1397e -> 
  custom:scripting/monoscript/fileName/GoEaseQuadratic.cs: e3ed230c2d29b99c6f642587e4ad0e5d -> 
  custom:scripting/monoscript/fileName/MaterialColorTweenProperty.cs: f6d4ed9537ac95d7564838fa4e660e7d -> 
  custom:scripting/monoscript/fileName/GoEaseCircular.cs: 84a2009340e8431314db7056edf1bd68 -> 
  custom:scripting/monoscript/fileName/PositionPathTweenProperty.cs: efde40660de14fd7cd1ede2fa47e9837 -> 
  custom:video-encoder-webm-vp8: eb34c28f22e8b96e1ab97ce403110664 -> 
  custom:scripting/monoscript/fileName/FloatTweenProperty.cs: 48aea3a8bbe79ca6e0baa81dc186bdfd -> 
  custom:scripting/monoscript/fileName/GoTweenChain.cs: f9995827e6ddafabc43c1b0e0dcfd886 -> 
  custom:scripting/monoscript/fileName/GoTweenCollectionConfig.cs: 37c99bdc8dc674650bd69bc44bb2e57b -> 
  custom:audio-decoder-ogg-vorbis: bf7c407c2cedff20999df2af8eb42d56 -> 
  custom:scripting/monoscript/fileName/AbstractQuaternionTweenProperty.cs: 65ceda31db804ab1e0e34f0e48afa285 -> 
  custom:scripting/monoscript/fileName/AbstractColorTweenProperty.cs: bba0da230ed56fc0a25af92f6a3e377e -> 
  custom:scripting/monoscript/fileName/AbstractVector3TweenProperty.cs: 6aa4defef7531529f4ddc1516936e2e3 -> 
  custom:CustomObjectIndexerAttribute: 9a22284fe3817be447336de3de66b15e -> 
  custom:scripting/monoscript/fileName/Vector4TweenProperty.cs: 18bb73739ede80588b5bfadcee873907 -> 
  custom:scripting/monoscript/fileName/GoEaseBack.cs: 3f6e00793ada35f633abc2146480990e -> 
  custom:container-demuxer-webm: 4f35f7cbe854078d1ac9338744f61a02 -> 
  custom:scripting/monoscript/fileName/GoTweenConfig.cs: 5b3154c82824c20addf84e8652f51cfe -> 
  custom:scripting/monoscript/fileName/RotationQuaternionTweenProperty.cs: e0d94af0c913b0be4cd670833a2cda91 -> 
  custom:scripting/monoscript/fileName/GoTweenUtils.cs: 867d37edf69335bc6e54784197f28064 -> 
  custom:scripting/monoscript/fileName/GoSplineCubicBezierSolver.cs: 6d81419c64f7c334f4359254f1cbade0 -> 
  custom:audio-encoder-webm-vorbis: bf7c407c2cedff20999df2af8eb42d56 -> 
  custom:scripting/monoscript/fileName/ScalePathTweenProperty.cs: 816c1a788eca415c60d1b7e87fb103fe -> 
  custom:scripting/monoscript/fileName/GoEaseElastic.cs: f0cafb366ac4251d5c35fe413d3f62f6 -> 
  custom:scripting/monoscript/fileName/GoDummyPath.cs: a21201ab2fac2187e4faeaf08bb4ec90 -> 
  custom:scripting/monoscript/fileName/PositionTweenProperty.cs: e367a96b2cbc0b819bff5d0620f4b258 -> 
  custom:scripting/monoscript/fileName/Vector3TweenProperty.cs: 8e9f9d7bb7b15068d97f4d593f097c86 -> 
  custom:scripting/monoscript/fileName/AbstractGoTween.cs: 3bdc69e313ad58745cd33c4b74e6a709 -> 
  custom:scripting/monoscript/fileName/GoSplineStraightLineSolver.cs: b6a3907f2ead3ba9ac17ad3fdd121ec9 -> 
  custom:scripting/monoscript/fileName/AbstractGoTweenCollection.cs: 61d9f5f358696a7942516ed78ffe7e98 -> 
  custom:scripting/monoscript/fileName/Vector3PathTweenProperty.cs: 94848aa2e96060cfeaf83844ee158f0c -> 
  custom:scripting/monoscript/fileName/Vector3ZTweenProperty.cs: 35595634a87246c4e13691b1563178c5 -> 
  custom:scripting/monoscript/fileName/AbstractTweenProperty.cs: c71b2ece20cb4e1e30772e574c806625 -> 
  custom:container-muxer-webm: aa71ff27fc2769a1b78a27578f13a17b -> 
  custom:scripting/monoscript/fileName/AbstractGoSplineSolver.cs: 788a6b8052af6ee0371d3a464e692d1b -> 
  custom:scripting/monoscript/fileName/GoTween.cs: 4df5a8b9fefcbd8a2b5d6fe6223ee62f -> 
  custom:scripting/monoscript/fileName/RotationTweenProperty.cs: 13e7fbd741208cd89873755249a873a9 -> 
========================================================================
Received Prepare
Begin MonoManager ReloadAssembly
- Loaded All Assemblies, in  0.269 seconds
Refreshing native plugins compatible for Editor in 1.16 ms, found 1 plugins.
Native extension for WindowsStandalone target not found
Native extension for Android target not found
Mono: successfully reloaded assembly
- Finished resetting the current domain, in  0.345 seconds
Domain Reload Profiling: 614ms
	BeginReloadAssembly (104ms)
		ExecutionOrderSort (0ms)
		DisableScriptedObjects (4ms)
		BackupInstance (0ms)
		ReleaseScriptingObjects (0ms)
		CreateAndSetChildDomain (17ms)
	RebuildCommonClasses (24ms)
	RebuildNativeTypeToScriptingClass (8ms)
	initialDomainReloadingComplete (17ms)
	LoadAllAssembliesAndSetupDomain (116ms)
		LoadAssemblies (166ms)
		RebuildTransferFunctionScriptingTraits (0ms)
		AnalyzeDomain (9ms)
			TypeCache.Refresh (4ms)
				TypeCache.ScanAssembly (0ms)
			ScanForSourceGeneratedMonoScriptInfo (0ms)
			ResolveRequiredComponents (4ms)
	FinalizeReload (345ms)
		ReleaseScriptCaches (0ms)
		RebuildScriptCaches (0ms)
		SetupLoadedEditorAssemblies (170ms)
			LogAssemblyErrors (0ms)
			InitializePlatformSupportModulesInManaged (16ms)
			SetLoadedEditorAssemblies (2ms)
			RefreshPlugins (0ms)
			BeforeProcessingInitializeOnLoad (32ms)
			ProcessInitializeOnLoadAttributes (101ms)
			ProcessInitializeOnLoadMethodAttributes (17ms)
			AfterProcessingInitializeOnLoad (2ms)
			EditorAssembliesLoaded (0ms)
		ExecutionOrderSort2 (0ms)
		AwakeInstancesAfterBackupRestoration (5ms)
Refreshing native plugins compatible for Editor in 1.29 ms, found 1 plugins.
Preloading 0 native plugins for Editor in 0.00 ms.
Unloading 2307 Unused Serialized files (Serialized files now loaded: 0)
Unloading 21 unused Assets / (26.9 KB). Loaded Objects now: 2856.
Memory consumption went from 104.5 MB to 104.4 MB.
Total: 2.249800 ms (FindLiveObjects: 0.146000 ms CreateObjectMapping: 0.055400 ms MarkObjects: 2.014000 ms  DeleteObjects: 0.033500 ms)

Prepare: number of updated asset objects reloaded= 0
AssetImportParameters requested are different than current active one (requested -> active):
  custom:scripting/monoscript/fileName/GoSmoothedVector3.cs: 3a6ceb396859da913cbecdd1940e0aa2 -> 
  custom:scripting/monoscript/fileName/EulerAnglesTweenProperty.cs: 7a2321a8c63f28c3857aa33414a11270 -> 
  custom:video-decoder-webm-vp8: 9c59270c3fd7afecdb556c50c9e8de78 -> 
  custom:scripting/monoscript/fileName/IGenericProperty.cs: f404e27010d8ce1a25f7cc2ac06431ac -> 
  custom:scripting/monoscript/fileName/GoEaseSinusoidal.cs: e637d6b7456e2acd06dfd152f10b71d1 -> 
  custom:scripting/monoscript/fileName/GoSplineCatmullRomSolver.cs: 8bbd4e9dc2722b25540d14d500b88879 -> 
  custom:scripting/monoscript/fileName/IntTweenProperty.cs: 1f39418055dd7708ff3b9e75a86d93a1 -> 
  custom:scripting/monoscript/fileName/Vector3YTweenProperty.cs: 2b996e9222bddad772657bb084e9da48 -> 
  custom:scripting/monoscript/fileName/GoEaseQuintic.cs: 672086238d051af0856016e64ad97204 -> 
  custom:scripting/monoscript/fileName/GoEaseCubic.cs: 7d74fd43480e52f793e3086826193b77 -> 
  custom:SearchIndexIgnoredProperties: e643bd26f0fe6173181afceb89e7c659 -> 
  custom:scripting/monoscript/fileName/GoSmoothedQuaternion.cs: 92de95a3ce149743e526859a8d0255c5 -> 
  custom:container-demuxer-ogg: 62fdf1f143b41e24485cea50d1cbac27 -> 
  custom:AudioImporter_EditorPlatform: d09bf68614088b80899f8185d706f6e7 -> 
  custom:scripting/monoscript/fileName/ShakeTweenProperty.cs: fdb713005206085d3b49cdd6b2d15f80 -> 
  custom:scripting/monoscript/fileName/Vector2TweenProperty.cs: d7a25a544d56d947d9526019347f1f6e -> 
  custom:scripting/monoscript/fileName/GoKitTweenExtensions.cs: 28ee7421c4d34eb9c057646838e28859 -> 
  custom:scripting/monoscript/fileName/Vector3XTweenProperty.cs: 9592582ea2f541a8cf92ba7dd7dd85f2 -> 
  custom:scripting/monoscript/fileName/Go.cs: 840adb47e0f4be71eeea7168442feb7d -> 
  custom:scripting/monoscript/fileName/ColorTweenProperty.cs: 94ba4bee52d153d3fd58a82d4cf8ce0c -> 
  custom:scripting/monoscript/fileName/GoEaseLinear.cs: b690756fd76817f101a31dcd50ae4adc -> 
  custom:scripting/monoscript/fileName/GoEaseExponential.cs: 8f890ce1f0130e8014d1a219fa0d7904 -> 
  custom:scripting/monoscript/fileName/ScaleTweenProperty.cs: 068e501b322923caa36166fe86d472e5 -> 
  custom:video-decoder-ogg-theora: a1e56fd34408186e4bbccfd4996cb3dc -> 
  custom:scripting/monoscript/fileName/GoSpline.cs: 8039f73cfdc174dc6ffa15343c307f29 -> 
  custom:scripting/monoscript/fileName/GoTweenFlow.cs: ce7a11a1fb9e8397b83cab3847ba7970 -> 
  custom:scripting/monoscript/fileName/GoEaseQuartic.cs: d34853ce84f33fe9033901002d4ff793 -> 
  custom:framework-win-MediaFoundation: 216162199b28c13a410421893ffa2e32 -> 
  custom:scripting/monoscript/fileName/GoEaseBounce.cs: e71b365170d63025c159c4756b1910b2 -> 
  custom:scripting/monoscript/fileName/GoSplineQuadraticBezierSolver.cs: 44dee8c5fd496e5eb749f54d83d1397e -> 
  custom:scripting/monoscript/fileName/GoEaseQuadratic.cs: e3ed230c2d29b99c6f642587e4ad0e5d -> 
  custom:scripting/monoscript/fileName/MaterialColorTweenProperty.cs: f6d4ed9537ac95d7564838fa4e660e7d -> 
  custom:scripting/monoscript/fileName/GoEaseCircular.cs: 84a2009340e8431314db7056edf1bd68 -> 
  custom:scripting/monoscript/fileName/PositionPathTweenProperty.cs: efde40660de14fd7cd1ede2fa47e9837 -> 
  custom:video-encoder-webm-vp8: eb34c28f22e8b96e1ab97ce403110664 -> 
  custom:scripting/monoscript/fileName/FloatTweenProperty.cs: 48aea3a8bbe79ca6e0baa81dc186bdfd -> 
  custom:scripting/monoscript/fileName/GoTweenChain.cs: f9995827e6ddafabc43c1b0e0dcfd886 -> 
  custom:scripting/monoscript/fileName/GoTweenCollectionConfig.cs: 37c99bdc8dc674650bd69bc44bb2e57b -> 
  custom:audio-decoder-ogg-vorbis: bf7c407c2cedff20999df2af8eb42d56 -> 
  custom:scripting/monoscript/fileName/AbstractQuaternionTweenProperty.cs: 65ceda31db804ab1e0e34f0e48afa285 -> 
  custom:scripting/monoscript/fileName/AbstractColorTweenProperty.cs: bba0da230ed56fc0a25af92f6a3e377e -> 
  custom:scripting/monoscript/fileName/AbstractVector3TweenProperty.cs: 6aa4defef7531529f4ddc1516936e2e3 -> 
  custom:CustomObjectIndexerAttribute: 9a22284fe3817be447336de3de66b15e -> 
  custom:scripting/monoscript/fileName/Vector4TweenProperty.cs: 18bb73739ede80588b5bfadcee873907 -> 
  custom:scripting/monoscript/fileName/GoEaseBack.cs: 3f6e00793ada35f633abc2146480990e -> 
  custom:container-demuxer-webm: 4f35f7cbe854078d1ac9338744f61a02 -> 
  custom:scripting/monoscript/fileName/GoTweenConfig.cs: 5b3154c82824c20addf84e8652f51cfe -> 
  custom:scripting/monoscript/fileName/RotationQuaternionTweenProperty.cs: e0d94af0c913b0be4cd670833a2cda91 -> 
  custom:scripting/monoscript/fileName/GoTweenUtils.cs: 867d37edf69335bc6e54784197f28064 -> 
  custom:scripting/monoscript/fileName/GoSplineCubicBezierSolver.cs: 6d81419c64f7c334f4359254f1cbade0 -> 
  custom:audio-encoder-webm-vorbis: bf7c407c2cedff20999df2af8eb42d56 -> 
  custom:scripting/monoscript/fileName/ScalePathTweenProperty.cs: 816c1a788eca415c60d1b7e87fb103fe -> 
  custom:scripting/monoscript/fileName/GoEaseElastic.cs: f0cafb366ac4251d5c35fe413d3f62f6 -> 
  custom:scripting/monoscript/fileName/GoDummyPath.cs: a21201ab2fac2187e4faeaf08bb4ec90 -> 
  custom:scripting/monoscript/fileName/PositionTweenProperty.cs: e367a96b2cbc0b819bff5d0620f4b258 -> 
  custom:scripting/monoscript/fileName/Vector3TweenProperty.cs: 8e9f9d7bb7b15068d97f4d593f097c86 -> 
  custom:scripting/monoscript/fileName/AbstractGoTween.cs: 3bdc69e313ad58745cd33c4b74e6a709 -> 
  custom:scripting/monoscript/fileName/GoSplineStraightLineSolver.cs: b6a3907f2ead3ba9ac17ad3fdd121ec9 -> 
  custom:scripting/monoscript/fileName/AbstractGoTweenCollection.cs: 61d9f5f358696a7942516ed78ffe7e98 -> 
  custom:scripting/monoscript/fileName/Vector3PathTweenProperty.cs: 94848aa2e96060cfeaf83844ee158f0c -> 
  custom:scripting/monoscript/fileName/Vector3ZTweenProperty.cs: 35595634a87246c4e13691b1563178c5 -> 
  custom:scripting/monoscript/fileName/AbstractTweenProperty.cs: c71b2ece20cb4e1e30772e574c806625 -> 
  custom:container-muxer-webm: aa71ff27fc2769a1b78a27578f13a17b -> 
  custom:scripting/monoscript/fileName/AbstractGoSplineSolver.cs: 788a6b8052af6ee0371d3a464e692d1b -> 
  custom:scripting/monoscript/fileName/GoTween.cs: 4df5a8b9fefcbd8a2b5d6fe6223ee62f -> 
  custom:scripting/monoscript/fileName/RotationTweenProperty.cs: 13e7fbd741208cd89873755249a873a9 -> 
========================================================================
Received Import Request.
  Time since last request: 1201609.408345 seconds.
  path: Assets/Prefabs/Armor.prefab
  artifactKey: Guid(f035ced4b9e14ae45b87e74f22d1fc37) Importer(815301076,1909f56bfc062723c751e8b465ee728b)
Start importing Assets/Prefabs/Armor.prefab using Guid(f035ced4b9e14ae45b87e74f22d1fc37) Importer(815301076,1909f56bfc062723c751e8b465ee728b)  -> (artifact id: '5a7940ed45e4b1dc2683f4ffa0a2ab9d') in 0.158385 seconds
Number of updated asset objects reloaded before import = 0
Number of asset objects unloaded after import = 9
========================================================================
Received Import Request.
  Time since last request: 0.000039 seconds.
  path: Assets/Prefabs/Attack.prefab
  artifactKey: Guid(b70e5b7f61cc529439c8efdc6d72dab9) Importer(815301076,1909f56bfc062723c751e8b465ee728b)
Start importing Assets/Prefabs/Attack.prefab using Guid(b70e5b7f61cc529439c8efdc6d72dab9) Importer(815301076,1909f56bfc062723c751e8b465ee728b)  -> (artifact id: '58956f035da88cb5c8ec735148ce0fc7') in 0.026933 seconds
Number of updated asset objects reloaded before import = 0
Number of asset objects unloaded after import = 9
========================================================================
Received Prepare
Begin MonoManager ReloadAssembly
- Loaded All Assemblies, in  0.314 seconds
Refreshing native plugins compatible for Editor in 1.34 ms, found 1 plugins.
Native extension for WindowsStandalone target not found
Native extension for Android target not found
Mono: successfully reloaded assembly
- Finished resetting the current domain, in  0.407 seconds
Domain Reload Profiling: 721ms
	BeginReloadAssembly (118ms)
		ExecutionOrderSort (0ms)
		DisableScriptedObjects (5ms)
		BackupInstance (0ms)
		ReleaseScriptingObjects (0ms)
		CreateAndSetChildDomain (21ms)
	RebuildCommonClasses (29ms)
	RebuildNativeTypeToScriptingClass (10ms)
	initialDomainReloadingComplete (27ms)
	LoadAllAssembliesAndSetupDomain (130ms)
		LoadAssemblies (182ms)
		RebuildTransferFunctionScriptingTraits (0ms)
		AnalyzeDomain (12ms)
			TypeCache.Refresh (5ms)
				TypeCache.ScanAssembly (0ms)
			ScanForSourceGeneratedMonoScriptInfo (0ms)
			ResolveRequiredComponents (7ms)
	FinalizeReload (408ms)
		ReleaseScriptCaches (0ms)
		RebuildScriptCaches (0ms)
		SetupLoadedEditorAssemblies (199ms)
			LogAssemblyErrors (0ms)
			InitializePlatformSupportModulesInManaged (16ms)
			SetLoadedEditorAssemblies (2ms)
			RefreshPlugins (0ms)
			BeforeProcessingInitializeOnLoad (34ms)
			ProcessInitializeOnLoadAttributes (127ms)
			ProcessInitializeOnLoadMethodAttributes (18ms)
			AfterProcessingInitializeOnLoad (2ms)
			EditorAssembliesLoaded (0ms)
		ExecutionOrderSort2 (0ms)
		AwakeInstancesAfterBackupRestoration (5ms)
Refreshing native plugins compatible for Editor in 1.47 ms, found 1 plugins.
Preloading 0 native plugins for Editor in 0.00 ms.
Unloading 2306 Unused Serialized files (Serialized files now loaded: 0)
Unloading 21 unused Assets / (27.0 KB). Loaded Objects now: 2866.
Memory consumption went from 104.4 MB to 104.3 MB.
Total: 1.911300 ms (FindLiveObjects: 0.137900 ms CreateObjectMapping: 0.048400 ms MarkObjects: 1.688500 ms  DeleteObjects: 0.035400 ms)

Prepare: number of updated asset objects reloaded= 0
AssetImportParameters requested are different than current active one (requested -> active):
  custom:scripting/monoscript/fileName/GoSmoothedVector3.cs: 3a6ceb396859da913cbecdd1940e0aa2 -> 
  custom:scripting/monoscript/fileName/EulerAnglesTweenProperty.cs: 7a2321a8c63f28c3857aa33414a11270 -> 
  custom:video-decoder-webm-vp8: 9c59270c3fd7afecdb556c50c9e8de78 -> 
  custom:scripting/monoscript/fileName/IGenericProperty.cs: f404e27010d8ce1a25f7cc2ac06431ac -> 
  custom:scripting/monoscript/fileName/GoEaseSinusoidal.cs: e637d6b7456e2acd06dfd152f10b71d1 -> 
  custom:scripting/monoscript/fileName/GoSplineCatmullRomSolver.cs: 8bbd4e9dc2722b25540d14d500b88879 -> 
  custom:scripting/monoscript/fileName/IntTweenProperty.cs: 1f39418055dd7708ff3b9e75a86d93a1 -> 
  custom:scripting/monoscript/fileName/Vector3YTweenProperty.cs: 2b996e9222bddad772657bb084e9da48 -> 
  custom:scripting/monoscript/fileName/GoEaseQuintic.cs: 672086238d051af0856016e64ad97204 -> 
  custom:scripting/monoscript/fileName/GoEaseCubic.cs: 7d74fd43480e52f793e3086826193b77 -> 
  custom:SearchIndexIgnoredProperties: e643bd26f0fe6173181afceb89e7c659 -> 
  custom:scripting/monoscript/fileName/GoSmoothedQuaternion.cs: 92de95a3ce149743e526859a8d0255c5 -> 
  custom:container-demuxer-ogg: 62fdf1f143b41e24485cea50d1cbac27 -> 
  custom:AudioImporter_EditorPlatform: d09bf68614088b80899f8185d706f6e7 -> 
  custom:scripting/monoscript/fileName/ShakeTweenProperty.cs: fdb713005206085d3b49cdd6b2d15f80 -> 
  custom:scripting/monoscript/fileName/Vector2TweenProperty.cs: d7a25a544d56d947d9526019347f1f6e -> 
  custom:scripting/monoscript/fileName/GoKitTweenExtensions.cs: 28ee7421c4d34eb9c057646838e28859 -> 
  custom:scripting/monoscript/fileName/Vector3XTweenProperty.cs: 9592582ea2f541a8cf92ba7dd7dd85f2 -> 
  custom:scripting/monoscript/fileName/Go.cs: 840adb47e0f4be71eeea7168442feb7d -> 
  custom:scripting/monoscript/fileName/ColorTweenProperty.cs: 94ba4bee52d153d3fd58a82d4cf8ce0c -> 
  custom:scripting/monoscript/fileName/GoEaseLinear.cs: b690756fd76817f101a31dcd50ae4adc -> 
  custom:scripting/monoscript/fileName/GoEaseExponential.cs: 8f890ce1f0130e8014d1a219fa0d7904 -> 
  custom:scripting/monoscript/fileName/ScaleTweenProperty.cs: 068e501b322923caa36166fe86d472e5 -> 
  custom:video-decoder-ogg-theora: a1e56fd34408186e4bbccfd4996cb3dc -> 
  custom:scripting/monoscript/fileName/GoSpline.cs: 8039f73cfdc174dc6ffa15343c307f29 -> 
  custom:scripting/monoscript/fileName/GoTweenFlow.cs: ce7a11a1fb9e8397b83cab3847ba7970 -> 
  custom:scripting/monoscript/fileName/GoEaseQuartic.cs: d34853ce84f33fe9033901002d4ff793 -> 
  custom:framework-win-MediaFoundation: 216162199b28c13a410421893ffa2e32 -> 
  custom:scripting/monoscript/fileName/GoEaseBounce.cs: e71b365170d63025c159c4756b1910b2 -> 
  custom:scripting/monoscript/fileName/GoSplineQuadraticBezierSolver.cs: 44dee8c5fd496e5eb749f54d83d1397e -> 
  custom:scripting/monoscript/fileName/GoEaseQuadratic.cs: e3ed230c2d29b99c6f642587e4ad0e5d -> 
  custom:scripting/monoscript/fileName/MaterialColorTweenProperty.cs: f6d4ed9537ac95d7564838fa4e660e7d -> 
  custom:scripting/monoscript/fileName/GoEaseCircular.cs: 84a2009340e8431314db7056edf1bd68 -> 
  custom:scripting/monoscript/fileName/PositionPathTweenProperty.cs: efde40660de14fd7cd1ede2fa47e9837 -> 
  custom:video-encoder-webm-vp8: eb34c28f22e8b96e1ab97ce403110664 -> 
  custom:scripting/monoscript/fileName/FloatTweenProperty.cs: 48aea3a8bbe79ca6e0baa81dc186bdfd -> 
  custom:scripting/monoscript/fileName/GoTweenChain.cs: f9995827e6ddafabc43c1b0e0dcfd886 -> 
  custom:scripting/monoscript/fileName/GoTweenCollectionConfig.cs: 37c99bdc8dc674650bd69bc44bb2e57b -> 
  custom:audio-decoder-ogg-vorbis: bf7c407c2cedff20999df2af8eb42d56 -> 
  custom:scripting/monoscript/fileName/AbstractQuaternionTweenProperty.cs: 65ceda31db804ab1e0e34f0e48afa285 -> 
  custom:scripting/monoscript/fileName/AbstractColorTweenProperty.cs: bba0da230ed56fc0a25af92f6a3e377e -> 
  custom:scripting/monoscript/fileName/AbstractVector3TweenProperty.cs: 6aa4defef7531529f4ddc1516936e2e3 -> 
  custom:CustomObjectIndexerAttribute: 9a22284fe3817be447336de3de66b15e -> 
  custom:scripting/monoscript/fileName/Vector4TweenProperty.cs: 18bb73739ede80588b5bfadcee873907 -> 
  custom:scripting/monoscript/fileName/GoEaseBack.cs: 3f6e00793ada35f633abc2146480990e -> 
  custom:container-demuxer-webm: 4f35f7cbe854078d1ac9338744f61a02 -> 
  custom:scripting/monoscript/fileName/GoTweenConfig.cs: 5b3154c82824c20addf84e8652f51cfe -> 
  custom:scripting/monoscript/fileName/RotationQuaternionTweenProperty.cs: e0d94af0c913b0be4cd670833a2cda91 -> 
  custom:scripting/monoscript/fileName/GoTweenUtils.cs: 867d37edf69335bc6e54784197f28064 -> 
  custom:scripting/monoscript/fileName/GoSplineCubicBezierSolver.cs: 6d81419c64f7c334f4359254f1cbade0 -> 
  custom:audio-encoder-webm-vorbis: bf7c407c2cedff20999df2af8eb42d56 -> 
  custom:scripting/monoscript/fileName/ScalePathTweenProperty.cs: 816c1a788eca415c60d1b7e87fb103fe -> 
  custom:scripting/monoscript/fileName/GoEaseElastic.cs: f0cafb366ac4251d5c35fe413d3f62f6 -> 
  custom:scripting/monoscript/fileName/GoDummyPath.cs: a21201ab2fac2187e4faeaf08bb4ec90 -> 
  custom:scripting/monoscript/fileName/PositionTweenProperty.cs: e367a96b2cbc0b819bff5d0620f4b258 -> 
  custom:scripting/monoscript/fileName/Vector3TweenProperty.cs: 8e9f9d7bb7b15068d97f4d593f097c86 -> 
  custom:scripting/monoscript/fileName/AbstractGoTween.cs: 3bdc69e313ad58745cd33c4b74e6a709 -> 
  custom:scripting/monoscript/fileName/GoSplineStraightLineSolver.cs: b6a3907f2ead3ba9ac17ad3fdd121ec9 -> 
  custom:scripting/monoscript/fileName/AbstractGoTweenCollection.cs: 61d9f5f358696a7942516ed78ffe7e98 -> 
  custom:scripting/monoscript/fileName/Vector3PathTweenProperty.cs: 94848aa2e96060cfeaf83844ee158f0c -> 
  custom:scripting/monoscript/fileName/Vector3ZTweenProperty.cs: 35595634a87246c4e13691b1563178c5 -> 
  custom:scripting/monoscript/fileName/AbstractTweenProperty.cs: c71b2ece20cb4e1e30772e574c806625 -> 
  custom:container-muxer-webm: aa71ff27fc2769a1b78a27578f13a17b -> 
  custom:scripting/monoscript/fileName/AbstractGoSplineSolver.cs: 788a6b8052af6ee0371d3a464e692d1b -> 
  custom:scripting/monoscript/fileName/GoTween.cs: 4df5a8b9fefcbd8a2b5d6fe6223ee62f -> 
  custom:scripting/monoscript/fileName/RotationTweenProperty.cs: 13e7fbd741208cd89873755249a873a9 -> 
========================================================================
Received Prepare
Begin MonoManager ReloadAssembly
- Loaded All Assemblies, in  0.306 seconds
Refreshing native plugins compatible for Editor in 1.05 ms, found 1 plugins.
Native extension for WindowsStandalone target not found
Native extension for Android target not found
Mono: successfully reloaded assembly
- Finished resetting the current domain, in  0.379 seconds
Domain Reload Profiling: 686ms
	BeginReloadAssembly (116ms)
		ExecutionOrderSort (0ms)
		DisableScriptedObjects (4ms)
		BackupInstance (0ms)
		ReleaseScriptingObjects (0ms)
		CreateAndSetChildDomain (19ms)
	RebuildCommonClasses (30ms)
	RebuildNativeTypeToScriptingClass (12ms)
	initialDomainReloadingComplete (20ms)
	LoadAllAssembliesAndSetupDomain (128ms)
		LoadAssemblies (188ms)
		RebuildTransferFunctionScriptingTraits (0ms)
		AnalyzeDomain (9ms)
			TypeCache.Refresh (4ms)
				TypeCache.ScanAssembly (0ms)
			ScanForSourceGeneratedMonoScriptInfo (0ms)
			ResolveRequiredComponents (4ms)
	FinalizeReload (380ms)
		ReleaseScriptCaches (0ms)
		RebuildScriptCaches (0ms)
		SetupLoadedEditorAssemblies (194ms)
			LogAssemblyErrors (0ms)
			InitializePlatformSupportModulesInManaged (16ms)
			SetLoadedEditorAssemblies (2ms)
			RefreshPlugins (0ms)
			BeforeProcessingInitializeOnLoad (36ms)
			ProcessInitializeOnLoadAttributes (121ms)
			ProcessInitializeOnLoadMethodAttributes (17ms)
			AfterProcessingInitializeOnLoad (2ms)
			EditorAssembliesLoaded (0ms)
		ExecutionOrderSort2 (0ms)
		AwakeInstancesAfterBackupRestoration (5ms)
Refreshing native plugins compatible for Editor in 1.17 ms, found 1 plugins.
Preloading 0 native plugins for Editor in 0.00 ms.
Unloading 2307 Unused Serialized files (Serialized files now loaded: 0)
Unloading 21 unused Assets / (27.0 KB). Loaded Objects now: 2869.
Memory consumption went from 104.6 MB to 104.6 MB.
Total: 1.882100 ms (FindLiveObjects: 0.160300 ms CreateObjectMapping: 0.062900 ms MarkObjects: 1.623200 ms  DeleteObjects: 0.034900 ms)

Prepare: number of updated asset objects reloaded= 0
AssetImportParameters requested are different than current active one (requested -> active):
  custom:scripting/monoscript/fileName/GoSmoothedVector3.cs: 3a6ceb396859da913cbecdd1940e0aa2 -> 
  custom:scripting/monoscript/fileName/EulerAnglesTweenProperty.cs: 7a2321a8c63f28c3857aa33414a11270 -> 
  custom:video-decoder-webm-vp8: 9c59270c3fd7afecdb556c50c9e8de78 -> 
  custom:scripting/monoscript/fileName/IGenericProperty.cs: f404e27010d8ce1a25f7cc2ac06431ac -> 
  custom:scripting/monoscript/fileName/GoEaseSinusoidal.cs: e637d6b7456e2acd06dfd152f10b71d1 -> 
  custom:scripting/monoscript/fileName/GoSplineCatmullRomSolver.cs: 8bbd4e9dc2722b25540d14d500b88879 -> 
  custom:scripting/monoscript/fileName/IntTweenProperty.cs: 1f39418055dd7708ff3b9e75a86d93a1 -> 
  custom:scripting/monoscript/fileName/Vector3YTweenProperty.cs: 2b996e9222bddad772657bb084e9da48 -> 
  custom:scripting/monoscript/fileName/GoEaseQuintic.cs: 672086238d051af0856016e64ad97204 -> 
  custom:scripting/monoscript/fileName/GoEaseCubic.cs: 7d74fd43480e52f793e3086826193b77 -> 
  custom:SearchIndexIgnoredProperties: e643bd26f0fe6173181afceb89e7c659 -> 
  custom:scripting/monoscript/fileName/GoSmoothedQuaternion.cs: 92de95a3ce149743e526859a8d0255c5 -> 
  custom:container-demuxer-ogg: 62fdf1f143b41e24485cea50d1cbac27 -> 
  custom:AudioImporter_EditorPlatform: d09bf68614088b80899f8185d706f6e7 -> 
  custom:scripting/monoscript/fileName/ShakeTweenProperty.cs: fdb713005206085d3b49cdd6b2d15f80 -> 
  custom:scripting/monoscript/fileName/Vector2TweenProperty.cs: d7a25a544d56d947d9526019347f1f6e -> 
  custom:scripting/monoscript/fileName/GoKitTweenExtensions.cs: 28ee7421c4d34eb9c057646838e28859 -> 
  custom:scripting/monoscript/fileName/Vector3XTweenProperty.cs: 9592582ea2f541a8cf92ba7dd7dd85f2 -> 
  custom:scripting/monoscript/fileName/Go.cs: 840adb47e0f4be71eeea7168442feb7d -> 
  custom:scripting/monoscript/fileName/ColorTweenProperty.cs: 94ba4bee52d153d3fd58a82d4cf8ce0c -> 
  custom:scripting/monoscript/fileName/GoEaseLinear.cs: b690756fd76817f101a31dcd50ae4adc -> 
  custom:scripting/monoscript/fileName/GoEaseExponential.cs: 8f890ce1f0130e8014d1a219fa0d7904 -> 
  custom:scripting/monoscript/fileName/ScaleTweenProperty.cs: 068e501b322923caa36166fe86d472e5 -> 
  custom:video-decoder-ogg-theora: a1e56fd34408186e4bbccfd4996cb3dc -> 
  custom:scripting/monoscript/fileName/GoSpline.cs: 8039f73cfdc174dc6ffa15343c307f29 -> 
  custom:scripting/monoscript/fileName/GoTweenFlow.cs: ce7a11a1fb9e8397b83cab3847ba7970 -> 
  custom:scripting/monoscript/fileName/GoEaseQuartic.cs: d34853ce84f33fe9033901002d4ff793 -> 
  custom:framework-win-MediaFoundation: 216162199b28c13a410421893ffa2e32 -> 
  custom:scripting/monoscript/fileName/GoEaseBounce.cs: e71b365170d63025c159c4756b1910b2 -> 
  custom:scripting/monoscript/fileName/GoSplineQuadraticBezierSolver.cs: 44dee8c5fd496e5eb749f54d83d1397e -> 
  custom:scripting/monoscript/fileName/GoEaseQuadratic.cs: e3ed230c2d29b99c6f642587e4ad0e5d -> 
  custom:scripting/monoscript/fileName/MaterialColorTweenProperty.cs: f6d4ed9537ac95d7564838fa4e660e7d -> 
  custom:scripting/monoscript/fileName/GoEaseCircular.cs: 84a2009340e8431314db7056edf1bd68 -> 
  custom:scripting/monoscript/fileName/PositionPathTweenProperty.cs: efde40660de14fd7cd1ede2fa47e9837 -> 
  custom:video-encoder-webm-vp8: eb34c28f22e8b96e1ab97ce403110664 -> 
  custom:scripting/monoscript/fileName/FloatTweenProperty.cs: 48aea3a8bbe79ca6e0baa81dc186bdfd -> 
  custom:scripting/monoscript/fileName/GoTweenChain.cs: f9995827e6ddafabc43c1b0e0dcfd886 -> 
  custom:scripting/monoscript/fileName/GoTweenCollectionConfig.cs: 37c99bdc8dc674650bd69bc44bb2e57b -> 
  custom:audio-decoder-ogg-vorbis: bf7c407c2cedff20999df2af8eb42d56 -> 
  custom:scripting/monoscript/fileName/AbstractQuaternionTweenProperty.cs: 65ceda31db804ab1e0e34f0e48afa285 -> 
  custom:scripting/monoscript/fileName/AbstractColorTweenProperty.cs: bba0da230ed56fc0a25af92f6a3e377e -> 
  custom:scripting/monoscript/fileName/AbstractVector3TweenProperty.cs: 6aa4defef7531529f4ddc1516936e2e3 -> 
  custom:CustomObjectIndexerAttribute: 9a22284fe3817be447336de3de66b15e -> 
  custom:scripting/monoscript/fileName/Vector4TweenProperty.cs: 18bb73739ede80588b5bfadcee873907 -> 
  custom:scripting/monoscript/fileName/GoEaseBack.cs: 3f6e00793ada35f633abc2146480990e -> 
  custom:container-demuxer-webm: 4f35f7cbe854078d1ac9338744f61a02 -> 
  custom:scripting/monoscript/fileName/GoTweenConfig.cs: 5b3154c82824c20addf84e8652f51cfe -> 
  custom:scripting/monoscript/fileName/RotationQuaternionTweenProperty.cs: e0d94af0c913b0be4cd670833a2cda91 -> 
  custom:scripting/monoscript/fileName/GoTweenUtils.cs: 867d37edf69335bc6e54784197f28064 -> 
  custom:scripting/monoscript/fileName/GoSplineCubicBezierSolver.cs: 6d81419c64f7c334f4359254f1cbade0 -> 
  custom:audio-encoder-webm-vorbis: bf7c407c2cedff20999df2af8eb42d56 -> 
  custom:scripting/monoscript/fileName/ScalePathTweenProperty.cs: 816c1a788eca415c60d1b7e87fb103fe -> 
  custom:scripting/monoscript/fileName/GoEaseElastic.cs: f0cafb366ac4251d5c35fe413d3f62f6 -> 
  custom:scripting/monoscript/fileName/GoDummyPath.cs: a21201ab2fac2187e4faeaf08bb4ec90 -> 
  custom:scripting/monoscript/fileName/PositionTweenProperty.cs: e367a96b2cbc0b819bff5d0620f4b258 -> 
  custom:scripting/monoscript/fileName/Vector3TweenProperty.cs: 8e9f9d7bb7b15068d97f4d593f097c86 -> 
  custom:scripting/monoscript/fileName/AbstractGoTween.cs: 3bdc69e313ad58745cd33c4b74e6a709 -> 
  custom:scripting/monoscript/fileName/GoSplineStraightLineSolver.cs: b6a3907f2ead3ba9ac17ad3fdd121ec9 -> 
  custom:scripting/monoscript/fileName/AbstractGoTweenCollection.cs: 61d9f5f358696a7942516ed78ffe7e98 -> 
  custom:scripting/monoscript/fileName/Vector3PathTweenProperty.cs: 94848aa2e96060cfeaf83844ee158f0c -> 
  custom:scripting/monoscript/fileName/Vector3ZTweenProperty.cs: 35595634a87246c4e13691b1563178c5 -> 
  custom:scripting/monoscript/fileName/AbstractTweenProperty.cs: c71b2ece20cb4e1e30772e574c806625 -> 
  custom:container-muxer-webm: aa71ff27fc2769a1b78a27578f13a17b -> 
  custom:scripting/monoscript/fileName/AbstractGoSplineSolver.cs: 788a6b8052af6ee0371d3a464e692d1b -> 
  custom:scripting/monoscript/fileName/GoTween.cs: 4df5a8b9fefcbd8a2b5d6fe6223ee62f -> 
  custom:scripting/monoscript/fileName/RotationTweenProperty.cs: 13e7fbd741208cd89873755249a873a9 -> 
========================================================================
Received Prepare
Begin MonoManager ReloadAssembly
- Loaded All Assemblies, in  0.295 seconds
Refreshing native plugins compatible for Editor in 1.50 ms, found 1 plugins.
Native extension for WindowsStandalone target not found
Native extension for Android target not found
Mono: successfully reloaded assembly
- Finished resetting the current domain, in  0.364 seconds
Domain Reload Profiling: 659ms
	BeginReloadAssembly (117ms)
		ExecutionOrderSort (0ms)
		DisableScriptedObjects (5ms)
		BackupInstance (0ms)
		ReleaseScriptingObjects (0ms)
		CreateAndSetChildDomain (20ms)
	RebuildCommonClasses (27ms)
	RebuildNativeTypeToScriptingClass (8ms)
	initialDomainReloadingComplete (19ms)
	LoadAllAssembliesAndSetupDomain (124ms)
		LoadAssemblies (180ms)
		RebuildTransferFunctionScriptingTraits (0ms)
		AnalyzeDomain (12ms)
			TypeCache.Refresh (5ms)
				TypeCache.ScanAssembly (0ms)
			ScanForSourceGeneratedMonoScriptInfo (2ms)
			ResolveRequiredComponents (4ms)
	FinalizeReload (364ms)
		ReleaseScriptCaches (0ms)
		RebuildScriptCaches (0ms)
		SetupLoadedEditorAssemblies (184ms)
			LogAssemblyErrors (0ms)
			InitializePlatformSupportModulesInManaged (16ms)
			SetLoadedEditorAssemblies (2ms)
			RefreshPlugins (0ms)
			BeforeProcessingInitializeOnLoad (35ms)
			ProcessInitializeOnLoadAttributes (115ms)
			ProcessInitializeOnLoadMethodAttributes (15ms)
			AfterProcessingInitializeOnLoad (2ms)
			EditorAssembliesLoaded (0ms)
		ExecutionOrderSort2 (0ms)
		AwakeInstancesAfterBackupRestoration (5ms)
Refreshing native plugins compatible for Editor in 0.98 ms, found 1 plugins.
Preloading 0 native plugins for Editor in 0.00 ms.
Unloading 2307 Unused Serialized files (Serialized files now loaded: 0)
Unloading 21 unused Assets / (26.9 KB). Loaded Objects now: 2872.
Memory consumption went from 104.6 MB to 104.6 MB.
Total: 1.739900 ms (FindLiveObjects: 0.138600 ms CreateObjectMapping: 0.047400 ms MarkObjects: 1.516300 ms  DeleteObjects: 0.036700 ms)

Prepare: number of updated asset objects reloaded= 0
AssetImportParameters requested are different than current active one (requested -> active):
  custom:scripting/monoscript/fileName/GoSmoothedVector3.cs: 3a6ceb396859da913cbecdd1940e0aa2 -> 
  custom:scripting/monoscript/fileName/EulerAnglesTweenProperty.cs: 7a2321a8c63f28c3857aa33414a11270 -> 
  custom:video-decoder-webm-vp8: 9c59270c3fd7afecdb556c50c9e8de78 -> 
  custom:scripting/monoscript/fileName/IGenericProperty.cs: f404e27010d8ce1a25f7cc2ac06431ac -> 
  custom:scripting/monoscript/fileName/GoEaseSinusoidal.cs: e637d6b7456e2acd06dfd152f10b71d1 -> 
  custom:scripting/monoscript/fileName/GoSplineCatmullRomSolver.cs: 8bbd4e9dc2722b25540d14d500b88879 -> 
  custom:scripting/monoscript/fileName/IntTweenProperty.cs: 1f39418055dd7708ff3b9e75a86d93a1 -> 
  custom:scripting/monoscript/fileName/Vector3YTweenProperty.cs: 2b996e9222bddad772657bb084e9da48 -> 
  custom:scripting/monoscript/fileName/GoEaseQuintic.cs: 672086238d051af0856016e64ad97204 -> 
  custom:scripting/monoscript/fileName/GoEaseCubic.cs: 7d74fd43480e52f793e3086826193b77 -> 
  custom:SearchIndexIgnoredProperties: e643bd26f0fe6173181afceb89e7c659 -> 
  custom:scripting/monoscript/fileName/GoSmoothedQuaternion.cs: 92de95a3ce149743e526859a8d0255c5 -> 
  custom:container-demuxer-ogg: 62fdf1f143b41e24485cea50d1cbac27 -> 
  custom:AudioImporter_EditorPlatform: d09bf68614088b80899f8185d706f6e7 -> 
  custom:scripting/monoscript/fileName/ShakeTweenProperty.cs: fdb713005206085d3b49cdd6b2d15f80 -> 
  custom:scripting/monoscript/fileName/Vector2TweenProperty.cs: d7a25a544d56d947d9526019347f1f6e -> 
  custom:scripting/monoscript/fileName/GoKitTweenExtensions.cs: 28ee7421c4d34eb9c057646838e28859 -> 
  custom:scripting/monoscript/fileName/Vector3XTweenProperty.cs: 9592582ea2f541a8cf92ba7dd7dd85f2 -> 
  custom:scripting/monoscript/fileName/Go.cs: 840adb47e0f4be71eeea7168442feb7d -> 
  custom:scripting/monoscript/fileName/ColorTweenProperty.cs: 94ba4bee52d153d3fd58a82d4cf8ce0c -> 
  custom:scripting/monoscript/fileName/GoEaseLinear.cs: b690756fd76817f101a31dcd50ae4adc -> 
  custom:scripting/monoscript/fileName/GoEaseExponential.cs: 8f890ce1f0130e8014d1a219fa0d7904 -> 
  custom:scripting/monoscript/fileName/ScaleTweenProperty.cs: 068e501b322923caa36166fe86d472e5 -> 
  custom:video-decoder-ogg-theora: a1e56fd34408186e4bbccfd4996cb3dc -> 
  custom:scripting/monoscript/fileName/GoSpline.cs: 8039f73cfdc174dc6ffa15343c307f29 -> 
  custom:scripting/monoscript/fileName/GoTweenFlow.cs: ce7a11a1fb9e8397b83cab3847ba7970 -> 
  custom:scripting/monoscript/fileName/GoEaseQuartic.cs: d34853ce84f33fe9033901002d4ff793 -> 
  custom:framework-win-MediaFoundation: 216162199b28c13a410421893ffa2e32 -> 
  custom:scripting/monoscript/fileName/GoEaseBounce.cs: e71b365170d63025c159c4756b1910b2 -> 
  custom:scripting/monoscript/fileName/GoSplineQuadraticBezierSolver.cs: 44dee8c5fd496e5eb749f54d83d1397e -> 
  custom:scripting/monoscript/fileName/GoEaseQuadratic.cs: e3ed230c2d29b99c6f642587e4ad0e5d -> 
  custom:scripting/monoscript/fileName/MaterialColorTweenProperty.cs: f6d4ed9537ac95d7564838fa4e660e7d -> 
  custom:scripting/monoscript/fileName/GoEaseCircular.cs: 84a2009340e8431314db7056edf1bd68 -> 
  custom:scripting/monoscript/fileName/PositionPathTweenProperty.cs: efde40660de14fd7cd1ede2fa47e9837 -> 
  custom:video-encoder-webm-vp8: eb34c28f22e8b96e1ab97ce403110664 -> 
  custom:scripting/monoscript/fileName/FloatTweenProperty.cs: 48aea3a8bbe79ca6e0baa81dc186bdfd -> 
  custom:scripting/monoscript/fileName/GoTweenChain.cs: f9995827e6ddafabc43c1b0e0dcfd886 -> 
  custom:scripting/monoscript/fileName/GoTweenCollectionConfig.cs: 37c99bdc8dc674650bd69bc44bb2e57b -> 
  custom:audio-decoder-ogg-vorbis: bf7c407c2cedff20999df2af8eb42d56 -> 
  custom:scripting/monoscript/fileName/AbstractQuaternionTweenProperty.cs: 65ceda31db804ab1e0e34f0e48afa285 -> 
  custom:scripting/monoscript/fileName/AbstractColorTweenProperty.cs: bba0da230ed56fc0a25af92f6a3e377e -> 
  custom:scripting/monoscript/fileName/AbstractVector3TweenProperty.cs: 6aa4defef7531529f4ddc1516936e2e3 -> 
  custom:CustomObjectIndexerAttribute: 9a22284fe3817be447336de3de66b15e -> 
  custom:scripting/monoscript/fileName/Vector4TweenProperty.cs: 18bb73739ede80588b5bfadcee873907 -> 
  custom:scripting/monoscript/fileName/GoEaseBack.cs: 3f6e00793ada35f633abc2146480990e -> 
  custom:container-demuxer-webm: 4f35f7cbe854078d1ac9338744f61a02 -> 
  custom:scripting/monoscript/fileName/GoTweenConfig.cs: 5b3154c82824c20addf84e8652f51cfe -> 
  custom:scripting/monoscript/fileName/RotationQuaternionTweenProperty.cs: e0d94af0c913b0be4cd670833a2cda91 -> 
  custom:scripting/monoscript/fileName/GoTweenUtils.cs: 867d37edf69335bc6e54784197f28064 -> 
  custom:scripting/monoscript/fileName/GoSplineCubicBezierSolver.cs: 6d81419c64f7c334f4359254f1cbade0 -> 
  custom:audio-encoder-webm-vorbis: bf7c407c2cedff20999df2af8eb42d56 -> 
  custom:scripting/monoscript/fileName/ScalePathTweenProperty.cs: 816c1a788eca415c60d1b7e87fb103fe -> 
  custom:scripting/monoscript/fileName/GoEaseElastic.cs: f0cafb366ac4251d5c35fe413d3f62f6 -> 
  custom:scripting/monoscript/fileName/GoDummyPath.cs: a21201ab2fac2187e4faeaf08bb4ec90 -> 
  custom:scripting/monoscript/fileName/PositionTweenProperty.cs: e367a96b2cbc0b819bff5d0620f4b258 -> 
  custom:scripting/monoscript/fileName/Vector3TweenProperty.cs: 8e9f9d7bb7b15068d97f4d593f097c86 -> 
  custom:scripting/monoscript/fileName/AbstractGoTween.cs: 3bdc69e313ad58745cd33c4b74e6a709 -> 
  custom:scripting/monoscript/fileName/GoSplineStraightLineSolver.cs: b6a3907f2ead3ba9ac17ad3fdd121ec9 -> 
  custom:scripting/monoscript/fileName/AbstractGoTweenCollection.cs: 61d9f5f358696a7942516ed78ffe7e98 -> 
  custom:scripting/monoscript/fileName/Vector3PathTweenProperty.cs: 94848aa2e96060cfeaf83844ee158f0c -> 
  custom:scripting/monoscript/fileName/Vector3ZTweenProperty.cs: 35595634a87246c4e13691b1563178c5 -> 
  custom:scripting/monoscript/fileName/AbstractTweenProperty.cs: c71b2ece20cb4e1e30772e574c806625 -> 
  custom:container-muxer-webm: aa71ff27fc2769a1b78a27578f13a17b -> 
  custom:scripting/monoscript/fileName/AbstractGoSplineSolver.cs: 788a6b8052af6ee0371d3a464e692d1b -> 
  custom:scripting/monoscript/fileName/GoTween.cs: 4df5a8b9fefcbd8a2b5d6fe6223ee62f -> 
  custom:scripting/monoscript/fileName/RotationTweenProperty.cs: 13e7fbd741208cd89873755249a873a9 -> 
========================================================================
Received Import Request.
  Time since last request: 142.564897 seconds.
  path: Assets/Prefabs/Armor.prefab
  artifactKey: Guid(f035ced4b9e14ae45b87e74f22d1fc37) Importer(815301076,1909f56bfc062723c751e8b465ee728b)
Start importing Assets/Prefabs/Armor.prefab using Guid(f035ced4b9e14ae45b87e74f22d1fc37) Importer(815301076,1909f56bfc062723c751e8b465ee728b)  -> (artifact id: 'bc7dedd51328ebc35e1515db7c71be49') in 0.072952 seconds
Number of updated asset objects reloaded before import = 0
Number of asset objects unloaded after import = 9
========================================================================
Received Import Request.
  Time since last request: 0.000016 seconds.
  path: Assets/Prefabs/Heart.prefab
  artifactKey: Guid(04eadc8c790030b44be3e2656c4435ea) Importer(815301076,1909f56bfc062723c751e8b465ee728b)
Start importing Assets/Prefabs/Heart.prefab using Guid(04eadc8c790030b44be3e2656c4435ea) Importer(815301076,1909f56bfc062723c751e8b465ee728b)  -> (artifact id: 'e0ae181a1be1636b0a9f3b2f3a7d7daf') in 0.011463 seconds
Number of updated asset objects reloaded before import = 0
Number of asset objects unloaded after import = 9
========================================================================
Received Import Request.
  Time since last request: 0.000015 seconds.
  path: Assets/Prefabs/Attack.prefab
  artifactKey: Guid(b70e5b7f61cc529439c8efdc6d72dab9) Importer(815301076,1909f56bfc062723c751e8b465ee728b)
Start importing Assets/Prefabs/Attack.prefab using Guid(b70e5b7f61cc529439c8efdc6d72dab9) Importer(815301076,1909f56bfc062723c751e8b465ee728b)  -> (artifact id: 'b3d8314896e8e4aeb2b234857861415f') in 0.010787 seconds
Number of updated asset objects reloaded before import = 0
Number of asset objects unloaded after import = 9
========================================================================
Received Import Request.
  Time since last request: 70.814928 seconds.
  path: Assets
  artifactKey: Guid(00000000000000001000000000000000) Importer(815301076,1909f56bfc062723c751e8b465ee728b)
Start importing Assets using Guid(00000000000000001000000000000000) Importer(815301076,1909f56bfc062723c751e8b465ee728b)  -> (artifact id: '8a4fe85251aa2e89732c359432baa2c3') in 0.000416 seconds
Number of updated asset objects reloaded before import = 0
Number of asset objects unloaded after import = 0
========================================================================
Received Import Request.
  Time since last request: 4.650246 seconds.
  path: Assets/Fonts
  artifactKey: Guid(93bd45de1e5e2cc4f910b0990d644bc6) Importer(815301076,1909f56bfc062723c751e8b465ee728b)
Start importing Assets/Fonts using Guid(93bd45de1e5e2cc4f910b0990d644bc6) Importer(815301076,1909f56bfc062723c751e8b465ee728b)  -> (artifact id: '399d4d5444127626c06db4b3364f4e0c') in 0.000346 seconds
Number of updated asset objects reloaded before import = 0
Number of asset objects unloaded after import = 0
========================================================================
Received Import Request.
  Time since last request: 15.737198 seconds.
  path: Assets/Fonts/MUSEOSANSROUNDED-1000.TTF
  artifactKey: Guid(8c0681a81e34bd9448214a01fd4e8eb1) Importer(815301076,1909f56bfc062723c751e8b465ee728b)
Start importing Assets/Fonts/MUSEOSANSROUNDED-1000.TTF using Guid(8c0681a81e34bd9448214a01fd4e8eb1) Importer(815301076,1909f56bfc062723c751e8b465ee728b)  -> (artifact id: 'c6027f6d06504711d1a5f218a1eaf75f') in 0.050434 seconds
Number of updated asset objects reloaded before import = 0
Number of asset objects unloaded after import = 4
========================================================================
Received Import Request.
  Time since last request: 7.681487 seconds.
  path: Assets/Fonts/MUSEOSANSROUNDED-1000 SDF.asset
  artifactKey: Guid(4c43f61cc97dc8d49ac9667ea1732e72) Importer(815301076,1909f56bfc062723c751e8b465ee728b)
Start importing Assets/Fonts/MUSEOSANSROUNDED-1000 SDF.asset using Guid(4c43f61cc97dc8d49ac9667ea1732e72) Importer(815301076,1909f56bfc062723c751e8b465ee728b) UnassignedReferenceException: The variable material of TMP_FontAsset has not been assigned.
You probably need to assign the material variable of the TMP_FontAsset script in the inspector.
  at (wrapper managed-to-native) UnityEngine.Material.HasProperty(UnityEngine.Material,int)
  at TMPro.TMP_FontAsset.ReadFontAssetDefinition () [0x0008f] in .\Library\PackageCache\com.unity.textmeshpro@3.0.9\Scripts\Runtime\TMP_FontAsset.cs:588 
  at TMPro.TMP_FontAsset.OnValidate () [0x00010] in .\Library\PackageCache\com.unity.textmeshpro@3.0.9\Scripts\Runtime\TMP_FontAsset.cs:555 

(Filename: ./Library/PackageCache/com.unity.textmeshpro@3.0.9/Scripts/Runtime/TMP_FontAsset.cs Line: 588)

 -> (artifact id: '44707125b4fe57ee51634ac3e178027d') in 0.010612 seconds
Number of updated asset objects reloaded before import = 0
Number of asset objects unloaded after import = 1
========================================================================
Received Import Request.
  Time since last request: 4.912885 seconds.
  path: Assets/Fonts/MUSEOSANSROUNDED-1000 SDF.asset
  artifactKey: Guid(4c43f61cc97dc8d49ac9667ea1732e72) Importer(815301076,1909f56bfc062723c751e8b465ee728b)
Start importing Assets/Fonts/MUSEOSANSROUNDED-1000 SDF.asset using Guid(4c43f61cc97dc8d49ac9667ea1732e72) Importer(815301076,1909f56bfc062723c751e8b465ee728b)  -> (artifact id: 'c18eeb624a39cad5e2757905f93ff126') in 0.010195 seconds
Number of updated asset objects reloaded before import = 0
Number of asset objects unloaded after import = 5
========================================================================
Received Prepare
Begin MonoManager ReloadAssembly
- Loaded All Assemblies, in  0.289 seconds
Refreshing native plugins compatible for Editor in 1.07 ms, found 1 plugins.
Native extension for WindowsStandalone target not found
Native extension for Android target not found
Mono: successfully reloaded assembly
- Finished resetting the current domain, in  0.386 seconds
Domain Reload Profiling: 676ms
	BeginReloadAssembly (107ms)
		ExecutionOrderSort (0ms)
		DisableScriptedObjects (3ms)
		BackupInstance (0ms)
		ReleaseScriptingObjects (0ms)
		CreateAndSetChildDomain (20ms)
	RebuildCommonClasses (25ms)
	RebuildNativeTypeToScriptingClass (8ms)
	initialDomainReloadingComplete (18ms)
	LoadAllAssembliesAndSetupDomain (130ms)
		LoadAssemblies (179ms)
		RebuildTransferFunctionScriptingTraits (0ms)
		AnalyzeDomain (12ms)
			TypeCache.Refresh (5ms)
				TypeCache.ScanAssembly (0ms)
			ScanForSourceGeneratedMonoScriptInfo (2ms)
			ResolveRequiredComponents (5ms)
	FinalizeReload (387ms)
		ReleaseScriptCaches (0ms)
		RebuildScriptCaches (0ms)
		SetupLoadedEditorAssemblies (183ms)
			LogAssemblyErrors (0ms)
			InitializePlatformSupportModulesInManaged (16ms)
			SetLoadedEditorAssemblies (2ms)
			RefreshPlugins (0ms)
			BeforeProcessingInitializeOnLoad (34ms)
			ProcessInitializeOnLoadAttributes (112ms)
			ProcessInitializeOnLoadMethodAttributes (16ms)
			AfterProcessingInitializeOnLoad (3ms)
			EditorAssembliesLoaded (0ms)
		ExecutionOrderSort2 (0ms)
		AwakeInstancesAfterBackupRestoration (7ms)
Refreshing native plugins compatible for Editor in 1.15 ms, found 1 plugins.
Preloading 0 native plugins for Editor in 0.00 ms.
Unloading 2319 Unused Serialized files (Serialized files now loaded: 0)
Unloading 34 unused Assets / (0.7 MB). Loaded Objects now: 2912.
Memory consumption went from 108.8 MB to 108.1 MB.
Total: 2.020100 ms (FindLiveObjects: 0.156400 ms CreateObjectMapping: 0.054600 ms MarkObjects: 1.542500 ms  DeleteObjects: 0.265700 ms)

Prepare: number of updated asset objects reloaded= 0
AssetImportParameters requested are different than current active one (requested -> active):
  custom:scripting/monoscript/fileName/GoSmoothedVector3.cs: 3a6ceb396859da913cbecdd1940e0aa2 -> 
  custom:scripting/monoscript/fileName/EulerAnglesTweenProperty.cs: 7a2321a8c63f28c3857aa33414a11270 -> 
  custom:video-decoder-webm-vp8: 9c59270c3fd7afecdb556c50c9e8de78 -> 
  custom:scripting/monoscript/fileName/IGenericProperty.cs: f404e27010d8ce1a25f7cc2ac06431ac -> 
  custom:scripting/monoscript/fileName/GoEaseSinusoidal.cs: e637d6b7456e2acd06dfd152f10b71d1 -> 
  custom:scripting/monoscript/fileName/GoSplineCatmullRomSolver.cs: 8bbd4e9dc2722b25540d14d500b88879 -> 
  custom:scripting/monoscript/fileName/IntTweenProperty.cs: 1f39418055dd7708ff3b9e75a86d93a1 -> 
  custom:scripting/monoscript/fileName/Vector3YTweenProperty.cs: 2b996e9222bddad772657bb084e9da48 -> 
  custom:scripting/monoscript/fileName/GoEaseQuintic.cs: 672086238d051af0856016e64ad97204 -> 
  custom:scripting/monoscript/fileName/GoEaseCubic.cs: 7d74fd43480e52f793e3086826193b77 -> 
  custom:SearchIndexIgnoredProperties: e643bd26f0fe6173181afceb89e7c659 -> 
  custom:scripting/monoscript/fileName/GoSmoothedQuaternion.cs: 92de95a3ce149743e526859a8d0255c5 -> 
  custom:container-demuxer-ogg: 62fdf1f143b41e24485cea50d1cbac27 -> 
  custom:AudioImporter_EditorPlatform: d09bf68614088b80899f8185d706f6e7 -> 
  custom:scripting/monoscript/fileName/ShakeTweenProperty.cs: fdb713005206085d3b49cdd6b2d15f80 -> 
  custom:scripting/monoscript/fileName/Vector2TweenProperty.cs: d7a25a544d56d947d9526019347f1f6e -> 
  custom:scripting/monoscript/fileName/GoKitTweenExtensions.cs: 28ee7421c4d34eb9c057646838e28859 -> 
  custom:scripting/monoscript/fileName/Vector3XTweenProperty.cs: 9592582ea2f541a8cf92ba7dd7dd85f2 -> 
  custom:scripting/monoscript/fileName/Go.cs: 840adb47e0f4be71eeea7168442feb7d -> 
  custom:scripting/monoscript/fileName/ColorTweenProperty.cs: 94ba4bee52d153d3fd58a82d4cf8ce0c -> 
  custom:scripting/monoscript/fileName/GoEaseLinear.cs: b690756fd76817f101a31dcd50ae4adc -> 
  custom:scripting/monoscript/fileName/GoEaseExponential.cs: 8f890ce1f0130e8014d1a219fa0d7904 -> 
  custom:scripting/monoscript/fileName/ScaleTweenProperty.cs: 068e501b322923caa36166fe86d472e5 -> 
  custom:video-decoder-ogg-theora: a1e56fd34408186e4bbccfd4996cb3dc -> 
  custom:scripting/monoscript/fileName/GoSpline.cs: 8039f73cfdc174dc6ffa15343c307f29 -> 
  custom:scripting/monoscript/fileName/GoTweenFlow.cs: ce7a11a1fb9e8397b83cab3847ba7970 -> 
  custom:scripting/monoscript/fileName/GoEaseQuartic.cs: d34853ce84f33fe9033901002d4ff793 -> 
  custom:framework-win-MediaFoundation: 216162199b28c13a410421893ffa2e32 -> 
  custom:scripting/monoscript/fileName/GoEaseBounce.cs: e71b365170d63025c159c4756b1910b2 -> 
  custom:scripting/monoscript/fileName/GoSplineQuadraticBezierSolver.cs: 44dee8c5fd496e5eb749f54d83d1397e -> 
  custom:scripting/monoscript/fileName/GoEaseQuadratic.cs: e3ed230c2d29b99c6f642587e4ad0e5d -> 
  custom:scripting/monoscript/fileName/MaterialColorTweenProperty.cs: f6d4ed9537ac95d7564838fa4e660e7d -> 
  custom:scripting/monoscript/fileName/GoEaseCircular.cs: 84a2009340e8431314db7056edf1bd68 -> 
  custom:scripting/monoscript/fileName/PositionPathTweenProperty.cs: efde40660de14fd7cd1ede2fa47e9837 -> 
  custom:video-encoder-webm-vp8: eb34c28f22e8b96e1ab97ce403110664 -> 
  custom:scripting/monoscript/fileName/FloatTweenProperty.cs: 48aea3a8bbe79ca6e0baa81dc186bdfd -> 
  custom:scripting/monoscript/fileName/GoTweenChain.cs: f9995827e6ddafabc43c1b0e0dcfd886 -> 
  custom:scripting/monoscript/fileName/GoTweenCollectionConfig.cs: 37c99bdc8dc674650bd69bc44bb2e57b -> 
  custom:audio-decoder-ogg-vorbis: bf7c407c2cedff20999df2af8eb42d56 -> 
  custom:scripting/monoscript/fileName/AbstractQuaternionTweenProperty.cs: 65ceda31db804ab1e0e34f0e48afa285 -> 
  custom:scripting/monoscript/fileName/AbstractColorTweenProperty.cs: bba0da230ed56fc0a25af92f6a3e377e -> 
  custom:scripting/monoscript/fileName/AbstractVector3TweenProperty.cs: 6aa4defef7531529f4ddc1516936e2e3 -> 
  custom:CustomObjectIndexerAttribute: 9a22284fe3817be447336de3de66b15e -> 
  custom:scripting/monoscript/fileName/Vector4TweenProperty.cs: 18bb73739ede80588b5bfadcee873907 -> 
  custom:scripting/monoscript/fileName/GoEaseBack.cs: 3f6e00793ada35f633abc2146480990e -> 
  custom:container-demuxer-webm: 4f35f7cbe854078d1ac9338744f61a02 -> 
  custom:scripting/monoscript/fileName/GoTweenConfig.cs: 5b3154c82824c20addf84e8652f51cfe -> 
  custom:scripting/monoscript/fileName/RotationQuaternionTweenProperty.cs: e0d94af0c913b0be4cd670833a2cda91 -> 
  custom:scripting/monoscript/fileName/GoTweenUtils.cs: 867d37edf69335bc6e54784197f28064 -> 
  custom:scripting/monoscript/fileName/GoSplineCubicBezierSolver.cs: 6d81419c64f7c334f4359254f1cbade0 -> 
  custom:audio-encoder-webm-vorbis: bf7c407c2cedff20999df2af8eb42d56 -> 
  custom:scripting/monoscript/fileName/ScalePathTweenProperty.cs: 816c1a788eca415c60d1b7e87fb103fe -> 
  custom:scripting/monoscript/fileName/GoEaseElastic.cs: f0cafb366ac4251d5c35fe413d3f62f6 -> 
  custom:scripting/monoscript/fileName/GoDummyPath.cs: a21201ab2fac2187e4faeaf08bb4ec90 -> 
  custom:scripting/monoscript/fileName/PositionTweenProperty.cs: e367a96b2cbc0b819bff5d0620f4b258 -> 
  custom:scripting/monoscript/fileName/Vector3TweenProperty.cs: 8e9f9d7bb7b15068d97f4d593f097c86 -> 
  custom:scripting/monoscript/fileName/AbstractGoTween.cs: 3bdc69e313ad58745cd33c4b74e6a709 -> 
  custom:scripting/monoscript/fileName/GoSplineStraightLineSolver.cs: b6a3907f2ead3ba9ac17ad3fdd121ec9 -> 
  custom:scripting/monoscript/fileName/AbstractGoTweenCollection.cs: 61d9f5f358696a7942516ed78ffe7e98 -> 
  custom:scripting/monoscript/fileName/Vector3PathTweenProperty.cs: 94848aa2e96060cfeaf83844ee158f0c -> 
  custom:scripting/monoscript/fileName/Vector3ZTweenProperty.cs: 35595634a87246c4e13691b1563178c5 -> 
  custom:scripting/monoscript/fileName/AbstractTweenProperty.cs: c71b2ece20cb4e1e30772e574c806625 -> 
  custom:container-muxer-webm: aa71ff27fc2769a1b78a27578f13a17b -> 
  custom:scripting/monoscript/fileName/AbstractGoSplineSolver.cs: 788a6b8052af6ee0371d3a464e692d1b -> 
  custom:scripting/monoscript/fileName/GoTween.cs: 4df5a8b9fefcbd8a2b5d6fe6223ee62f -> 
  custom:scripting/monoscript/fileName/RotationTweenProperty.cs: 13e7fbd741208cd89873755249a873a9 -> 
========================================================================
Received Import Request.
  Time since last request: 155.424633 seconds.
  path: Assets/TextMesh Pro/Resources/Fonts & Materials/LiberationSans SDF.asset
  artifactKey: Guid(8f586378b4e144a9851e7b34d9b748ee) Importer(815301076,1909f56bfc062723c751e8b465ee728b)
Start importing Assets/TextMesh Pro/Resources/Fonts & Materials/LiberationSans SDF.asset using Guid(8f586378b4e144a9851e7b34d9b748ee) Importer(815301076,1909f56bfc062723c751e8b465ee728b)  -> (artifact id: '2ac5693cb43144a2920d3be9cbefa038') in 0.125242 seconds
Number of updated asset objects reloaded before import = 0
Number of asset objects unloaded after import = 10
========================================================================
Received Import Request.
  Time since last request: 0.000017 seconds.
  path: Assets/TextMesh Pro/Resources/Fonts & Materials/LiberationSans SDF - Fallback.asset
  artifactKey: Guid(2e498d1c8094910479dc3e1b768306a4) Importer(815301076,1909f56bfc062723c751e8b465ee728b)
Start importing Assets/TextMesh Pro/Resources/Fonts & Materials/LiberationSans SDF - Fallback.asset using Guid(2e498d1c8094910479dc3e1b768306a4) Importer(815301076,1909f56bfc062723c751e8b465ee728b)  -> (artifact id: '19995e0deb6bb6d3a8a7c291b0a7e453') in 0.013552 seconds
Number of updated asset objects reloaded before import = 0
Number of asset objects unloaded after import = 7
========================================================================
Received Import Request.
  Time since last request: 33.479889 seconds.
  path: Assets/Fonts/MUSEOSANSROUNDED-1000 SDF.asset
  artifactKey: Guid(4c43f61cc97dc8d49ac9667ea1732e72) Importer(815301076,1909f56bfc062723c751e8b465ee728b)
Start importing Assets/Fonts/MUSEOSANSROUNDED-1000 SDF.asset using Guid(4c43f61cc97dc8d49ac9667ea1732e72) Importer(815301076,1909f56bfc062723c751e8b465ee728b)  -> (artifact id: '4b08dc02f7f15d2e41597344b9b206fa') in 0.062220 seconds
Number of updated asset objects reloaded before import = 0
Number of asset objects unloaded after import = 8
========================================================================
Received Import Request.
  Time since last request: 119.139668 seconds.
  path: Assets/Fonts/MUSEOSANSROUNDED-1000 SDF.asset
  artifactKey: Guid(4c43f61cc97dc8d49ac9667ea1732e72) Importer(815301076,1909f56bfc062723c751e8b465ee728b)
Start importing Assets/Fonts/MUSEOSANSROUNDED-1000 SDF.asset using Guid(4c43f61cc97dc8d49ac9667ea1732e72) Importer(815301076,1909f56bfc062723c751e8b465ee728b)  -> (artifact id: '6a8fe84cd4331f991742440d3ffc9920') in 0.061415 seconds
Number of updated asset objects reloaded before import = 0
Number of asset objects unloaded after import = 8
========================================================================
Received Import Request.
  Time since last request: 25.084726 seconds.
  path: Assets/Prefabs/Absorb.prefab
  artifactKey: Guid(f8731bdc219cec744ace9a71f469370a) Importer(815301076,1909f56bfc062723c751e8b465ee728b)
Start importing Assets/Prefabs/Absorb.prefab using Guid(f8731bdc219cec744ace9a71f469370a) Importer(815301076,1909f56bfc062723c751e8b465ee728b)  -> (artifact id: '0bdced8c38294024653344113fa2b4d4') in 0.024716 seconds
Number of updated asset objects reloaded before import = 0
Number of asset objects unloaded after import = 9
========================================================================
Received Import Request.
  Time since last request: 0.000014 seconds.
  path: Assets/Prefabs/Heart.prefab
  artifactKey: Guid(04eadc8c790030b44be3e2656c4435ea) Importer(815301076,1909f56bfc062723c751e8b465ee728b)
Start importing Assets/Prefabs/Heart.prefab using Guid(04eadc8c790030b44be3e2656c4435ea) Importer(815301076,1909f56bfc062723c751e8b465ee728b)  -> (artifact id: '0a1ae68b7e3e9db1e20a331e98ed8d75') in 0.025619 seconds
Number of updated asset objects reloaded before import = 0
Number of asset objects unloaded after import = 9
========================================================================
Received Import Request.
  Time since last request: 0.000014 seconds.
  path: Assets/Prefabs/Mana.prefab
  artifactKey: Guid(c739f479e38193b4d9e8e5f64d6fe48d) Importer(815301076,1909f56bfc062723c751e8b465ee728b)
Start importing Assets/Prefabs/Mana.prefab using Guid(c739f479e38193b4d9e8e5f64d6fe48d) Importer(815301076,1909f56bfc062723c751e8b465ee728b)  -> (artifact id: 'dea0f2814bca727ed7c5eee9d68f166e') in 0.011055 seconds
Number of updated asset objects reloaded before import = 0
Number of asset objects unloaded after import = 9
========================================================================
Received Prepare
Begin MonoManager ReloadAssembly
- Loaded All Assemblies, in  0.307 seconds
Refreshing native plugins compatible for Editor in 1.92 ms, found 1 plugins.
Native extension for WindowsStandalone target not found
Native extension for Android target not found
Mono: successfully reloaded assembly
- Finished resetting the current domain, in  0.380 seconds
Domain Reload Profiling: 687ms
	BeginReloadAssembly (110ms)
		ExecutionOrderSort (0ms)
		DisableScriptedObjects (3ms)
		BackupInstance (0ms)
		ReleaseScriptingObjects (0ms)
		CreateAndSetChildDomain (19ms)
	RebuildCommonClasses (29ms)
	RebuildNativeTypeToScriptingClass (12ms)
	initialDomainReloadingComplete (22ms)
	LoadAllAssembliesAndSetupDomain (134ms)
		LoadAssemblies (189ms)
		RebuildTransferFunctionScriptingTraits (0ms)
		AnalyzeDomain (10ms)
			TypeCache.Refresh (4ms)
				TypeCache.ScanAssembly (0ms)
			ScanForSourceGeneratedMonoScriptInfo (0ms)
			ResolveRequiredComponents (5ms)
	FinalizeReload (381ms)
		ReleaseScriptCaches (0ms)
		RebuildScriptCaches (0ms)
		SetupLoadedEditorAssemblies (191ms)
			LogAssemblyErrors (0ms)
			InitializePlatformSupportModulesInManaged (16ms)
			SetLoadedEditorAssemblies (2ms)
			RefreshPlugins (0ms)
			BeforeProcessingInitializeOnLoad (36ms)
			ProcessInitializeOnLoadAttributes (116ms)
			ProcessInitializeOnLoadMethodAttributes (18ms)
			AfterProcessingInitializeOnLoad (2ms)
			EditorAssembliesLoaded (0ms)
		ExecutionOrderSort2 (0ms)
		AwakeInstancesAfterBackupRestoration (6ms)
Refreshing native plugins compatible for Editor in 1.17 ms, found 1 plugins.
Preloading 0 native plugins for Editor in 0.00 ms.
Unloading 2319 Unused Serialized files (Serialized files now loaded: 0)
Unloading 32 unused Assets / (0.6 MB). Loaded Objects now: 2917.
Memory consumption went from 108.8 MB to 108.2 MB.
Total: 2.107900 ms (FindLiveObjects: 0.158900 ms CreateObjectMapping: 0.050600 ms MarkObjects: 1.621300 ms  DeleteObjects: 0.276300 ms)

Prepare: number of updated asset objects reloaded= 0
AssetImportParameters requested are different than current active one (requested -> active):
  custom:scripting/monoscript/fileName/GoSmoothedVector3.cs: 3a6ceb396859da913cbecdd1940e0aa2 -> 
  custom:scripting/monoscript/fileName/EulerAnglesTweenProperty.cs: 7a2321a8c63f28c3857aa33414a11270 -> 
  custom:video-decoder-webm-vp8: 9c59270c3fd7afecdb556c50c9e8de78 -> 
  custom:scripting/monoscript/fileName/IGenericProperty.cs: f404e27010d8ce1a25f7cc2ac06431ac -> 
  custom:scripting/monoscript/fileName/GoEaseSinusoidal.cs: e637d6b7456e2acd06dfd152f10b71d1 -> 
  custom:scripting/monoscript/fileName/GoSplineCatmullRomSolver.cs: 8bbd4e9dc2722b25540d14d500b88879 -> 
  custom:scripting/monoscript/fileName/IntTweenProperty.cs: 1f39418055dd7708ff3b9e75a86d93a1 -> 
  custom:scripting/monoscript/fileName/Vector3YTweenProperty.cs: 2b996e9222bddad772657bb084e9da48 -> 
  custom:scripting/monoscript/fileName/GoEaseQuintic.cs: 672086238d051af0856016e64ad97204 -> 
  custom:scripting/monoscript/fileName/GoEaseCubic.cs: 7d74fd43480e52f793e3086826193b77 -> 
  custom:SearchIndexIgnoredProperties: e643bd26f0fe6173181afceb89e7c659 -> 
  custom:scripting/monoscript/fileName/GoSmoothedQuaternion.cs: 92de95a3ce149743e526859a8d0255c5 -> 
  custom:container-demuxer-ogg: 62fdf1f143b41e24485cea50d1cbac27 -> 
  custom:AudioImporter_EditorPlatform: d09bf68614088b80899f8185d706f6e7 -> 
  custom:scripting/monoscript/fileName/ShakeTweenProperty.cs: fdb713005206085d3b49cdd6b2d15f80 -> 
  custom:scripting/monoscript/fileName/Vector2TweenProperty.cs: d7a25a544d56d947d9526019347f1f6e -> 
  custom:scripting/monoscript/fileName/GoKitTweenExtensions.cs: 28ee7421c4d34eb9c057646838e28859 -> 
  custom:scripting/monoscript/fileName/Vector3XTweenProperty.cs: 9592582ea2f541a8cf92ba7dd7dd85f2 -> 
  custom:scripting/monoscript/fileName/Go.cs: 840adb47e0f4be71eeea7168442feb7d -> 
  custom:scripting/monoscript/fileName/ColorTweenProperty.cs: 94ba4bee52d153d3fd58a82d4cf8ce0c -> 
  custom:scripting/monoscript/fileName/GoEaseLinear.cs: b690756fd76817f101a31dcd50ae4adc -> 
  custom:scripting/monoscript/fileName/GoEaseExponential.cs: 8f890ce1f0130e8014d1a219fa0d7904 -> 
  custom:scripting/monoscript/fileName/ScaleTweenProperty.cs: 068e501b322923caa36166fe86d472e5 -> 
  custom:video-decoder-ogg-theora: a1e56fd34408186e4bbccfd4996cb3dc -> 
  custom:scripting/monoscript/fileName/GoSpline.cs: 8039f73cfdc174dc6ffa15343c307f29 -> 
  custom:scripting/monoscript/fileName/GoTweenFlow.cs: ce7a11a1fb9e8397b83cab3847ba7970 -> 
  custom:scripting/monoscript/fileName/GoEaseQuartic.cs: d34853ce84f33fe9033901002d4ff793 -> 
  custom:framework-win-MediaFoundation: 216162199b28c13a410421893ffa2e32 -> 
  custom:scripting/monoscript/fileName/GoEaseBounce.cs: e71b365170d63025c159c4756b1910b2 -> 
  custom:scripting/monoscript/fileName/GoSplineQuadraticBezierSolver.cs: 44dee8c5fd496e5eb749f54d83d1397e -> 
  custom:scripting/monoscript/fileName/GoEaseQuadratic.cs: e3ed230c2d29b99c6f642587e4ad0e5d -> 
  custom:scripting/monoscript/fileName/MaterialColorTweenProperty.cs: f6d4ed9537ac95d7564838fa4e660e7d -> 
  custom:scripting/monoscript/fileName/GoEaseCircular.cs: 84a2009340e8431314db7056edf1bd68 -> 
  custom:scripting/monoscript/fileName/PositionPathTweenProperty.cs: efde40660de14fd7cd1ede2fa47e9837 -> 
  custom:video-encoder-webm-vp8: eb34c28f22e8b96e1ab97ce403110664 -> 
  custom:scripting/monoscript/fileName/FloatTweenProperty.cs: 48aea3a8bbe79ca6e0baa81dc186bdfd -> 
  custom:scripting/monoscript/fileName/GoTweenChain.cs: f9995827e6ddafabc43c1b0e0dcfd886 -> 
  custom:scripting/monoscript/fileName/GoTweenCollectionConfig.cs: 37c99bdc8dc674650bd69bc44bb2e57b -> 
  custom:audio-decoder-ogg-vorbis: bf7c407c2cedff20999df2af8eb42d56 -> 
  custom:scripting/monoscript/fileName/AbstractQuaternionTweenProperty.cs: 65ceda31db804ab1e0e34f0e48afa285 -> 
  custom:scripting/monoscript/fileName/AbstractColorTweenProperty.cs: bba0da230ed56fc0a25af92f6a3e377e -> 
  custom:scripting/monoscript/fileName/AbstractVector3TweenProperty.cs: 6aa4defef7531529f4ddc1516936e2e3 -> 
  custom:CustomObjectIndexerAttribute: 9a22284fe3817be447336de3de66b15e -> 
  custom:scripting/monoscript/fileName/Vector4TweenProperty.cs: 18bb73739ede80588b5bfadcee873907 -> 
  custom:scripting/monoscript/fileName/GoEaseBack.cs: 3f6e00793ada35f633abc2146480990e -> 
  custom:container-demuxer-webm: 4f35f7cbe854078d1ac9338744f61a02 -> 
  custom:scripting/monoscript/fileName/GoTweenConfig.cs: 5b3154c82824c20addf84e8652f51cfe -> 
  custom:scripting/monoscript/fileName/RotationQuaternionTweenProperty.cs: e0d94af0c913b0be4cd670833a2cda91 -> 
  custom:scripting/monoscript/fileName/GoTweenUtils.cs: 867d37edf69335bc6e54784197f28064 -> 
  custom:scripting/monoscript/fileName/GoSplineCubicBezierSolver.cs: 6d81419c64f7c334f4359254f1cbade0 -> 
  custom:audio-encoder-webm-vorbis: bf7c407c2cedff20999df2af8eb42d56 -> 
  custom:scripting/monoscript/fileName/ScalePathTweenProperty.cs: 816c1a788eca415c60d1b7e87fb103fe -> 
  custom:scripting/monoscript/fileName/GoEaseElastic.cs: f0cafb366ac4251d5c35fe413d3f62f6 -> 
  custom:scripting/monoscript/fileName/GoDummyPath.cs: a21201ab2fac2187e4faeaf08bb4ec90 -> 
  custom:scripting/monoscript/fileName/PositionTweenProperty.cs: e367a96b2cbc0b819bff5d0620f4b258 -> 
  custom:scripting/monoscript/fileName/Vector3TweenProperty.cs: 8e9f9d7bb7b15068d97f4d593f097c86 -> 
  custom:scripting/monoscript/fileName/AbstractGoTween.cs: 3bdc69e313ad58745cd33c4b74e6a709 -> 
  custom:scripting/monoscript/fileName/GoSplineStraightLineSolver.cs: b6a3907f2ead3ba9ac17ad3fdd121ec9 -> 
  custom:scripting/monoscript/fileName/AbstractGoTweenCollection.cs: 61d9f5f358696a7942516ed78ffe7e98 -> 
  custom:scripting/monoscript/fileName/Vector3PathTweenProperty.cs: 94848aa2e96060cfeaf83844ee158f0c -> 
  custom:scripting/monoscript/fileName/Vector3ZTweenProperty.cs: 35595634a87246c4e13691b1563178c5 -> 
  custom:scripting/monoscript/fileName/AbstractTweenProperty.cs: c71b2ece20cb4e1e30772e574c806625 -> 
  custom:container-muxer-webm: aa71ff27fc2769a1b78a27578f13a17b -> 
  custom:scripting/monoscript/fileName/AbstractGoSplineSolver.cs: 788a6b8052af6ee0371d3a464e692d1b -> 
  custom:scripting/monoscript/fileName/GoTween.cs: 4df5a8b9fefcbd8a2b5d6fe6223ee62f -> 
  custom:scripting/monoscript/fileName/RotationTweenProperty.cs: 13e7fbd741208cd89873755249a873a9 -> 
========================================================================
Received Prepare
Begin MonoManager ReloadAssembly
- Loaded All Assemblies, in  0.300 seconds
Refreshing native plugins compatible for Editor in 1.06 ms, found 1 plugins.
Native extension for WindowsStandalone target not found
Native extension for Android target not found
Mono: successfully reloaded assembly
- Finished resetting the current domain, in  0.386 seconds
Domain Reload Profiling: 686ms
	BeginReloadAssembly (119ms)
		ExecutionOrderSort (0ms)
		DisableScriptedObjects (4ms)
		BackupInstance (0ms)
		ReleaseScriptingObjects (0ms)
		CreateAndSetChildDomain (20ms)
	RebuildCommonClasses (23ms)
	RebuildNativeTypeToScriptingClass (8ms)
	initialDomainReloadingComplete (21ms)
	LoadAllAssembliesAndSetupDomain (128ms)
		LoadAssemblies (190ms)
		RebuildTransferFunctionScriptingTraits (0ms)
		AnalyzeDomain (9ms)
			TypeCache.Refresh (4ms)
				TypeCache.ScanAssembly (0ms)
			ScanForSourceGeneratedMonoScriptInfo (0ms)
			ResolveRequiredComponents (4ms)
	FinalizeReload (386ms)
		ReleaseScriptCaches (0ms)
		RebuildScriptCaches (0ms)
		SetupLoadedEditorAssemblies (201ms)
			LogAssemblyErrors (0ms)
			InitializePlatformSupportModulesInManaged (17ms)
			SetLoadedEditorAssemblies (2ms)
			RefreshPlugins (0ms)
			BeforeProcessingInitializeOnLoad (38ms)
			ProcessInitializeOnLoadAttributes (121ms)
			ProcessInitializeOnLoadMethodAttributes (22ms)
			AfterProcessingInitializeOnLoad (2ms)
			EditorAssembliesLoaded (0ms)
		ExecutionOrderSort2 (0ms)
		AwakeInstancesAfterBackupRestoration (6ms)
Refreshing native plugins compatible for Editor in 1.36 ms, found 1 plugins.
Preloading 0 native plugins for Editor in 0.00 ms.
Unloading 2318 Unused Serialized files (Serialized files now loaded: 0)
Unloading 32 unused Assets / (0.6 MB). Loaded Objects now: 2920.
Memory consumption went from 108.6 MB to 108.0 MB.
Total: 2.252900 ms (FindLiveObjects: 0.178400 ms CreateObjectMapping: 0.066000 ms MarkObjects: 1.703100 ms  DeleteObjects: 0.304500 ms)

Prepare: number of updated asset objects reloaded= 0
AssetImportParameters requested are different than current active one (requested -> active):
  custom:scripting/monoscript/fileName/GoSmoothedVector3.cs: 3a6ceb396859da913cbecdd1940e0aa2 -> 
  custom:scripting/monoscript/fileName/EulerAnglesTweenProperty.cs: 7a2321a8c63f28c3857aa33414a11270 -> 
  custom:video-decoder-webm-vp8: 9c59270c3fd7afecdb556c50c9e8de78 -> 
  custom:scripting/monoscript/fileName/IGenericProperty.cs: f404e27010d8ce1a25f7cc2ac06431ac -> 
  custom:scripting/monoscript/fileName/GoEaseSinusoidal.cs: e637d6b7456e2acd06dfd152f10b71d1 -> 
  custom:scripting/monoscript/fileName/GoSplineCatmullRomSolver.cs: 8bbd4e9dc2722b25540d14d500b88879 -> 
  custom:scripting/monoscript/fileName/IntTweenProperty.cs: 1f39418055dd7708ff3b9e75a86d93a1 -> 
  custom:scripting/monoscript/fileName/Vector3YTweenProperty.cs: 2b996e9222bddad772657bb084e9da48 -> 
  custom:scripting/monoscript/fileName/GoEaseQuintic.cs: 672086238d051af0856016e64ad97204 -> 
  custom:scripting/monoscript/fileName/GoEaseCubic.cs: 7d74fd43480e52f793e3086826193b77 -> 
  custom:SearchIndexIgnoredProperties: e643bd26f0fe6173181afceb89e7c659 -> 
  custom:scripting/monoscript/fileName/GoSmoothedQuaternion.cs: 92de95a3ce149743e526859a8d0255c5 -> 
  custom:container-demuxer-ogg: 62fdf1f143b41e24485cea50d1cbac27 -> 
  custom:AudioImporter_EditorPlatform: d09bf68614088b80899f8185d706f6e7 -> 
  custom:scripting/monoscript/fileName/ShakeTweenProperty.cs: fdb713005206085d3b49cdd6b2d15f80 -> 
  custom:scripting/monoscript/fileName/Vector2TweenProperty.cs: d7a25a544d56d947d9526019347f1f6e -> 
  custom:scripting/monoscript/fileName/GoKitTweenExtensions.cs: 28ee7421c4d34eb9c057646838e28859 -> 
  custom:scripting/monoscript/fileName/Vector3XTweenProperty.cs: 9592582ea2f541a8cf92ba7dd7dd85f2 -> 
  custom:scripting/monoscript/fileName/Go.cs: 840adb47e0f4be71eeea7168442feb7d -> 
  custom:scripting/monoscript/fileName/ColorTweenProperty.cs: 94ba4bee52d153d3fd58a82d4cf8ce0c -> 
  custom:scripting/monoscript/fileName/GoEaseLinear.cs: b690756fd76817f101a31dcd50ae4adc -> 
  custom:scripting/monoscript/fileName/GoEaseExponential.cs: 8f890ce1f0130e8014d1a219fa0d7904 -> 
  custom:scripting/monoscript/fileName/ScaleTweenProperty.cs: 068e501b322923caa36166fe86d472e5 -> 
  custom:video-decoder-ogg-theora: a1e56fd34408186e4bbccfd4996cb3dc -> 
  custom:scripting/monoscript/fileName/GoSpline.cs: 8039f73cfdc174dc6ffa15343c307f29 -> 
  custom:scripting/monoscript/fileName/GoTweenFlow.cs: ce7a11a1fb9e8397b83cab3847ba7970 -> 
  custom:scripting/monoscript/fileName/GoEaseQuartic.cs: d34853ce84f33fe9033901002d4ff793 -> 
  custom:framework-win-MediaFoundation: 216162199b28c13a410421893ffa2e32 -> 
  custom:scripting/monoscript/fileName/GoEaseBounce.cs: e71b365170d63025c159c4756b1910b2 -> 
  custom:scripting/monoscript/fileName/GoSplineQuadraticBezierSolver.cs: 44dee8c5fd496e5eb749f54d83d1397e -> 
  custom:scripting/monoscript/fileName/GoEaseQuadratic.cs: e3ed230c2d29b99c6f642587e4ad0e5d -> 
  custom:scripting/monoscript/fileName/MaterialColorTweenProperty.cs: f6d4ed9537ac95d7564838fa4e660e7d -> 
  custom:scripting/monoscript/fileName/GoEaseCircular.cs: 84a2009340e8431314db7056edf1bd68 -> 
  custom:scripting/monoscript/fileName/PositionPathTweenProperty.cs: efde40660de14fd7cd1ede2fa47e9837 -> 
  custom:video-encoder-webm-vp8: eb34c28f22e8b96e1ab97ce403110664 -> 
  custom:scripting/monoscript/fileName/FloatTweenProperty.cs: 48aea3a8bbe79ca6e0baa81dc186bdfd -> 
  custom:scripting/monoscript/fileName/GoTweenChain.cs: f9995827e6ddafabc43c1b0e0dcfd886 -> 
  custom:scripting/monoscript/fileName/GoTweenCollectionConfig.cs: 37c99bdc8dc674650bd69bc44bb2e57b -> 
  custom:audio-decoder-ogg-vorbis: bf7c407c2cedff20999df2af8eb42d56 -> 
  custom:scripting/monoscript/fileName/AbstractQuaternionTweenProperty.cs: 65ceda31db804ab1e0e34f0e48afa285 -> 
  custom:scripting/monoscript/fileName/AbstractColorTweenProperty.cs: bba0da230ed56fc0a25af92f6a3e377e -> 
  custom:scripting/monoscript/fileName/AbstractVector3TweenProperty.cs: 6aa4defef7531529f4ddc1516936e2e3 -> 
  custom:CustomObjectIndexerAttribute: 9a22284fe3817be447336de3de66b15e -> 
  custom:scripting/monoscript/fileName/Vector4TweenProperty.cs: 18bb73739ede80588b5bfadcee873907 -> 
  custom:scripting/monoscript/fileName/GoEaseBack.cs: 3f6e00793ada35f633abc2146480990e -> 
  custom:container-demuxer-webm: 4f35f7cbe854078d1ac9338744f61a02 -> 
  custom:scripting/monoscript/fileName/GoTweenConfig.cs: 5b3154c82824c20addf84e8652f51cfe -> 
  custom:scripting/monoscript/fileName/RotationQuaternionTweenProperty.cs: e0d94af0c913b0be4cd670833a2cda91 -> 
  custom:scripting/monoscript/fileName/GoTweenUtils.cs: 867d37edf69335bc6e54784197f28064 -> 
  custom:scripting/monoscript/fileName/GoSplineCubicBezierSolver.cs: 6d81419c64f7c334f4359254f1cbade0 -> 
  custom:audio-encoder-webm-vorbis: bf7c407c2cedff20999df2af8eb42d56 -> 
  custom:scripting/monoscript/fileName/ScalePathTweenProperty.cs: 816c1a788eca415c60d1b7e87fb103fe -> 
  custom:scripting/monoscript/fileName/GoEaseElastic.cs: f0cafb366ac4251d5c35fe413d3f62f6 -> 
  custom:scripting/monoscript/fileName/GoDummyPath.cs: a21201ab2fac2187e4faeaf08bb4ec90 -> 
  custom:scripting/monoscript/fileName/PositionTweenProperty.cs: e367a96b2cbc0b819bff5d0620f4b258 -> 
  custom:scripting/monoscript/fileName/Vector3TweenProperty.cs: 8e9f9d7bb7b15068d97f4d593f097c86 -> 
  custom:scripting/monoscript/fileName/AbstractGoTween.cs: 3bdc69e313ad58745cd33c4b74e6a709 -> 
  custom:scripting/monoscript/fileName/GoSplineStraightLineSolver.cs: b6a3907f2ead3ba9ac17ad3fdd121ec9 -> 
  custom:scripting/monoscript/fileName/AbstractGoTweenCollection.cs: 61d9f5f358696a7942516ed78ffe7e98 -> 
  custom:scripting/monoscript/fileName/Vector3PathTweenProperty.cs: 94848aa2e96060cfeaf83844ee158f0c -> 
  custom:scripting/monoscript/fileName/Vector3ZTweenProperty.cs: 35595634a87246c4e13691b1563178c5 -> 
  custom:scripting/monoscript/fileName/AbstractTweenProperty.cs: c71b2ece20cb4e1e30772e574c806625 -> 
  custom:container-muxer-webm: aa71ff27fc2769a1b78a27578f13a17b -> 
  custom:scripting/monoscript/fileName/AbstractGoSplineSolver.cs: 788a6b8052af6ee0371d3a464e692d1b -> 
  custom:scripting/monoscript/fileName/GoTween.cs: 4df5a8b9fefcbd8a2b5d6fe6223ee62f -> 
  custom:scripting/monoscript/fileName/RotationTweenProperty.cs: 13e7fbd741208cd89873755249a873a9 -> 
Editor requested this worker to shutdown with reason: Scaling down because of idle timeout
TcpMessagingSession - receive error: operation aborted. errorcode: 995, details: The I/O operation has been aborted because of either a thread exit or an application request.
AssetImportWorker is now disconnected from the server
Process exiting
Exiting without the bug reporter. Application will terminate with return code 0