Using pre-set license
Built from '2022.3/staging' branch; Version is '2022.3.27f1 (73effa14754f) revision 7598074'; Using compiler version '192829333'; Build Type 'Release'
OS: 'Windows 10  (10.0.19045) 64bit Professional' Language: 'en' Physical Memory: 32509 MB
BatchMode: 1, IsHumanControllingUs: 0, StartBugReporterOnCrash: 0, Is64bit: 1, IsPro: 1

COMMAND LINE ARGUMENTS:
E:\UnityHub\Editor\2022.3.27f1\Editor\Unity.exe
-adb2
-batchMode
-noUpm
-name
AssetImportWorker10
-projectPath
E:/ProjectGitHub/Match_3_Unity
-logFile
Logs/AssetImportWorker10.log
-srvPort
60025
Successfully changed project path to: E:/ProjectGitHub/Match_3_Unity
E:/ProjectGitHub/Match_3_Unity
[UnityMemory] Configuration Parameters - Can be set up in boot.config
    "memorysetup-bucket-allocator-granularity=16"
    "memorysetup-bucket-allocator-bucket-count=8"
    "memorysetup-bucket-allocator-block-size=33554432"
    "memorysetup-bucket-allocator-block-count=8"
    "memorysetup-main-allocator-block-size=16777216"
    "memorysetup-thread-allocator-block-size=16777216"
    "memorysetup-gfx-main-allocator-block-size=16777216"
    "memorysetup-gfx-thread-allocator-block-size=16777216"
    "memorysetup-cache-allocator-block-size=4194304"
    "memorysetup-typetree-allocator-block-size=2097152"
    "memorysetup-profiler-bucket-allocator-granularity=16"
    "memorysetup-profiler-bucket-allocator-bucket-count=8"
    "memorysetup-profiler-bucket-allocator-block-size=33554432"
    "memorysetup-profiler-bucket-allocator-block-count=8"
    "memorysetup-profiler-allocator-block-size=16777216"
    "memorysetup-profiler-editor-allocator-block-size=1048576"
    "memorysetup-temp-allocator-size-main=16777216"
    "memorysetup-job-temp-allocator-block-size=2097152"
    "memorysetup-job-temp-allocator-block-size-background=1048576"
    "memorysetup-job-temp-allocator-reduction-small-platforms=262144"
    "memorysetup-allocator-temp-initial-block-size-main=262144"
    "memorysetup-allocator-temp-initial-block-size-worker=262144"
    "memorysetup-temp-allocator-size-background-worker=32768"
    "memorysetup-temp-allocator-size-job-worker=262144"
    "memorysetup-temp-allocator-size-preload-manager=33554432"
    "memorysetup-temp-allocator-size-nav-mesh-worker=65536"
    "memorysetup-temp-allocator-size-audio-worker=65536"
    "memorysetup-temp-allocator-size-cloud-worker=32768"
    "memorysetup-temp-allocator-size-gi-baking-worker=262144"
    "memorysetup-temp-allocator-size-gfx=262144"
Player connection [35768] Host "[IP] 192.168.1.81 [Port] 0 [Flags] 2 [Guid] 1334524947 [EditorId] 1334524947 [Version] 1048832 [Id] WindowsEditor(7,DESKTOP-9K2MQCM) [Debug] 1 [PackageName] WindowsEditor [ProjectName] Editor" joined multi-casting on [225.0.0.222:54997]...

Player connection [35768] Host "[IP] 192.168.1.81 [Port] 0 [Flags] 2 [Guid] 1334524947 [EditorId] 1334524947 [Version] 1048832 [Id] WindowsEditor(7,DESKTOP-9K2MQCM) [Debug] 1 [PackageName] WindowsEditor [ProjectName] Editor" joined alternative multi-casting on [225.0.0.222:34997]...

[Physics::Module] Initialized MultithreadedJobDispatcher with 11 workers.
Refreshing native plugins compatible for Editor in 3.09 ms, found 1 plugins.
Preloading 0 native plugins for Editor in 0.00 ms.
Initialize engine version: 2022.3.27f1 (73effa14754f)
[Subsystems] Discovering subsystems at path E:/UnityHub/Editor/2022.3.27f1/Editor/Data/Resources/UnitySubsystems
[Subsystems] Discovering subsystems at path E:/ProjectGitHub/Match_3_Unity/Assets
GfxDevice: creating device client; threaded=0; jobified=0
Direct3D:
    Version:  Direct3D 11.0 [level 11.1]
    Renderer: NVIDIA GeForce GTX 1650 (ID=0x1f0a)
    Vendor:   NVIDIA
    VRAM:     3935 MB
    Driver:   32.0.15.9579
Initialize mono
Mono path[0] = 'E:/UnityHub/Editor/2022.3.27f1/Editor/Data/Managed'
Mono path[1] = 'E:/UnityHub/Editor/2022.3.27f1/Editor/Data/MonoBleedingEdge/lib/mono/unityjit-win32'
Mono config path = 'E:/UnityHub/Editor/2022.3.27f1/Editor/Data/MonoBleedingEdge/etc'
Using monoOptions --debugger-agent=transport=dt_socket,embedding=1,server=y,suspend=n,address=127.0.0.1:56984
Begin MonoManager ReloadAssembly
Registering precompiled unity dll's ...
Register platform support module: E:/UnityHub/Editor/2022.3.27f1/Editor/Data/PlaybackEngines/AndroidPlayer/UnityEditor.Android.Extensions.dll
Register platform support module: E:/UnityHub/Editor/2022.3.27f1/Editor/Data/PlaybackEngines/WindowsStandaloneSupport/UnityEditor.WindowsStandalone.Extensions.dll
Registered in 0.002780 seconds.
- Loaded All Assemblies, in  0.261 seconds
Native extension for WindowsStandalone target not found
Native extension for Android target not found
Android Extension - Scanning For ADB Devices 206 ms
Mono: successfully reloaded assembly
- Finished resetting the current domain, in  0.451 seconds
Domain Reload Profiling: 712ms
	BeginReloadAssembly (78ms)
		ExecutionOrderSort (0ms)
		DisableScriptedObjects (0ms)
		BackupInstance (0ms)
		ReleaseScriptingObjects (0ms)
		CreateAndSetChildDomain (1ms)
	RebuildCommonClasses (25ms)
	RebuildNativeTypeToScriptingClass (8ms)
	initialDomainReloadingComplete (40ms)
	LoadAllAssembliesAndSetupDomain (110ms)
		LoadAssemblies (78ms)
		RebuildTransferFunctionScriptingTraits (0ms)
		AnalyzeDomain (108ms)
			TypeCache.Refresh (107ms)
				TypeCache.ScanAssembly (97ms)
			ScanForSourceGeneratedMonoScriptInfo (0ms)
			ResolveRequiredComponents (0ms)
	FinalizeReload (451ms)
		ReleaseScriptCaches (0ms)
		RebuildScriptCaches (0ms)
		SetupLoadedEditorAssemblies (410ms)
			LogAssemblyErrors (0ms)
			InitializePlatformSupportModulesInManaged (287ms)
			SetLoadedEditorAssemblies (3ms)
			RefreshPlugins (0ms)
			BeforeProcessingInitializeOnLoad (2ms)
			ProcessInitializeOnLoadAttributes (83ms)
			ProcessInitializeOnLoadMethodAttributes (35ms)
			AfterProcessingInitializeOnLoad (0ms)
			EditorAssembliesLoaded (0ms)
		ExecutionOrderSort2 (0ms)
		AwakeInstancesAfterBackupRestoration (0ms)
========================================================================
Worker process is ready to serve import requests
Begin MonoManager ReloadAssembly
- Loaded All Assemblies, in  0.331 seconds
Refreshing native plugins compatible for Editor in 1.18 ms, found 1 plugins.
Native extension for WindowsStandalone target not found
Native extension for Android target not found
Mono: successfully reloaded assembly
- Finished resetting the current domain, in  0.285 seconds
Domain Reload Profiling: 617ms
	BeginReloadAssembly (110ms)
		ExecutionOrderSort (0ms)
		DisableScriptedObjects (4ms)
		BackupInstance (0ms)
		ReleaseScriptingObjects (0ms)
		CreateAndSetChildDomain (21ms)
	RebuildCommonClasses (23ms)
	RebuildNativeTypeToScriptingClass (7ms)
	initialDomainReloadingComplete (26ms)
	LoadAllAssembliesAndSetupDomain (164ms)
		LoadAssemblies (163ms)
		RebuildTransferFunctionScriptingTraits (0ms)
		AnalyzeDomain (61ms)
			TypeCache.Refresh (50ms)
				TypeCache.ScanAssembly (41ms)
			ScanForSourceGeneratedMonoScriptInfo (7ms)
			ResolveRequiredComponents (4ms)
	FinalizeReload (286ms)
		ReleaseScriptCaches (0ms)
		RebuildScriptCaches (0ms)
		SetupLoadedEditorAssemblies (186ms)
			LogAssemblyErrors (0ms)
			InitializePlatformSupportModulesInManaged (15ms)
			SetLoadedEditorAssemblies (2ms)
			RefreshPlugins (0ms)
			BeforeProcessingInitializeOnLoad (33ms)
			ProcessInitializeOnLoadAttributes (119ms)
			ProcessInitializeOnLoadMethodAttributes (14ms)
			AfterProcessingInitializeOnLoad (2ms)
			EditorAssembliesLoaded (0ms)
		ExecutionOrderSort2 (0ms)
		AwakeInstancesAfterBackupRestoration (4ms)
Launched and connected shader compiler UnityShaderCompiler.exe after 0.03 seconds
Refreshing native plugins compatible for Editor in 0.97 ms, found 1 plugins.
Preloading 0 native plugins for Editor in 0.00 ms.
Unloading 2340 Unused Serialized files (Serialized files now loaded: 0)
Unloading 28 unused Assets / (52.9 KB). Loaded Objects now: 2819.
Memory consumption went from 110.2 MB to 110.2 MB.
Total: 1.803500 ms (FindLiveObjects: 0.138100 ms CreateObjectMapping: 0.049500 ms MarkObjects: 1.545900 ms  DeleteObjects: 0.069600 ms)

AssetImportParameters requested are different than current active one (requested -> active):
  custom:scripting/monoscript/fileName/GoSmoothedVector3.cs: 3a6ceb396859da913cbecdd1940e0aa2 -> 
  custom:scripting/monoscript/fileName/EulerAnglesTweenProperty.cs: 7a2321a8c63f28c3857aa33414a11270 -> 
  custom:video-decoder-webm-vp8: 9c59270c3fd7afecdb556c50c9e8de78 -> 
  custom:scripting/monoscript/fileName/IGenericProperty.cs: f404e27010d8ce1a25f7cc2ac06431ac -> 
  custom:scripting/monoscript/fileName/GoEaseSinusoidal.cs: e637d6b7456e2acd06dfd152f10b71d1 -> 
  custom:scripting/monoscript/fileName/GoSplineCatmullRomSolver.cs: 8bbd4e9dc2722b25540d14d500b88879 -> 
  custom:scripting/monoscript/fileName/IntTweenProperty.cs: 1f39418055dd7708ff3b9e75a86d93a1 -> 
  custom:scripting/monoscript/fileName/Vector3YTweenProperty.cs: 2b996e9222bddad772657bb084e9da48 -> 
  custom:scripting/monoscript/fileName/GoEaseQuintic.cs: 672086238d051af0856016e64ad97204 -> 
  custom:scripting/monoscript/fileName/GoEaseCubic.cs: 7d74fd43480e52f793e3086826193b77 -> 
  custom:SearchIndexIgnoredProperties: e643bd26f0fe6173181afceb89e7c659 -> 
  custom:scripting/monoscript/fileName/GoSmoothedQuaternion.cs: 92de95a3ce149743e526859a8d0255c5 -> 
  custom:container-demuxer-ogg: 62fdf1f143b41e24485cea50d1cbac27 -> 
  custom:AudioImporter_EditorPlatform: d09bf68614088b80899f8185d706f6e7 -> 
  custom:scripting/monoscript/fileName/ShakeTweenProperty.cs: fdb713005206085d3b49cdd6b2d15f80 -> 
  custom:scripting/monoscript/fileName/Vector2TweenProperty.cs: d7a25a544d56d947d9526019347f1f6e -> 
  custom:scripting/monoscript/fileName/GoKitTweenExtensions.cs: 28ee7421c4d34eb9c057646838e28859 -> 
  custom:scripting/monoscript/fileName/Vector3XTweenProperty.cs: 9592582ea2f541a8cf92ba7dd7dd85f2 -> 
  custom:scripting/monoscript/fileName/Go.cs: 840adb47e0f4be71eeea7168442feb7d -> 
  custom:scripting/monoscript/fileName/ColorTweenProperty.cs: 94ba4bee52d153d3fd58a82d4cf8ce0c -> 
  custom:scripting/monoscript/fileName/GoEaseLinear.cs: b690756fd76817f101a31dcd50ae4adc -> 
  custom:scripting/monoscript/fileName/GoEaseExponential.cs: 8f890ce1f0130e8014d1a219fa0d7904 -> 
  custom:scripting/monoscript/fileName/ScaleTweenProperty.cs: 068e501b322923caa36166fe86d472e5 -> 
  custom:video-decoder-ogg-theora: a1e56fd34408186e4bbccfd4996cb3dc -> 
  custom:scripting/monoscript/fileName/GoSpline.cs: 8039f73cfdc174dc6ffa15343c307f29 -> 
  custom:scripting/monoscript/fileName/GoTweenFlow.cs: ce7a11a1fb9e8397b83cab3847ba7970 -> 
  custom:scripting/monoscript/fileName/GoEaseQuartic.cs: d34853ce84f33fe9033901002d4ff793 -> 
  custom:framework-win-MediaFoundation: 216162199b28c13a410421893ffa2e32 -> 
  custom:scripting/monoscript/fileName/GoEaseBounce.cs: e71b365170d63025c159c4756b1910b2 -> 
  custom:scripting/monoscript/fileName/GoSplineQuadraticBezierSolver.cs: 44dee8c5fd496e5eb749f54d83d1397e -> 
  custom:scripting/monoscript/fileName/GoEaseQuadratic.cs: e3ed230c2d29b99c6f642587e4ad0e5d -> 
  custom:scripting/monoscript/fileName/MaterialColorTweenProperty.cs: f6d4ed9537ac95d7564838fa4e660e7d -> 
  custom:scripting/monoscript/fileName/GoEaseCircular.cs: 84a2009340e8431314db7056edf1bd68 -> 
  custom:scripting/monoscript/fileName/PositionPathTweenProperty.cs: efde40660de14fd7cd1ede2fa47e9837 -> 
  custom:video-encoder-webm-vp8: eb34c28f22e8b96e1ab97ce403110664 -> 
  custom:scripting/monoscript/fileName/FloatTweenProperty.cs: 48aea3a8bbe79ca6e0baa81dc186bdfd -> 
  custom:scripting/monoscript/fileName/GoTweenChain.cs: f9995827e6ddafabc43c1b0e0dcfd886 -> 
  custom:scripting/monoscript/fileName/GoTweenCollectionConfig.cs: 37c99bdc8dc674650bd69bc44bb2e57b -> 
  custom:audio-decoder-ogg-vorbis: bf7c407c2cedff20999df2af8eb42d56 -> 
  custom:scripting/monoscript/fileName/AbstractQuaternionTweenProperty.cs: 65ceda31db804ab1e0e34f0e48afa285 -> 
  custom:scripting/monoscript/fileName/AbstractColorTweenProperty.cs: bba0da230ed56fc0a25af92f6a3e377e -> 
  custom:scripting/monoscript/fileName/AbstractVector3TweenProperty.cs: 6aa4defef7531529f4ddc1516936e2e3 -> 
  custom:CustomObjectIndexerAttribute: 9a22284fe3817be447336de3de66b15e -> 
  custom:scripting/monoscript/fileName/Vector4TweenProperty.cs: 18bb73739ede80588b5bfadcee873907 -> 
  custom:scripting/monoscript/fileName/GoEaseBack.cs: 3f6e00793ada35f633abc2146480990e -> 
  custom:container-demuxer-webm: 4f35f7cbe854078d1ac9338744f61a02 -> 
  custom:scripting/monoscript/fileName/GoTweenConfig.cs: 5b3154c82824c20addf84e8652f51cfe -> 
  custom:scripting/monoscript/fileName/RotationQuaternionTweenProperty.cs: e0d94af0c913b0be4cd670833a2cda91 -> 
  custom:scripting/monoscript/fileName/GoTweenUtils.cs: 867d37edf69335bc6e54784197f28064 -> 
  custom:scripting/monoscript/fileName/GoSplineCubicBezierSolver.cs: 6d81419c64f7c334f4359254f1cbade0 -> 
  custom:audio-encoder-webm-vorbis: bf7c407c2cedff20999df2af8eb42d56 -> 
  custom:scripting/monoscript/fileName/ScalePathTweenProperty.cs: 816c1a788eca415c60d1b7e87fb103fe -> 
  custom:scripting/monoscript/fileName/GoEaseElastic.cs: f0cafb366ac4251d5c35fe413d3f62f6 -> 
  custom:scripting/monoscript/fileName/GoDummyPath.cs: a21201ab2fac2187e4faeaf08bb4ec90 -> 
  custom:scripting/monoscript/fileName/PositionTweenProperty.cs: e367a96b2cbc0b819bff5d0620f4b258 -> 
  custom:scripting/monoscript/fileName/Vector3TweenProperty.cs: 8e9f9d7bb7b15068d97f4d593f097c86 -> 
  custom:scripting/monoscript/fileName/AbstractGoTween.cs: 3bdc69e313ad58745cd33c4b74e6a709 -> 
  custom:scripting/monoscript/fileName/GoSplineStraightLineSolver.cs: b6a3907f2ead3ba9ac17ad3fdd121ec9 -> 
  custom:scripting/monoscript/fileName/AbstractGoTweenCollection.cs: 61d9f5f358696a7942516ed78ffe7e98 -> 
  custom:scripting/monoscript/fileName/Vector3PathTweenProperty.cs: 94848aa2e96060cfeaf83844ee158f0c -> 
  custom:scripting/monoscript/fileName/Vector3ZTweenProperty.cs: 35595634a87246c4e13691b1563178c5 -> 
  custom:scripting/monoscript/fileName/AbstractTweenProperty.cs: c71b2ece20cb4e1e30772e574c806625 -> 
  custom:container-muxer-webm: aa71ff27fc2769a1b78a27578f13a17b -> 
  custom:scripting/monoscript/fileName/AbstractGoSplineSolver.cs: 788a6b8052af6ee0371d3a464e692d1b -> 
  custom:scripting/monoscript/fileName/GoTween.cs: 4df5a8b9fefcbd8a2b5d6fe6223ee62f -> 
  custom:scripting/monoscript/fileName/RotationTweenProperty.cs: 13e7fbd741208cd89873755249a873a9 -> 
========================================================================
Received Import Request.
  Time since last request: 1204066.203108 seconds.
  path: Assets/Prefabs/Absorb.prefab
  artifactKey: Guid(f8731bdc219cec744ace9a71f469370a) Importer(815301076,1909f56bfc062723c751e8b465ee728b)
Start importing Assets/Prefabs/Absorb.prefab using Guid(f8731bdc219cec744ace9a71f469370a) Importer(815301076,1909f56bfc062723c751e8b465ee728b)  -> (artifact id: '3a283aebd4ef71b97e4b0ca7b526b309') in 0.084301 seconds
Number of updated asset objects reloaded before import = 0
Number of asset objects unloaded after import = 22
========================================================================
Received Prepare
Begin MonoManager ReloadAssembly
- Loaded All Assemblies, in  0.268 seconds
Refreshing native plugins compatible for Editor in 1.18 ms, found 1 plugins.
Native extension for WindowsStandalone target not found
Native extension for Android target not found
Mono: successfully reloaded assembly
- Finished resetting the current domain, in  0.352 seconds
Domain Reload Profiling: 621ms
	BeginReloadAssembly (101ms)
		ExecutionOrderSort (0ms)
		DisableScriptedObjects (3ms)
		BackupInstance (0ms)
		ReleaseScriptingObjects (0ms)
		CreateAndSetChildDomain (16ms)
	RebuildCommonClasses (23ms)
	RebuildNativeTypeToScriptingClass (7ms)
	initialDomainReloadingComplete (17ms)
	LoadAllAssembliesAndSetupDomain (120ms)
		LoadAssemblies (169ms)
		RebuildTransferFunctionScriptingTraits (0ms)
		AnalyzeDomain (10ms)
			TypeCache.Refresh (5ms)
				TypeCache.ScanAssembly (0ms)
			ScanForSourceGeneratedMonoScriptInfo (0ms)
			ResolveRequiredComponents (4ms)
	FinalizeReload (353ms)
		ReleaseScriptCaches (0ms)
		RebuildScriptCaches (0ms)
		SetupLoadedEditorAssemblies (175ms)
			LogAssemblyErrors (0ms)
			InitializePlatformSupportModulesInManaged (15ms)
			SetLoadedEditorAssemblies (3ms)
			RefreshPlugins (0ms)
			BeforeProcessingInitializeOnLoad (34ms)
			ProcessInitializeOnLoadAttributes (105ms)
			ProcessInitializeOnLoadMethodAttributes (15ms)
			AfterProcessingInitializeOnLoad (2ms)
			EditorAssembliesLoaded (0ms)
		ExecutionOrderSort2 (0ms)
		AwakeInstancesAfterBackupRestoration (4ms)
Refreshing native plugins compatible for Editor in 1.10 ms, found 1 plugins.
Preloading 0 native plugins for Editor in 0.00 ms.
Unloading 2319 Unused Serialized files (Serialized files now loaded: 0)
Unloading 21 unused Assets / (26.9 KB). Loaded Objects now: 2830.
Memory consumption went from 105.6 MB to 105.6 MB.
Total: 1.865900 ms (FindLiveObjects: 0.153400 ms CreateObjectMapping: 0.058900 ms MarkObjects: 1.620400 ms  DeleteObjects: 0.032500 ms)

Prepare: number of updated asset objects reloaded= 0
AssetImportParameters requested are different than current active one (requested -> active):
  custom:scripting/monoscript/fileName/GoSmoothedVector3.cs: 3a6ceb396859da913cbecdd1940e0aa2 -> 
  custom:scripting/monoscript/fileName/EulerAnglesTweenProperty.cs: 7a2321a8c63f28c3857aa33414a11270 -> 
  custom:video-decoder-webm-vp8: 9c59270c3fd7afecdb556c50c9e8de78 -> 
  custom:scripting/monoscript/fileName/IGenericProperty.cs: f404e27010d8ce1a25f7cc2ac06431ac -> 
  custom:scripting/monoscript/fileName/GoEaseSinusoidal.cs: e637d6b7456e2acd06dfd152f10b71d1 -> 
  custom:scripting/monoscript/fileName/GoSplineCatmullRomSolver.cs: 8bbd4e9dc2722b25540d14d500b88879 -> 
  custom:scripting/monoscript/fileName/IntTweenProperty.cs: 1f39418055dd7708ff3b9e75a86d93a1 -> 
  custom:scripting/monoscript/fileName/Vector3YTweenProperty.cs: 2b996e9222bddad772657bb084e9da48 -> 
  custom:scripting/monoscript/fileName/GoEaseQuintic.cs: 672086238d051af0856016e64ad97204 -> 
  custom:scripting/monoscript/fileName/GoEaseCubic.cs: 7d74fd43480e52f793e3086826193b77 -> 
  custom:SearchIndexIgnoredProperties: e643bd26f0fe6173181afceb89e7c659 -> 
  custom:scripting/monoscript/fileName/GoSmoothedQuaternion.cs: 92de95a3ce149743e526859a8d0255c5 -> 
  custom:container-demuxer-ogg: 62fdf1f143b41e24485cea50d1cbac27 -> 
  custom:AudioImporter_EditorPlatform: d09bf68614088b80899f8185d706f6e7 -> 
  custom:scripting/monoscript/fileName/ShakeTweenProperty.cs: fdb713005206085d3b49cdd6b2d15f80 -> 
  custom:scripting/monoscript/fileName/Vector2TweenProperty.cs: d7a25a544d56d947d9526019347f1f6e -> 
  custom:scripting/monoscript/fileName/GoKitTweenExtensions.cs: 28ee7421c4d34eb9c057646838e28859 -> 
  custom:scripting/monoscript/fileName/Vector3XTweenProperty.cs: 9592582ea2f541a8cf92ba7dd7dd85f2 -> 
  custom:scripting/monoscript/fileName/Go.cs: 840adb47e0f4be71eeea7168442feb7d -> 
  custom:scripting/monoscript/fileName/ColorTweenProperty.cs: 94ba4bee52d153d3fd58a82d4cf8ce0c -> 
  custom:scripting/monoscript/fileName/GoEaseLinear.cs: b690756fd76817f101a31dcd50ae4adc -> 
  custom:scripting/monoscript/fileName/GoEaseExponential.cs: 8f890ce1f0130e8014d1a219fa0d7904 -> 
  custom:scripting/monoscript/fileName/ScaleTweenProperty.cs: 068e501b322923caa36166fe86d472e5 -> 
  custom:video-decoder-ogg-theora: a1e56fd34408186e4bbccfd4996cb3dc -> 
  custom:scripting/monoscript/fileName/GoSpline.cs: 8039f73cfdc174dc6ffa15343c307f29 -> 
  custom:scripting/monoscript/fileName/GoTweenFlow.cs: ce7a11a1fb9e8397b83cab3847ba7970 -> 
  custom:scripting/monoscript/fileName/GoEaseQuartic.cs: d34853ce84f33fe9033901002d4ff793 -> 
  custom:framework-win-MediaFoundation: 216162199b28c13a410421893ffa2e32 -> 
  custom:scripting/monoscript/fileName/GoEaseBounce.cs: e71b365170d63025c159c4756b1910b2 -> 
  custom:scripting/monoscript/fileName/GoSplineQuadraticBezierSolver.cs: 44dee8c5fd496e5eb749f54d83d1397e -> 
  custom:scripting/monoscript/fileName/GoEaseQuadratic.cs: e3ed230c2d29b99c6f642587e4ad0e5d -> 
  custom:scripting/monoscript/fileName/MaterialColorTweenProperty.cs: f6d4ed9537ac95d7564838fa4e660e7d -> 
  custom:scripting/monoscript/fileName/GoEaseCircular.cs: 84a2009340e8431314db7056edf1bd68 -> 
  custom:scripting/monoscript/fileName/PositionPathTweenProperty.cs: efde40660de14fd7cd1ede2fa47e9837 -> 
  custom:video-encoder-webm-vp8: eb34c28f22e8b96e1ab97ce403110664 -> 
  custom:scripting/monoscript/fileName/FloatTweenProperty.cs: 48aea3a8bbe79ca6e0baa81dc186bdfd -> 
  custom:scripting/monoscript/fileName/GoTweenChain.cs: f9995827e6ddafabc43c1b0e0dcfd886 -> 
  custom:scripting/monoscript/fileName/GoTweenCollectionConfig.cs: 37c99bdc8dc674650bd69bc44bb2e57b -> 
  custom:audio-decoder-ogg-vorbis: bf7c407c2cedff20999df2af8eb42d56 -> 
  custom:scripting/monoscript/fileName/AbstractQuaternionTweenProperty.cs: 65ceda31db804ab1e0e34f0e48afa285 -> 
  custom:scripting/monoscript/fileName/AbstractColorTweenProperty.cs: bba0da230ed56fc0a25af92f6a3e377e -> 
  custom:scripting/monoscript/fileName/AbstractVector3TweenProperty.cs: 6aa4defef7531529f4ddc1516936e2e3 -> 
  custom:CustomObjectIndexerAttribute: 9a22284fe3817be447336de3de66b15e -> 
  custom:scripting/monoscript/fileName/Vector4TweenProperty.cs: 18bb73739ede80588b5bfadcee873907 -> 
  custom:scripting/monoscript/fileName/GoEaseBack.cs: 3f6e00793ada35f633abc2146480990e -> 
  custom:container-demuxer-webm: 4f35f7cbe854078d1ac9338744f61a02 -> 
  custom:scripting/monoscript/fileName/GoTweenConfig.cs: 5b3154c82824c20addf84e8652f51cfe -> 
  custom:scripting/monoscript/fileName/RotationQuaternionTweenProperty.cs: e0d94af0c913b0be4cd670833a2cda91 -> 
  custom:scripting/monoscript/fileName/GoTweenUtils.cs: 867d37edf69335bc6e54784197f28064 -> 
  custom:scripting/monoscript/fileName/GoSplineCubicBezierSolver.cs: 6d81419c64f7c334f4359254f1cbade0 -> 
  custom:audio-encoder-webm-vorbis: bf7c407c2cedff20999df2af8eb42d56 -> 
  custom:scripting/monoscript/fileName/ScalePathTweenProperty.cs: 816c1a788eca415c60d1b7e87fb103fe -> 
  custom:scripting/monoscript/fileName/GoEaseElastic.cs: f0cafb366ac4251d5c35fe413d3f62f6 -> 
  custom:scripting/monoscript/fileName/GoDummyPath.cs: a21201ab2fac2187e4faeaf08bb4ec90 -> 
  custom:scripting/monoscript/fileName/PositionTweenProperty.cs: e367a96b2cbc0b819bff5d0620f4b258 -> 
  custom:scripting/monoscript/fileName/Vector3TweenProperty.cs: 8e9f9d7bb7b15068d97f4d593f097c86 -> 
  custom:scripting/monoscript/fileName/AbstractGoTween.cs: 3bdc69e313ad58745cd33c4b74e6a709 -> 
  custom:scripting/monoscript/fileName/GoSplineStraightLineSolver.cs: b6a3907f2ead3ba9ac17ad3fdd121ec9 -> 
  custom:scripting/monoscript/fileName/AbstractGoTweenCollection.cs: 61d9f5f358696a7942516ed78ffe7e98 -> 
  custom:scripting/monoscript/fileName/Vector3PathTweenProperty.cs: 94848aa2e96060cfeaf83844ee158f0c -> 
  custom:scripting/monoscript/fileName/Vector3ZTweenProperty.cs: 35595634a87246c4e13691b1563178c5 -> 
  custom:scripting/monoscript/fileName/AbstractTweenProperty.cs: c71b2ece20cb4e1e30772e574c806625 -> 
  custom:container-muxer-webm: aa71ff27fc2769a1b78a27578f13a17b -> 
  custom:scripting/monoscript/fileName/AbstractGoSplineSolver.cs: 788a6b8052af6ee0371d3a464e692d1b -> 
  custom:scripting/monoscript/fileName/GoTween.cs: 4df5a8b9fefcbd8a2b5d6fe6223ee62f -> 
  custom:scripting/monoscript/fileName/RotationTweenProperty.cs: 13e7fbd741208cd89873755249a873a9 -> 
========================================================================
Received Prepare
Begin MonoManager ReloadAssembly
- Loaded All Assemblies, in  0.269 seconds
Refreshing native plugins compatible for Editor in 1.04 ms, found 1 plugins.
Native extension for WindowsStandalone target not found
Native extension for Android target not found
Mono: successfully reloaded assembly
- Finished resetting the current domain, in  0.356 seconds
Domain Reload Profiling: 625ms
	BeginReloadAssembly (107ms)
		ExecutionOrderSort (0ms)
		DisableScriptedObjects (4ms)
		BackupInstance (0ms)
		ReleaseScriptingObjects (0ms)
		CreateAndSetChildDomain (16ms)
	RebuildCommonClasses (24ms)
	RebuildNativeTypeToScriptingClass (8ms)
	initialDomainReloadingComplete (18ms)
	LoadAllAssembliesAndSetupDomain (112ms)
		LoadAssemblies (164ms)
		RebuildTransferFunctionScriptingTraits (0ms)
		AnalyzeDomain (11ms)
			TypeCache.Refresh (4ms)
				TypeCache.ScanAssembly (0ms)
			ScanForSourceGeneratedMonoScriptInfo (0ms)
			ResolveRequiredComponents (6ms)
	FinalizeReload (356ms)
		ReleaseScriptCaches (0ms)
		RebuildScriptCaches (0ms)
		SetupLoadedEditorAssemblies (178ms)
			LogAssemblyErrors (0ms)
			InitializePlatformSupportModulesInManaged (16ms)
			SetLoadedEditorAssemblies (2ms)
			RefreshPlugins (0ms)
			BeforeProcessingInitializeOnLoad (33ms)
			ProcessInitializeOnLoadAttributes (110ms)
			ProcessInitializeOnLoadMethodAttributes (15ms)
			AfterProcessingInitializeOnLoad (2ms)
			EditorAssembliesLoaded (0ms)
		ExecutionOrderSort2 (0ms)
		AwakeInstancesAfterBackupRestoration (4ms)
Refreshing native plugins compatible for Editor in 1.26 ms, found 1 plugins.
Preloading 0 native plugins for Editor in 0.00 ms.
Unloading 2320 Unused Serialized files (Serialized files now loaded: 0)
Unloading 21 unused Assets / (26.9 KB). Loaded Objects now: 2833.
Memory consumption went from 105.8 MB to 105.8 MB.
Total: 1.938200 ms (FindLiveObjects: 0.159900 ms CreateObjectMapping: 0.056400 ms MarkObjects: 1.682200 ms  DeleteObjects: 0.038500 ms)

Prepare: number of updated asset objects reloaded= 0
AssetImportParameters requested are different than current active one (requested -> active):
  custom:scripting/monoscript/fileName/GoSmoothedVector3.cs: 3a6ceb396859da913cbecdd1940e0aa2 -> 
  custom:scripting/monoscript/fileName/EulerAnglesTweenProperty.cs: 7a2321a8c63f28c3857aa33414a11270 -> 
  custom:video-decoder-webm-vp8: 9c59270c3fd7afecdb556c50c9e8de78 -> 
  custom:scripting/monoscript/fileName/IGenericProperty.cs: f404e27010d8ce1a25f7cc2ac06431ac -> 
  custom:scripting/monoscript/fileName/GoEaseSinusoidal.cs: e637d6b7456e2acd06dfd152f10b71d1 -> 
  custom:scripting/monoscript/fileName/GoSplineCatmullRomSolver.cs: 8bbd4e9dc2722b25540d14d500b88879 -> 
  custom:scripting/monoscript/fileName/IntTweenProperty.cs: 1f39418055dd7708ff3b9e75a86d93a1 -> 
  custom:scripting/monoscript/fileName/Vector3YTweenProperty.cs: 2b996e9222bddad772657bb084e9da48 -> 
  custom:scripting/monoscript/fileName/GoEaseQuintic.cs: 672086238d051af0856016e64ad97204 -> 
  custom:scripting/monoscript/fileName/GoEaseCubic.cs: 7d74fd43480e52f793e3086826193b77 -> 
  custom:SearchIndexIgnoredProperties: e643bd26f0fe6173181afceb89e7c659 -> 
  custom:scripting/monoscript/fileName/GoSmoothedQuaternion.cs: 92de95a3ce149743e526859a8d0255c5 -> 
  custom:container-demuxer-ogg: 62fdf1f143b41e24485cea50d1cbac27 -> 
  custom:AudioImporter_EditorPlatform: d09bf68614088b80899f8185d706f6e7 -> 
  custom:scripting/monoscript/fileName/ShakeTweenProperty.cs: fdb713005206085d3b49cdd6b2d15f80 -> 
  custom:scripting/monoscript/fileName/Vector2TweenProperty.cs: d7a25a544d56d947d9526019347f1f6e -> 
  custom:scripting/monoscript/fileName/GoKitTweenExtensions.cs: 28ee7421c4d34eb9c057646838e28859 -> 
  custom:scripting/monoscript/fileName/Vector3XTweenProperty.cs: 9592582ea2f541a8cf92ba7dd7dd85f2 -> 
  custom:scripting/monoscript/fileName/Go.cs: 840adb47e0f4be71eeea7168442feb7d -> 
  custom:scripting/monoscript/fileName/ColorTweenProperty.cs: 94ba4bee52d153d3fd58a82d4cf8ce0c -> 
  custom:scripting/monoscript/fileName/GoEaseLinear.cs: b690756fd76817f101a31dcd50ae4adc -> 
  custom:scripting/monoscript/fileName/GoEaseExponential.cs: 8f890ce1f0130e8014d1a219fa0d7904 -> 
  custom:scripting/monoscript/fileName/ScaleTweenProperty.cs: 068e501b322923caa36166fe86d472e5 -> 
  custom:video-decoder-ogg-theora: a1e56fd34408186e4bbccfd4996cb3dc -> 
  custom:scripting/monoscript/fileName/GoSpline.cs: 8039f73cfdc174dc6ffa15343c307f29 -> 
  custom:scripting/monoscript/fileName/GoTweenFlow.cs: ce7a11a1fb9e8397b83cab3847ba7970 -> 
  custom:scripting/monoscript/fileName/GoEaseQuartic.cs: d34853ce84f33fe9033901002d4ff793 -> 
  custom:framework-win-MediaFoundation: 216162199b28c13a410421893ffa2e32 -> 
  custom:scripting/monoscript/fileName/GoEaseBounce.cs: e71b365170d63025c159c4756b1910b2 -> 
  custom:scripting/monoscript/fileName/GoSplineQuadraticBezierSolver.cs: 44dee8c5fd496e5eb749f54d83d1397e -> 
  custom:scripting/monoscript/fileName/GoEaseQuadratic.cs: e3ed230c2d29b99c6f642587e4ad0e5d -> 
  custom:scripting/monoscript/fileName/MaterialColorTweenProperty.cs: f6d4ed9537ac95d7564838fa4e660e7d -> 
  custom:scripting/monoscript/fileName/GoEaseCircular.cs: 84a2009340e8431314db7056edf1bd68 -> 
  custom:scripting/monoscript/fileName/PositionPathTweenProperty.cs: efde40660de14fd7cd1ede2fa47e9837 -> 
  custom:video-encoder-webm-vp8: eb34c28f22e8b96e1ab97ce403110664 -> 
  custom:scripting/monoscript/fileName/FloatTweenProperty.cs: 48aea3a8bbe79ca6e0baa81dc186bdfd -> 
  custom:scripting/monoscript/fileName/GoTweenChain.cs: f9995827e6ddafabc43c1b0e0dcfd886 -> 
  custom:scripting/monoscript/fileName/GoTweenCollectionConfig.cs: 37c99bdc8dc674650bd69bc44bb2e57b -> 
  custom:audio-decoder-ogg-vorbis: bf7c407c2cedff20999df2af8eb42d56 -> 
  custom:scripting/monoscript/fileName/AbstractQuaternionTweenProperty.cs: 65ceda31db804ab1e0e34f0e48afa285 -> 
  custom:scripting/monoscript/fileName/AbstractColorTweenProperty.cs: bba0da230ed56fc0a25af92f6a3e377e -> 
  custom:scripting/monoscript/fileName/AbstractVector3TweenProperty.cs: 6aa4defef7531529f4ddc1516936e2e3 -> 
  custom:CustomObjectIndexerAttribute: 9a22284fe3817be447336de3de66b15e -> 
  custom:scripting/monoscript/fileName/Vector4TweenProperty.cs: 18bb73739ede80588b5bfadcee873907 -> 
  custom:scripting/monoscript/fileName/GoEaseBack.cs: 3f6e00793ada35f633abc2146480990e -> 
  custom:container-demuxer-webm: 4f35f7cbe854078d1ac9338744f61a02 -> 
  custom:scripting/monoscript/fileName/GoTweenConfig.cs: 5b3154c82824c20addf84e8652f51cfe -> 
  custom:scripting/monoscript/fileName/RotationQuaternionTweenProperty.cs: e0d94af0c913b0be4cd670833a2cda91 -> 
  custom:scripting/monoscript/fileName/GoTweenUtils.cs: 867d37edf69335bc6e54784197f28064 -> 
  custom:scripting/monoscript/fileName/GoSplineCubicBezierSolver.cs: 6d81419c64f7c334f4359254f1cbade0 -> 
  custom:audio-encoder-webm-vorbis: bf7c407c2cedff20999df2af8eb42d56 -> 
  custom:scripting/monoscript/fileName/ScalePathTweenProperty.cs: 816c1a788eca415c60d1b7e87fb103fe -> 
  custom:scripting/monoscript/fileName/GoEaseElastic.cs: f0cafb366ac4251d5c35fe413d3f62f6 -> 
  custom:scripting/monoscript/fileName/GoDummyPath.cs: a21201ab2fac2187e4faeaf08bb4ec90 -> 
  custom:scripting/monoscript/fileName/PositionTweenProperty.cs: e367a96b2cbc0b819bff5d0620f4b258 -> 
  custom:scripting/monoscript/fileName/Vector3TweenProperty.cs: 8e9f9d7bb7b15068d97f4d593f097c86 -> 
  custom:scripting/monoscript/fileName/AbstractGoTween.cs: 3bdc69e313ad58745cd33c4b74e6a709 -> 
  custom:scripting/monoscript/fileName/GoSplineStraightLineSolver.cs: b6a3907f2ead3ba9ac17ad3fdd121ec9 -> 
  custom:scripting/monoscript/fileName/AbstractGoTweenCollection.cs: 61d9f5f358696a7942516ed78ffe7e98 -> 
  custom:scripting/monoscript/fileName/Vector3PathTweenProperty.cs: 94848aa2e96060cfeaf83844ee158f0c -> 
  custom:scripting/monoscript/fileName/Vector3ZTweenProperty.cs: 35595634a87246c4e13691b1563178c5 -> 
  custom:scripting/monoscript/fileName/AbstractTweenProperty.cs: c71b2ece20cb4e1e30772e574c806625 -> 
  custom:container-muxer-webm: aa71ff27fc2769a1b78a27578f13a17b -> 
  custom:scripting/monoscript/fileName/AbstractGoSplineSolver.cs: 788a6b8052af6ee0371d3a464e692d1b -> 
  custom:scripting/monoscript/fileName/GoTween.cs: 4df5a8b9fefcbd8a2b5d6fe6223ee62f -> 
  custom:scripting/monoscript/fileName/RotationTweenProperty.cs: 13e7fbd741208cd89873755249a873a9 -> 
========================================================================
Received Prepare
Begin MonoManager ReloadAssembly
- Loaded All Assemblies, in  0.291 seconds
Refreshing native plugins compatible for Editor in 1.12 ms, found 1 plugins.
Native extension for WindowsStandalone target not found
Native extension for Android target not found
Mono: successfully reloaded assembly
- Finished resetting the current domain, in  0.349 seconds
Domain Reload Profiling: 640ms
	BeginReloadAssembly (109ms)
		ExecutionOrderSort (0ms)
		DisableScriptedObjects (6ms)
		BackupInstance (0ms)
		ReleaseScriptingObjects (0ms)
		CreateAndSetChildDomain (17ms)
	RebuildCommonClasses (23ms)
	RebuildNativeTypeToScriptingClass (8ms)
	initialDomainReloadingComplete (19ms)
	LoadAllAssembliesAndSetupDomain (132ms)
		LoadAssemblies (184ms)
		RebuildTransferFunctionScriptingTraits (0ms)
		AnalyzeDomain (8ms)
			TypeCache.Refresh (4ms)
				TypeCache.ScanAssembly (0ms)
			ScanForSourceGeneratedMonoScriptInfo (0ms)
			ResolveRequiredComponents (4ms)
	FinalizeReload (349ms)
		ReleaseScriptCaches (0ms)
		RebuildScriptCaches (0ms)
		SetupLoadedEditorAssemblies (173ms)
			LogAssemblyErrors (0ms)
			InitializePlatformSupportModulesInManaged (16ms)
			SetLoadedEditorAssemblies (2ms)
			RefreshPlugins (0ms)
			BeforeProcessingInitializeOnLoad (33ms)
			ProcessInitializeOnLoadAttributes (106ms)
			ProcessInitializeOnLoadMethodAttributes (15ms)
			AfterProcessingInitializeOnLoad (2ms)
			EditorAssembliesLoaded (0ms)
		ExecutionOrderSort2 (0ms)
		AwakeInstancesAfterBackupRestoration (5ms)
Refreshing native plugins compatible for Editor in 1.07 ms, found 1 plugins.
Preloading 0 native plugins for Editor in 0.00 ms.
Unloading 2320 Unused Serialized files (Serialized files now loaded: 0)
Unloading 21 unused Assets / (27.0 KB). Loaded Objects now: 2836.
Memory consumption went from 105.8 MB to 105.8 MB.
Total: 1.768400 ms (FindLiveObjects: 0.130600 ms CreateObjectMapping: 0.051400 ms MarkObjects: 1.552100 ms  DeleteObjects: 0.033500 ms)

Prepare: number of updated asset objects reloaded= 0
AssetImportParameters requested are different than current active one (requested -> active):
  custom:scripting/monoscript/fileName/GoSmoothedVector3.cs: 3a6ceb396859da913cbecdd1940e0aa2 -> 
  custom:scripting/monoscript/fileName/EulerAnglesTweenProperty.cs: 7a2321a8c63f28c3857aa33414a11270 -> 
  custom:video-decoder-webm-vp8: 9c59270c3fd7afecdb556c50c9e8de78 -> 
  custom:scripting/monoscript/fileName/IGenericProperty.cs: f404e27010d8ce1a25f7cc2ac06431ac -> 
  custom:scripting/monoscript/fileName/GoEaseSinusoidal.cs: e637d6b7456e2acd06dfd152f10b71d1 -> 
  custom:scripting/monoscript/fileName/GoSplineCatmullRomSolver.cs: 8bbd4e9dc2722b25540d14d500b88879 -> 
  custom:scripting/monoscript/fileName/IntTweenProperty.cs: 1f39418055dd7708ff3b9e75a86d93a1 -> 
  custom:scripting/monoscript/fileName/Vector3YTweenProperty.cs: 2b996e9222bddad772657bb084e9da48 -> 
  custom:scripting/monoscript/fileName/GoEaseQuintic.cs: 672086238d051af0856016e64ad97204 -> 
  custom:scripting/monoscript/fileName/GoEaseCubic.cs: 7d74fd43480e52f793e3086826193b77 -> 
  custom:SearchIndexIgnoredProperties: e643bd26f0fe6173181afceb89e7c659 -> 
  custom:scripting/monoscript/fileName/GoSmoothedQuaternion.cs: 92de95a3ce149743e526859a8d0255c5 -> 
  custom:container-demuxer-ogg: 62fdf1f143b41e24485cea50d1cbac27 -> 
  custom:AudioImporter_EditorPlatform: d09bf68614088b80899f8185d706f6e7 -> 
  custom:scripting/monoscript/fileName/ShakeTweenProperty.cs: fdb713005206085d3b49cdd6b2d15f80 -> 
  custom:scripting/monoscript/fileName/Vector2TweenProperty.cs: d7a25a544d56d947d9526019347f1f6e -> 
  custom:scripting/monoscript/fileName/GoKitTweenExtensions.cs: 28ee7421c4d34eb9c057646838e28859 -> 
  custom:scripting/monoscript/fileName/Vector3XTweenProperty.cs: 9592582ea2f541a8cf92ba7dd7dd85f2 -> 
  custom:scripting/monoscript/fileName/Go.cs: 840adb47e0f4be71eeea7168442feb7d -> 
  custom:scripting/monoscript/fileName/ColorTweenProperty.cs: 94ba4bee52d153d3fd58a82d4cf8ce0c -> 
  custom:scripting/monoscript/fileName/GoEaseLinear.cs: b690756fd76817f101a31dcd50ae4adc -> 
  custom:scripting/monoscript/fileName/GoEaseExponential.cs: 8f890ce1f0130e8014d1a219fa0d7904 -> 
  custom:scripting/monoscript/fileName/ScaleTweenProperty.cs: 068e501b322923caa36166fe86d472e5 -> 
  custom:video-decoder-ogg-theora: a1e56fd34408186e4bbccfd4996cb3dc -> 
  custom:scripting/monoscript/fileName/GoSpline.cs: 8039f73cfdc174dc6ffa15343c307f29 -> 
  custom:scripting/monoscript/fileName/GoTweenFlow.cs: ce7a11a1fb9e8397b83cab3847ba7970 -> 
  custom:scripting/monoscript/fileName/GoEaseQuartic.cs: d34853ce84f33fe9033901002d4ff793 -> 
  custom:framework-win-MediaFoundation: 216162199b28c13a410421893ffa2e32 -> 
  custom:scripting/monoscript/fileName/GoEaseBounce.cs: e71b365170d63025c159c4756b1910b2 -> 
  custom:scripting/monoscript/fileName/GoSplineQuadraticBezierSolver.cs: 44dee8c5fd496e5eb749f54d83d1397e -> 
  custom:scripting/monoscript/fileName/GoEaseQuadratic.cs: e3ed230c2d29b99c6f642587e4ad0e5d -> 
  custom:scripting/monoscript/fileName/MaterialColorTweenProperty.cs: f6d4ed9537ac95d7564838fa4e660e7d -> 
  custom:scripting/monoscript/fileName/GoEaseCircular.cs: 84a2009340e8431314db7056edf1bd68 -> 
  custom:scripting/monoscript/fileName/PositionPathTweenProperty.cs: efde40660de14fd7cd1ede2fa47e9837 -> 
  custom:video-encoder-webm-vp8: eb34c28f22e8b96e1ab97ce403110664 -> 
  custom:scripting/monoscript/fileName/FloatTweenProperty.cs: 48aea3a8bbe79ca6e0baa81dc186bdfd -> 
  custom:scripting/monoscript/fileName/GoTweenChain.cs: f9995827e6ddafabc43c1b0e0dcfd886 -> 
  custom:scripting/monoscript/fileName/GoTweenCollectionConfig.cs: 37c99bdc8dc674650bd69bc44bb2e57b -> 
  custom:audio-decoder-ogg-vorbis: bf7c407c2cedff20999df2af8eb42d56 -> 
  custom:scripting/monoscript/fileName/AbstractQuaternionTweenProperty.cs: 65ceda31db804ab1e0e34f0e48afa285 -> 
  custom:scripting/monoscript/fileName/AbstractColorTweenProperty.cs: bba0da230ed56fc0a25af92f6a3e377e -> 
  custom:scripting/monoscript/fileName/AbstractVector3TweenProperty.cs: 6aa4defef7531529f4ddc1516936e2e3 -> 
  custom:CustomObjectIndexerAttribute: 9a22284fe3817be447336de3de66b15e -> 
  custom:scripting/monoscript/fileName/Vector4TweenProperty.cs: 18bb73739ede80588b5bfadcee873907 -> 
  custom:scripting/monoscript/fileName/GoEaseBack.cs: 3f6e00793ada35f633abc2146480990e -> 
  custom:container-demuxer-webm: 4f35f7cbe854078d1ac9338744f61a02 -> 
  custom:scripting/monoscript/fileName/GoTweenConfig.cs: 5b3154c82824c20addf84e8652f51cfe -> 
  custom:scripting/monoscript/fileName/RotationQuaternionTweenProperty.cs: e0d94af0c913b0be4cd670833a2cda91 -> 
  custom:scripting/monoscript/fileName/GoTweenUtils.cs: 867d37edf69335bc6e54784197f28064 -> 
  custom:scripting/monoscript/fileName/GoSplineCubicBezierSolver.cs: 6d81419c64f7c334f4359254f1cbade0 -> 
  custom:audio-encoder-webm-vorbis: bf7c407c2cedff20999df2af8eb42d56 -> 
  custom:scripting/monoscript/fileName/ScalePathTweenProperty.cs: 816c1a788eca415c60d1b7e87fb103fe -> 
  custom:scripting/monoscript/fileName/GoEaseElastic.cs: f0cafb366ac4251d5c35fe413d3f62f6 -> 
  custom:scripting/monoscript/fileName/GoDummyPath.cs: a21201ab2fac2187e4faeaf08bb4ec90 -> 
  custom:scripting/monoscript/fileName/PositionTweenProperty.cs: e367a96b2cbc0b819bff5d0620f4b258 -> 
  custom:scripting/monoscript/fileName/Vector3TweenProperty.cs: 8e9f9d7bb7b15068d97f4d593f097c86 -> 
  custom:scripting/monoscript/fileName/AbstractGoTween.cs: 3bdc69e313ad58745cd33c4b74e6a709 -> 
  custom:scripting/monoscript/fileName/GoSplineStraightLineSolver.cs: b6a3907f2ead3ba9ac17ad3fdd121ec9 -> 
  custom:scripting/monoscript/fileName/AbstractGoTweenCollection.cs: 61d9f5f358696a7942516ed78ffe7e98 -> 
  custom:scripting/monoscript/fileName/Vector3PathTweenProperty.cs: 94848aa2e96060cfeaf83844ee158f0c -> 
  custom:scripting/monoscript/fileName/Vector3ZTweenProperty.cs: 35595634a87246c4e13691b1563178c5 -> 
  custom:scripting/monoscript/fileName/AbstractTweenProperty.cs: c71b2ece20cb4e1e30772e574c806625 -> 
  custom:container-muxer-webm: aa71ff27fc2769a1b78a27578f13a17b -> 
  custom:scripting/monoscript/fileName/AbstractGoSplineSolver.cs: 788a6b8052af6ee0371d3a464e692d1b -> 
  custom:scripting/monoscript/fileName/GoTween.cs: 4df5a8b9fefcbd8a2b5d6fe6223ee62f -> 
  custom:scripting/monoscript/fileName/RotationTweenProperty.cs: 13e7fbd741208cd89873755249a873a9 -> 
========================================================================
Received Prepare
Begin MonoManager ReloadAssembly
- Loaded All Assemblies, in  0.312 seconds
Refreshing native plugins compatible for Editor in 1.17 ms, found 1 plugins.
Native extension for WindowsStandalone target not found
Native extension for Android target not found
Mono: successfully reloaded assembly
- Finished resetting the current domain, in  0.422 seconds
Domain Reload Profiling: 734ms
	BeginReloadAssembly (116ms)
		ExecutionOrderSort (0ms)
		DisableScriptedObjects (4ms)
		BackupInstance (0ms)
		ReleaseScriptingObjects (0ms)
		CreateAndSetChildDomain (19ms)
	RebuildCommonClasses (32ms)
	RebuildNativeTypeToScriptingClass (13ms)
	initialDomainReloadingComplete (21ms)
	LoadAllAssembliesAndSetupDomain (129ms)
		LoadAssemblies (184ms)
		RebuildTransferFunctionScriptingTraits (0ms)
		AnalyzeDomain (15ms)
			TypeCache.Refresh (8ms)
				TypeCache.ScanAssembly (1ms)
			ScanForSourceGeneratedMonoScriptInfo (2ms)
			ResolveRequiredComponents (4ms)
	FinalizeReload (423ms)
		ReleaseScriptCaches (0ms)
		RebuildScriptCaches (0ms)
		SetupLoadedEditorAssemblies (187ms)
			LogAssemblyErrors (0ms)
			InitializePlatformSupportModulesInManaged (18ms)
			SetLoadedEditorAssemblies (2ms)
			RefreshPlugins (0ms)
			BeforeProcessingInitializeOnLoad (35ms)
			ProcessInitializeOnLoadAttributes (113ms)
			ProcessInitializeOnLoadMethodAttributes (16ms)
			AfterProcessingInitializeOnLoad (2ms)
			EditorAssembliesLoaded (0ms)
		ExecutionOrderSort2 (0ms)
		AwakeInstancesAfterBackupRestoration (5ms)
Refreshing native plugins compatible for Editor in 1.19 ms, found 1 plugins.
Preloading 0 native plugins for Editor in 0.00 ms.
Unloading 2320 Unused Serialized files (Serialized files now loaded: 0)
Unloading 21 unused Assets / (26.9 KB). Loaded Objects now: 2839.
Memory consumption went from 105.8 MB to 105.8 MB.
Total: 3.291300 ms (FindLiveObjects: 0.383200 ms CreateObjectMapping: 0.143700 ms MarkObjects: 2.678200 ms  DeleteObjects: 0.084200 ms)

Prepare: number of updated asset objects reloaded= 0
AssetImportParameters requested are different than current active one (requested -> active):
  custom:scripting/monoscript/fileName/GoSmoothedVector3.cs: 3a6ceb396859da913cbecdd1940e0aa2 -> 
  custom:scripting/monoscript/fileName/EulerAnglesTweenProperty.cs: 7a2321a8c63f28c3857aa33414a11270 -> 
  custom:video-decoder-webm-vp8: 9c59270c3fd7afecdb556c50c9e8de78 -> 
  custom:scripting/monoscript/fileName/IGenericProperty.cs: f404e27010d8ce1a25f7cc2ac06431ac -> 
  custom:scripting/monoscript/fileName/GoEaseSinusoidal.cs: e637d6b7456e2acd06dfd152f10b71d1 -> 
  custom:scripting/monoscript/fileName/GoSplineCatmullRomSolver.cs: 8bbd4e9dc2722b25540d14d500b88879 -> 
  custom:scripting/monoscript/fileName/IntTweenProperty.cs: 1f39418055dd7708ff3b9e75a86d93a1 -> 
  custom:scripting/monoscript/fileName/Vector3YTweenProperty.cs: 2b996e9222bddad772657bb084e9da48 -> 
  custom:scripting/monoscript/fileName/GoEaseQuintic.cs: 672086238d051af0856016e64ad97204 -> 
  custom:scripting/monoscript/fileName/GoEaseCubic.cs: 7d74fd43480e52f793e3086826193b77 -> 
  custom:SearchIndexIgnoredProperties: e643bd26f0fe6173181afceb89e7c659 -> 
  custom:scripting/monoscript/fileName/GoSmoothedQuaternion.cs: 92de95a3ce149743e526859a8d0255c5 -> 
  custom:container-demuxer-ogg: 62fdf1f143b41e24485cea50d1cbac27 -> 
  custom:AudioImporter_EditorPlatform: d09bf68614088b80899f8185d706f6e7 -> 
  custom:scripting/monoscript/fileName/ShakeTweenProperty.cs: fdb713005206085d3b49cdd6b2d15f80 -> 
  custom:scripting/monoscript/fileName/Vector2TweenProperty.cs: d7a25a544d56d947d9526019347f1f6e -> 
  custom:scripting/monoscript/fileName/GoKitTweenExtensions.cs: 28ee7421c4d34eb9c057646838e28859 -> 
  custom:scripting/monoscript/fileName/Vector3XTweenProperty.cs: 9592582ea2f541a8cf92ba7dd7dd85f2 -> 
  custom:scripting/monoscript/fileName/Go.cs: 840adb47e0f4be71eeea7168442feb7d -> 
  custom:scripting/monoscript/fileName/ColorTweenProperty.cs: 94ba4bee52d153d3fd58a82d4cf8ce0c -> 
  custom:scripting/monoscript/fileName/GoEaseLinear.cs: b690756fd76817f101a31dcd50ae4adc -> 
  custom:scripting/monoscript/fileName/GoEaseExponential.cs: 8f890ce1f0130e8014d1a219fa0d7904 -> 
  custom:scripting/monoscript/fileName/ScaleTweenProperty.cs: 068e501b322923caa36166fe86d472e5 -> 
  custom:video-decoder-ogg-theora: a1e56fd34408186e4bbccfd4996cb3dc -> 
  custom:scripting/monoscript/fileName/GoSpline.cs: 8039f73cfdc174dc6ffa15343c307f29 -> 
  custom:scripting/monoscript/fileName/GoTweenFlow.cs: ce7a11a1fb9e8397b83cab3847ba7970 -> 
  custom:scripting/monoscript/fileName/GoEaseQuartic.cs: d34853ce84f33fe9033901002d4ff793 -> 
  custom:framework-win-MediaFoundation: 216162199b28c13a410421893ffa2e32 -> 
  custom:scripting/monoscript/fileName/GoEaseBounce.cs: e71b365170d63025c159c4756b1910b2 -> 
  custom:scripting/monoscript/fileName/GoSplineQuadraticBezierSolver.cs: 44dee8c5fd496e5eb749f54d83d1397e -> 
  custom:scripting/monoscript/fileName/GoEaseQuadratic.cs: e3ed230c2d29b99c6f642587e4ad0e5d -> 
  custom:scripting/monoscript/fileName/MaterialColorTweenProperty.cs: f6d4ed9537ac95d7564838fa4e660e7d -> 
  custom:scripting/monoscript/fileName/GoEaseCircular.cs: 84a2009340e8431314db7056edf1bd68 -> 
  custom:scripting/monoscript/fileName/PositionPathTweenProperty.cs: efde40660de14fd7cd1ede2fa47e9837 -> 
  custom:video-encoder-webm-vp8: eb34c28f22e8b96e1ab97ce403110664 -> 
  custom:scripting/monoscript/fileName/FloatTweenProperty.cs: 48aea3a8bbe79ca6e0baa81dc186bdfd -> 
  custom:scripting/monoscript/fileName/GoTweenChain.cs: f9995827e6ddafabc43c1b0e0dcfd886 -> 
  custom:scripting/monoscript/fileName/GoTweenCollectionConfig.cs: 37c99bdc8dc674650bd69bc44bb2e57b -> 
  custom:audio-decoder-ogg-vorbis: bf7c407c2cedff20999df2af8eb42d56 -> 
  custom:scripting/monoscript/fileName/AbstractQuaternionTweenProperty.cs: 65ceda31db804ab1e0e34f0e48afa285 -> 
  custom:scripting/monoscript/fileName/AbstractColorTweenProperty.cs: bba0da230ed56fc0a25af92f6a3e377e -> 
  custom:scripting/monoscript/fileName/AbstractVector3TweenProperty.cs: 6aa4defef7531529f4ddc1516936e2e3 -> 
  custom:CustomObjectIndexerAttribute: 9a22284fe3817be447336de3de66b15e -> 
  custom:scripting/monoscript/fileName/Vector4TweenProperty.cs: 18bb73739ede80588b5bfadcee873907 -> 
  custom:scripting/monoscript/fileName/GoEaseBack.cs: 3f6e00793ada35f633abc2146480990e -> 
  custom:container-demuxer-webm: 4f35f7cbe854078d1ac9338744f61a02 -> 
  custom:scripting/monoscript/fileName/GoTweenConfig.cs: 5b3154c82824c20addf84e8652f51cfe -> 
  custom:scripting/monoscript/fileName/RotationQuaternionTweenProperty.cs: e0d94af0c913b0be4cd670833a2cda91 -> 
  custom:scripting/monoscript/fileName/GoTweenUtils.cs: 867d37edf69335bc6e54784197f28064 -> 
  custom:scripting/monoscript/fileName/GoSplineCubicBezierSolver.cs: 6d81419c64f7c334f4359254f1cbade0 -> 
  custom:audio-encoder-webm-vorbis: bf7c407c2cedff20999df2af8eb42d56 -> 
  custom:scripting/monoscript/fileName/ScalePathTweenProperty.cs: 816c1a788eca415c60d1b7e87fb103fe -> 
  custom:scripting/monoscript/fileName/GoEaseElastic.cs: f0cafb366ac4251d5c35fe413d3f62f6 -> 
  custom:scripting/monoscript/fileName/GoDummyPath.cs: a21201ab2fac2187e4faeaf08bb4ec90 -> 
  custom:scripting/monoscript/fileName/PositionTweenProperty.cs: e367a96b2cbc0b819bff5d0620f4b258 -> 
  custom:scripting/monoscript/fileName/Vector3TweenProperty.cs: 8e9f9d7bb7b15068d97f4d593f097c86 -> 
  custom:scripting/monoscript/fileName/AbstractGoTween.cs: 3bdc69e313ad58745cd33c4b74e6a709 -> 
  custom:scripting/monoscript/fileName/GoSplineStraightLineSolver.cs: b6a3907f2ead3ba9ac17ad3fdd121ec9 -> 
  custom:scripting/monoscript/fileName/AbstractGoTweenCollection.cs: 61d9f5f358696a7942516ed78ffe7e98 -> 
  custom:scripting/monoscript/fileName/Vector3PathTweenProperty.cs: 94848aa2e96060cfeaf83844ee158f0c -> 
  custom:scripting/monoscript/fileName/Vector3ZTweenProperty.cs: 35595634a87246c4e13691b1563178c5 -> 
  custom:scripting/monoscript/fileName/AbstractTweenProperty.cs: c71b2ece20cb4e1e30772e574c806625 -> 
  custom:container-muxer-webm: aa71ff27fc2769a1b78a27578f13a17b -> 
  custom:scripting/monoscript/fileName/AbstractGoSplineSolver.cs: 788a6b8052af6ee0371d3a464e692d1b -> 
  custom:scripting/monoscript/fileName/GoTween.cs: 4df5a8b9fefcbd8a2b5d6fe6223ee62f -> 
  custom:scripting/monoscript/fileName/RotationTweenProperty.cs: 13e7fbd741208cd89873755249a873a9 -> 
========================================================================
Received Import Request.
  Time since last request: 325.484243 seconds.
  path: Assets/Prefabs/Heart.prefab
  artifactKey: Guid(04eadc8c790030b44be3e2656c4435ea) Importer(815301076,1909f56bfc062723c751e8b465ee728b)
Start importing Assets/Prefabs/Heart.prefab using Guid(04eadc8c790030b44be3e2656c4435ea) Importer(815301076,1909f56bfc062723c751e8b465ee728b)  -> (artifact id: '3b01866b0d03ece29bb41fbd227d1830') in 0.102541 seconds
Number of updated asset objects reloaded before import = 0
Number of asset objects unloaded after import = 21
========================================================================
Received Import Request.
  Time since last request: 0.000027 seconds.
  path: Assets/Prefabs/Mana.prefab
  artifactKey: Guid(c739f479e38193b4d9e8e5f64d6fe48d) Importer(815301076,1909f56bfc062723c751e8b465ee728b)
Start importing Assets/Prefabs/Mana.prefab using Guid(c739f479e38193b4d9e8e5f64d6fe48d) Importer(815301076,1909f56bfc062723c751e8b465ee728b)  -> (artifact id: '4d4965cab6035e00a5c29fdb825ea3bb') in 0.020773 seconds
Number of updated asset objects reloaded before import = 0
Number of asset objects unloaded after import = 21
========================================================================
Received Import Request.
  Time since last request: 0.000015 seconds.
  path: Assets/Prefabs/Absorb.prefab
  artifactKey: Guid(f8731bdc219cec744ace9a71f469370a) Importer(815301076,1909f56bfc062723c751e8b465ee728b)
Start importing Assets/Prefabs/Absorb.prefab using Guid(f8731bdc219cec744ace9a71f469370a) Importer(815301076,1909f56bfc062723c751e8b465ee728b)  -> (artifact id: '48011ef665e3759b50424dbdb258c9fb') in 0.022422 seconds
Number of updated asset objects reloaded before import = 0
Number of asset objects unloaded after import = 21
========================================================================
Received Import Request.
  Time since last request: 0.000020 seconds.
  path: Assets/Prefabs/Angry.prefab
  artifactKey: Guid(4eb62dabad9387e4dbd05020eb045905) Importer(815301076,1909f56bfc062723c751e8b465ee728b)
Start importing Assets/Prefabs/Angry.prefab using Guid(4eb62dabad9387e4dbd05020eb045905) Importer(815301076,1909f56bfc062723c751e8b465ee728b)  -> (artifact id: '707b0be5d2c359924d83c48ee3e0af6e') in 0.028343 seconds
Number of updated asset objects reloaded before import = 0
Number of asset objects unloaded after import = 21
========================================================================
Received Import Request.
  Time since last request: 24.764026 seconds.
  path: Assets/Prefabs/Angry.prefab
  artifactKey: Guid(4eb62dabad9387e4dbd05020eb045905) Importer(815301076,1909f56bfc062723c751e8b465ee728b)
Start importing Assets/Prefabs/Angry.prefab using Guid(4eb62dabad9387e4dbd05020eb045905) Importer(815301076,1909f56bfc062723c751e8b465ee728b)  -> (artifact id: 'c1e5997880570dc21b6adf6bc81e323a') in 0.040765 seconds
Number of updated asset objects reloaded before import = 0
Number of asset objects unloaded after import = 21
========================================================================
Received Import Request.
  Time since last request: 0.000013 seconds.
  path: Assets/Prefabs/Attack.prefab
  artifactKey: Guid(b70e5b7f61cc529439c8efdc6d72dab9) Importer(815301076,1909f56bfc062723c751e8b465ee728b)
Start importing Assets/Prefabs/Attack.prefab using Guid(b70e5b7f61cc529439c8efdc6d72dab9) Importer(815301076,1909f56bfc062723c751e8b465ee728b)  -> (artifact id: 'a6b9c16d3f0b51bfb6f8317c85629ca6') in 0.018311 seconds
Number of updated asset objects reloaded before import = 0
Number of asset objects unloaded after import = 21
========================================================================
Received Prepare
Begin MonoManager ReloadAssembly
- Loaded All Assemblies, in  0.303 seconds
Refreshing native plugins compatible for Editor in 1.42 ms, found 1 plugins.
Native extension for WindowsStandalone target not found
Native extension for Android target not found
Mono: successfully reloaded assembly
- Finished resetting the current domain, in  0.404 seconds
Domain Reload Profiling: 707ms
	BeginReloadAssembly (133ms)
		ExecutionOrderSort (0ms)
		DisableScriptedObjects (3ms)
		BackupInstance (0ms)
		ReleaseScriptingObjects (0ms)
		CreateAndSetChildDomain (25ms)
	RebuildCommonClasses (27ms)
	RebuildNativeTypeToScriptingClass (8ms)
	initialDomainReloadingComplete (17ms)
	LoadAllAssembliesAndSetupDomain (118ms)
		LoadAssemblies (186ms)
		RebuildTransferFunctionScriptingTraits (0ms)
		AnalyzeDomain (10ms)
			TypeCache.Refresh (4ms)
				TypeCache.ScanAssembly (0ms)
			ScanForSourceGeneratedMonoScriptInfo (0ms)
			ResolveRequiredComponents (6ms)
	FinalizeReload (405ms)
		ReleaseScriptCaches (0ms)
		RebuildScriptCaches (0ms)
		SetupLoadedEditorAssemblies (201ms)
			LogAssemblyErrors (0ms)
			InitializePlatformSupportModulesInManaged (19ms)
			SetLoadedEditorAssemblies (2ms)
			RefreshPlugins (0ms)
			BeforeProcessingInitializeOnLoad (33ms)
			ProcessInitializeOnLoadAttributes (127ms)
			ProcessInitializeOnLoadMethodAttributes (17ms)
			AfterProcessingInitializeOnLoad (3ms)
			EditorAssembliesLoaded (0ms)
		ExecutionOrderSort2 (0ms)
		AwakeInstancesAfterBackupRestoration (7ms)
Refreshing native plugins compatible for Editor in 1.11 ms, found 1 plugins.
Preloading 0 native plugins for Editor in 0.00 ms.
Unloading 2319 Unused Serialized files (Serialized files now loaded: 0)
Unloading 21 unused Assets / (26.9 KB). Loaded Objects now: 2842.
Memory consumption went from 105.6 MB to 105.6 MB.
Total: 1.721600 ms (FindLiveObjects: 0.129500 ms CreateObjectMapping: 0.048800 ms MarkObjects: 1.511500 ms  DeleteObjects: 0.031100 ms)

Prepare: number of updated asset objects reloaded= 0
AssetImportParameters requested are different than current active one (requested -> active):
  custom:scripting/monoscript/fileName/GoSmoothedVector3.cs: 3a6ceb396859da913cbecdd1940e0aa2 -> 
  custom:scripting/monoscript/fileName/EulerAnglesTweenProperty.cs: 7a2321a8c63f28c3857aa33414a11270 -> 
  custom:video-decoder-webm-vp8: 9c59270c3fd7afecdb556c50c9e8de78 -> 
  custom:scripting/monoscript/fileName/IGenericProperty.cs: f404e27010d8ce1a25f7cc2ac06431ac -> 
  custom:scripting/monoscript/fileName/GoEaseSinusoidal.cs: e637d6b7456e2acd06dfd152f10b71d1 -> 
  custom:scripting/monoscript/fileName/GoSplineCatmullRomSolver.cs: 8bbd4e9dc2722b25540d14d500b88879 -> 
  custom:scripting/monoscript/fileName/IntTweenProperty.cs: 1f39418055dd7708ff3b9e75a86d93a1 -> 
  custom:scripting/monoscript/fileName/Vector3YTweenProperty.cs: 2b996e9222bddad772657bb084e9da48 -> 
  custom:scripting/monoscript/fileName/GoEaseQuintic.cs: 672086238d051af0856016e64ad97204 -> 
  custom:scripting/monoscript/fileName/GoEaseCubic.cs: 7d74fd43480e52f793e3086826193b77 -> 
  custom:SearchIndexIgnoredProperties: e643bd26f0fe6173181afceb89e7c659 -> 
  custom:scripting/monoscript/fileName/GoSmoothedQuaternion.cs: 92de95a3ce149743e526859a8d0255c5 -> 
  custom:container-demuxer-ogg: 62fdf1f143b41e24485cea50d1cbac27 -> 
  custom:AudioImporter_EditorPlatform: d09bf68614088b80899f8185d706f6e7 -> 
  custom:scripting/monoscript/fileName/ShakeTweenProperty.cs: fdb713005206085d3b49cdd6b2d15f80 -> 
  custom:scripting/monoscript/fileName/Vector2TweenProperty.cs: d7a25a544d56d947d9526019347f1f6e -> 
  custom:scripting/monoscript/fileName/GoKitTweenExtensions.cs: 28ee7421c4d34eb9c057646838e28859 -> 
  custom:scripting/monoscript/fileName/Vector3XTweenProperty.cs: 9592582ea2f541a8cf92ba7dd7dd85f2 -> 
  custom:scripting/monoscript/fileName/Go.cs: 840adb47e0f4be71eeea7168442feb7d -> 
  custom:scripting/monoscript/fileName/ColorTweenProperty.cs: 94ba4bee52d153d3fd58a82d4cf8ce0c -> 
  custom:scripting/monoscript/fileName/GoEaseLinear.cs: b690756fd76817f101a31dcd50ae4adc -> 
  custom:scripting/monoscript/fileName/GoEaseExponential.cs: 8f890ce1f0130e8014d1a219fa0d7904 -> 
  custom:scripting/monoscript/fileName/ScaleTweenProperty.cs: 068e501b322923caa36166fe86d472e5 -> 
  custom:video-decoder-ogg-theora: a1e56fd34408186e4bbccfd4996cb3dc -> 
  custom:scripting/monoscript/fileName/GoSpline.cs: 8039f73cfdc174dc6ffa15343c307f29 -> 
  custom:scripting/monoscript/fileName/GoTweenFlow.cs: ce7a11a1fb9e8397b83cab3847ba7970 -> 
  custom:scripting/monoscript/fileName/GoEaseQuartic.cs: d34853ce84f33fe9033901002d4ff793 -> 
  custom:framework-win-MediaFoundation: 216162199b28c13a410421893ffa2e32 -> 
  custom:scripting/monoscript/fileName/GoEaseBounce.cs: e71b365170d63025c159c4756b1910b2 -> 
  custom:scripting/monoscript/fileName/GoSplineQuadraticBezierSolver.cs: 44dee8c5fd496e5eb749f54d83d1397e -> 
  custom:scripting/monoscript/fileName/GoEaseQuadratic.cs: e3ed230c2d29b99c6f642587e4ad0e5d -> 
  custom:scripting/monoscript/fileName/MaterialColorTweenProperty.cs: f6d4ed9537ac95d7564838fa4e660e7d -> 
  custom:scripting/monoscript/fileName/GoEaseCircular.cs: 84a2009340e8431314db7056edf1bd68 -> 
  custom:scripting/monoscript/fileName/PositionPathTweenProperty.cs: efde40660de14fd7cd1ede2fa47e9837 -> 
  custom:video-encoder-webm-vp8: eb34c28f22e8b96e1ab97ce403110664 -> 
  custom:scripting/monoscript/fileName/FloatTweenProperty.cs: 48aea3a8bbe79ca6e0baa81dc186bdfd -> 
  custom:scripting/monoscript/fileName/GoTweenChain.cs: f9995827e6ddafabc43c1b0e0dcfd886 -> 
  custom:scripting/monoscript/fileName/GoTweenCollectionConfig.cs: 37c99bdc8dc674650bd69bc44bb2e57b -> 
  custom:audio-decoder-ogg-vorbis: bf7c407c2cedff20999df2af8eb42d56 -> 
  custom:scripting/monoscript/fileName/AbstractQuaternionTweenProperty.cs: 65ceda31db804ab1e0e34f0e48afa285 -> 
  custom:scripting/monoscript/fileName/AbstractColorTweenProperty.cs: bba0da230ed56fc0a25af92f6a3e377e -> 
  custom:scripting/monoscript/fileName/AbstractVector3TweenProperty.cs: 6aa4defef7531529f4ddc1516936e2e3 -> 
  custom:CustomObjectIndexerAttribute: 9a22284fe3817be447336de3de66b15e -> 
  custom:scripting/monoscript/fileName/Vector4TweenProperty.cs: 18bb73739ede80588b5bfadcee873907 -> 
  custom:scripting/monoscript/fileName/GoEaseBack.cs: 3f6e00793ada35f633abc2146480990e -> 
  custom:container-demuxer-webm: 4f35f7cbe854078d1ac9338744f61a02 -> 
  custom:scripting/monoscript/fileName/GoTweenConfig.cs: 5b3154c82824c20addf84e8652f51cfe -> 
  custom:scripting/monoscript/fileName/RotationQuaternionTweenProperty.cs: e0d94af0c913b0be4cd670833a2cda91 -> 
  custom:scripting/monoscript/fileName/GoTweenUtils.cs: 867d37edf69335bc6e54784197f28064 -> 
  custom:scripting/monoscript/fileName/GoSplineCubicBezierSolver.cs: 6d81419c64f7c334f4359254f1cbade0 -> 
  custom:audio-encoder-webm-vorbis: bf7c407c2cedff20999df2af8eb42d56 -> 
  custom:scripting/monoscript/fileName/ScalePathTweenProperty.cs: 816c1a788eca415c60d1b7e87fb103fe -> 
  custom:scripting/monoscript/fileName/GoEaseElastic.cs: f0cafb366ac4251d5c35fe413d3f62f6 -> 
  custom:scripting/monoscript/fileName/GoDummyPath.cs: a21201ab2fac2187e4faeaf08bb4ec90 -> 
  custom:scripting/monoscript/fileName/PositionTweenProperty.cs: e367a96b2cbc0b819bff5d0620f4b258 -> 
  custom:scripting/monoscript/fileName/Vector3TweenProperty.cs: 8e9f9d7bb7b15068d97f4d593f097c86 -> 
  custom:scripting/monoscript/fileName/AbstractGoTween.cs: 3bdc69e313ad58745cd33c4b74e6a709 -> 
  custom:scripting/monoscript/fileName/GoSplineStraightLineSolver.cs: b6a3907f2ead3ba9ac17ad3fdd121ec9 -> 
  custom:scripting/monoscript/fileName/AbstractGoTweenCollection.cs: 61d9f5f358696a7942516ed78ffe7e98 -> 
  custom:scripting/monoscript/fileName/Vector3PathTweenProperty.cs: 94848aa2e96060cfeaf83844ee158f0c -> 
  custom:scripting/monoscript/fileName/Vector3ZTweenProperty.cs: 35595634a87246c4e13691b1563178c5 -> 
  custom:scripting/monoscript/fileName/AbstractTweenProperty.cs: c71b2ece20cb4e1e30772e574c806625 -> 
  custom:container-muxer-webm: aa71ff27fc2769a1b78a27578f13a17b -> 
  custom:scripting/monoscript/fileName/AbstractGoSplineSolver.cs: 788a6b8052af6ee0371d3a464e692d1b -> 
  custom:scripting/monoscript/fileName/GoTween.cs: 4df5a8b9fefcbd8a2b5d6fe6223ee62f -> 
  custom:scripting/monoscript/fileName/RotationTweenProperty.cs: 13e7fbd741208cd89873755249a873a9 -> 
========================================================================
Received Prepare
Begin MonoManager ReloadAssembly
- Loaded All Assemblies, in  0.295 seconds
Refreshing native plugins compatible for Editor in 1.30 ms, found 1 plugins.
Native extension for WindowsStandalone target not found
Native extension for Android target not found
Mono: successfully reloaded assembly
- Finished resetting the current domain, in  0.384 seconds
Domain Reload Profiling: 679ms
	BeginReloadAssembly (111ms)
		ExecutionOrderSort (0ms)
		DisableScriptedObjects (4ms)
		BackupInstance (0ms)
		ReleaseScriptingObjects (0ms)
		CreateAndSetChildDomain (22ms)
	RebuildCommonClasses (29ms)
	RebuildNativeTypeToScriptingClass (7ms)
	initialDomainReloadingComplete (21ms)
	LoadAllAssembliesAndSetupDomain (126ms)
		LoadAssemblies (175ms)
		RebuildTransferFunctionScriptingTraits (0ms)
		AnalyzeDomain (12ms)
			TypeCache.Refresh (5ms)
				TypeCache.ScanAssembly (0ms)
			ScanForSourceGeneratedMonoScriptInfo (0ms)
			ResolveRequiredComponents (6ms)
	FinalizeReload (385ms)
		ReleaseScriptCaches (0ms)
		RebuildScriptCaches (0ms)
		SetupLoadedEditorAssemblies (184ms)
			LogAssemblyErrors (0ms)
			InitializePlatformSupportModulesInManaged (16ms)
			SetLoadedEditorAssemblies (2ms)
			RefreshPlugins (0ms)
			BeforeProcessingInitializeOnLoad (34ms)
			ProcessInitializeOnLoadAttributes (113ms)
			ProcessInitializeOnLoadMethodAttributes (16ms)
			AfterProcessingInitializeOnLoad (2ms)
			EditorAssembliesLoaded (0ms)
		ExecutionOrderSort2 (0ms)
		AwakeInstancesAfterBackupRestoration (5ms)
Refreshing native plugins compatible for Editor in 1.67 ms, found 1 plugins.
Preloading 0 native plugins for Editor in 0.00 ms.
Unloading 2320 Unused Serialized files (Serialized files now loaded: 0)
Unloading 21 unused Assets / (26.9 KB). Loaded Objects now: 2845.
Memory consumption went from 105.9 MB to 105.8 MB.
Total: 1.848200 ms (FindLiveObjects: 0.143800 ms CreateObjectMapping: 0.054600 ms MarkObjects: 1.607700 ms  DeleteObjects: 0.041200 ms)

Prepare: number of updated asset objects reloaded= 0
AssetImportParameters requested are different than current active one (requested -> active):
  custom:scripting/monoscript/fileName/GoSmoothedVector3.cs: 3a6ceb396859da913cbecdd1940e0aa2 -> 
  custom:scripting/monoscript/fileName/EulerAnglesTweenProperty.cs: 7a2321a8c63f28c3857aa33414a11270 -> 
  custom:video-decoder-webm-vp8: 9c59270c3fd7afecdb556c50c9e8de78 -> 
  custom:scripting/monoscript/fileName/IGenericProperty.cs: f404e27010d8ce1a25f7cc2ac06431ac -> 
  custom:scripting/monoscript/fileName/GoEaseSinusoidal.cs: e637d6b7456e2acd06dfd152f10b71d1 -> 
  custom:scripting/monoscript/fileName/GoSplineCatmullRomSolver.cs: 8bbd4e9dc2722b25540d14d500b88879 -> 
  custom:scripting/monoscript/fileName/IntTweenProperty.cs: 1f39418055dd7708ff3b9e75a86d93a1 -> 
  custom:scripting/monoscript/fileName/Vector3YTweenProperty.cs: 2b996e9222bddad772657bb084e9da48 -> 
  custom:scripting/monoscript/fileName/GoEaseQuintic.cs: 672086238d051af0856016e64ad97204 -> 
  custom:scripting/monoscript/fileName/GoEaseCubic.cs: 7d74fd43480e52f793e3086826193b77 -> 
  custom:SearchIndexIgnoredProperties: e643bd26f0fe6173181afceb89e7c659 -> 
  custom:scripting/monoscript/fileName/GoSmoothedQuaternion.cs: 92de95a3ce149743e526859a8d0255c5 -> 
  custom:container-demuxer-ogg: 62fdf1f143b41e24485cea50d1cbac27 -> 
  custom:AudioImporter_EditorPlatform: d09bf68614088b80899f8185d706f6e7 -> 
  custom:scripting/monoscript/fileName/ShakeTweenProperty.cs: fdb713005206085d3b49cdd6b2d15f80 -> 
  custom:scripting/monoscript/fileName/Vector2TweenProperty.cs: d7a25a544d56d947d9526019347f1f6e -> 
  custom:scripting/monoscript/fileName/GoKitTweenExtensions.cs: 28ee7421c4d34eb9c057646838e28859 -> 
  custom:scripting/monoscript/fileName/Vector3XTweenProperty.cs: 9592582ea2f541a8cf92ba7dd7dd85f2 -> 
  custom:scripting/monoscript/fileName/Go.cs: 840adb47e0f4be71eeea7168442feb7d -> 
  custom:scripting/monoscript/fileName/ColorTweenProperty.cs: 94ba4bee52d153d3fd58a82d4cf8ce0c -> 
  custom:scripting/monoscript/fileName/GoEaseLinear.cs: b690756fd76817f101a31dcd50ae4adc -> 
  custom:scripting/monoscript/fileName/GoEaseExponential.cs: 8f890ce1f0130e8014d1a219fa0d7904 -> 
  custom:scripting/monoscript/fileName/ScaleTweenProperty.cs: 068e501b322923caa36166fe86d472e5 -> 
  custom:video-decoder-ogg-theora: a1e56fd34408186e4bbccfd4996cb3dc -> 
  custom:scripting/monoscript/fileName/GoSpline.cs: 8039f73cfdc174dc6ffa15343c307f29 -> 
  custom:scripting/monoscript/fileName/GoTweenFlow.cs: ce7a11a1fb9e8397b83cab3847ba7970 -> 
  custom:scripting/monoscript/fileName/GoEaseQuartic.cs: d34853ce84f33fe9033901002d4ff793 -> 
  custom:framework-win-MediaFoundation: 216162199b28c13a410421893ffa2e32 -> 
  custom:scripting/monoscript/fileName/GoEaseBounce.cs: e71b365170d63025c159c4756b1910b2 -> 
  custom:scripting/monoscript/fileName/GoSplineQuadraticBezierSolver.cs: 44dee8c5fd496e5eb749f54d83d1397e -> 
  custom:scripting/monoscript/fileName/GoEaseQuadratic.cs: e3ed230c2d29b99c6f642587e4ad0e5d -> 
  custom:scripting/monoscript/fileName/MaterialColorTweenProperty.cs: f6d4ed9537ac95d7564838fa4e660e7d -> 
  custom:scripting/monoscript/fileName/GoEaseCircular.cs: 84a2009340e8431314db7056edf1bd68 -> 
  custom:scripting/monoscript/fileName/PositionPathTweenProperty.cs: efde40660de14fd7cd1ede2fa47e9837 -> 
  custom:video-encoder-webm-vp8: eb34c28f22e8b96e1ab97ce403110664 -> 
  custom:scripting/monoscript/fileName/FloatTweenProperty.cs: 48aea3a8bbe79ca6e0baa81dc186bdfd -> 
  custom:scripting/monoscript/fileName/GoTweenChain.cs: f9995827e6ddafabc43c1b0e0dcfd886 -> 
  custom:scripting/monoscript/fileName/GoTweenCollectionConfig.cs: 37c99bdc8dc674650bd69bc44bb2e57b -> 
  custom:audio-decoder-ogg-vorbis: bf7c407c2cedff20999df2af8eb42d56 -> 
  custom:scripting/monoscript/fileName/AbstractQuaternionTweenProperty.cs: 65ceda31db804ab1e0e34f0e48afa285 -> 
  custom:scripting/monoscript/fileName/AbstractColorTweenProperty.cs: bba0da230ed56fc0a25af92f6a3e377e -> 
  custom:scripting/monoscript/fileName/AbstractVector3TweenProperty.cs: 6aa4defef7531529f4ddc1516936e2e3 -> 
  custom:CustomObjectIndexerAttribute: 9a22284fe3817be447336de3de66b15e -> 
  custom:scripting/monoscript/fileName/Vector4TweenProperty.cs: 18bb73739ede80588b5bfadcee873907 -> 
  custom:scripting/monoscript/fileName/GoEaseBack.cs: 3f6e00793ada35f633abc2146480990e -> 
  custom:container-demuxer-webm: 4f35f7cbe854078d1ac9338744f61a02 -> 
  custom:scripting/monoscript/fileName/GoTweenConfig.cs: 5b3154c82824c20addf84e8652f51cfe -> 
  custom:scripting/monoscript/fileName/RotationQuaternionTweenProperty.cs: e0d94af0c913b0be4cd670833a2cda91 -> 
  custom:scripting/monoscript/fileName/GoTweenUtils.cs: 867d37edf69335bc6e54784197f28064 -> 
  custom:scripting/monoscript/fileName/GoSplineCubicBezierSolver.cs: 6d81419c64f7c334f4359254f1cbade0 -> 
  custom:audio-encoder-webm-vorbis: bf7c407c2cedff20999df2af8eb42d56 -> 
  custom:scripting/monoscript/fileName/ScalePathTweenProperty.cs: 816c1a788eca415c60d1b7e87fb103fe -> 
  custom:scripting/monoscript/fileName/GoEaseElastic.cs: f0cafb366ac4251d5c35fe413d3f62f6 -> 
  custom:scripting/monoscript/fileName/GoDummyPath.cs: a21201ab2fac2187e4faeaf08bb4ec90 -> 
  custom:scripting/monoscript/fileName/PositionTweenProperty.cs: e367a96b2cbc0b819bff5d0620f4b258 -> 
  custom:scripting/monoscript/fileName/Vector3TweenProperty.cs: 8e9f9d7bb7b15068d97f4d593f097c86 -> 
  custom:scripting/monoscript/fileName/AbstractGoTween.cs: 3bdc69e313ad58745cd33c4b74e6a709 -> 
  custom:scripting/monoscript/fileName/GoSplineStraightLineSolver.cs: b6a3907f2ead3ba9ac17ad3fdd121ec9 -> 
  custom:scripting/monoscript/fileName/AbstractGoTweenCollection.cs: 61d9f5f358696a7942516ed78ffe7e98 -> 
  custom:scripting/monoscript/fileName/Vector3PathTweenProperty.cs: 94848aa2e96060cfeaf83844ee158f0c -> 
  custom:scripting/monoscript/fileName/Vector3ZTweenProperty.cs: 35595634a87246c4e13691b1563178c5 -> 
  custom:scripting/monoscript/fileName/AbstractTweenProperty.cs: c71b2ece20cb4e1e30772e574c806625 -> 
  custom:container-muxer-webm: aa71ff27fc2769a1b78a27578f13a17b -> 
  custom:scripting/monoscript/fileName/AbstractGoSplineSolver.cs: 788a6b8052af6ee0371d3a464e692d1b -> 
  custom:scripting/monoscript/fileName/GoTween.cs: 4df5a8b9fefcbd8a2b5d6fe6223ee62f -> 
  custom:scripting/monoscript/fileName/RotationTweenProperty.cs: 13e7fbd741208cd89873755249a873a9 -> 
========================================================================
Received Import Request.
  Time since last request: 31.211353 seconds.
  path: Assets/Plugins/Demigiant/DemiLib/Core/Editor/Imgs/whiteDot_darkBorder.png
  artifactKey: Guid(27df4ca974a8eaf40803907859421506) Importer(815301076,1909f56bfc062723c751e8b465ee728b)
Start importing Assets/Plugins/Demigiant/DemiLib/Core/Editor/Imgs/whiteDot_darkBorder.png using Guid(27df4ca974a8eaf40803907859421506) Importer(815301076,1909f56bfc062723c751e8b465ee728b)  -> (artifact id: '04551a1bb94b3c1492772cee10881632') in 0.044455 seconds
Number of updated asset objects reloaded before import = 0
Number of asset objects unloaded after import = 2
========================================================================
Received Import Request.
  Time since last request: 0.000016 seconds.
  path: Assets/Plugins/Demigiant/DemiLib/Core/Editor/Imgs/whiteSquareAlpha50.png
  artifactKey: Guid(ef40b00a83f7bd34f84851386b3321f0) Importer(815301076,1909f56bfc062723c751e8b465ee728b)
Start importing Assets/Plugins/Demigiant/DemiLib/Core/Editor/Imgs/whiteSquareAlpha50.png using Guid(ef40b00a83f7bd34f84851386b3321f0) Importer(815301076,1909f56bfc062723c751e8b465ee728b)  -> (artifact id: 'b0dd7e6cf831bf42abe5b2e95648dd5f') in 0.008856 seconds
Number of updated asset objects reloaded before import = 0
Number of asset objects unloaded after import = 2
========================================================================
Received Import Request.
  Time since last request: 0.000014 seconds.
  path: Assets/Plugins/Demigiant/DemiLib/Core/Editor/Imgs/whiteSquareCurved.png
  artifactKey: Guid(070edb62059c27b408e16f28cb87f941) Importer(815301076,1909f56bfc062723c751e8b465ee728b)
Start importing Assets/Plugins/Demigiant/DemiLib/Core/Editor/Imgs/whiteSquareCurved.png using Guid(070edb62059c27b408e16f28cb87f941) Importer(815301076,1909f56bfc062723c751e8b465ee728b)  -> (artifact id: '1e63ddf493b25625803abff02dc9e042') in 0.004550 seconds
Number of updated asset objects reloaded before import = 0
Number of asset objects unloaded after import = 2
========================================================================
Received Import Request.
  Time since last request: 0.000017 seconds.
  path: Assets/Plugins/Demigiant/DemiLib/Core/Editor/Imgs/whiteSquare.png
  artifactKey: Guid(dfe6e0ac3e5f24740a17e14b65e08406) Importer(815301076,1909f56bfc062723c751e8b465ee728b)
Start importing Assets/Plugins/Demigiant/DemiLib/Core/Editor/Imgs/whiteSquare.png using Guid(dfe6e0ac3e5f24740a17e14b65e08406) Importer(815301076,1909f56bfc062723c751e8b465ee728b)  -> (artifact id: 'fb5fd973bf3c7cc2350002e6bd46997e') in 0.009530 seconds
Number of updated asset objects reloaded before import = 0
Number of asset objects unloaded after import = 2
========================================================================
Received Prepare
Begin MonoManager ReloadAssembly
- Loaded All Assemblies, in  0.296 seconds
Refreshing native plugins compatible for Editor in 1.17 ms, found 1 plugins.
Native extension for WindowsStandalone target not found
Native extension for Android target not found
Mono: successfully reloaded assembly
- Finished resetting the current domain, in  0.396 seconds
Domain Reload Profiling: 692ms
	BeginReloadAssembly (114ms)
		ExecutionOrderSort (0ms)
		DisableScriptedObjects (4ms)
		BackupInstance (0ms)
		ReleaseScriptingObjects (0ms)
		CreateAndSetChildDomain (22ms)
	RebuildCommonClasses (25ms)
	RebuildNativeTypeToScriptingClass (9ms)
	initialDomainReloadingComplete (18ms)
	LoadAllAssembliesAndSetupDomain (129ms)
		LoadAssemblies (183ms)
		RebuildTransferFunctionScriptingTraits (0ms)
		AnalyzeDomain (13ms)
			TypeCache.Refresh (6ms)
				TypeCache.ScanAssembly (1ms)
			ScanForSourceGeneratedMonoScriptInfo (2ms)
			ResolveRequiredComponents (4ms)
	FinalizeReload (397ms)
		ReleaseScriptCaches (0ms)
		RebuildScriptCaches (0ms)
		SetupLoadedEditorAssemblies (182ms)
			LogAssemblyErrors (0ms)
			InitializePlatformSupportModulesInManaged (19ms)
			SetLoadedEditorAssemblies (3ms)
			RefreshPlugins (0ms)
			BeforeProcessingInitializeOnLoad (34ms)
			ProcessInitializeOnLoadAttributes (108ms)
			ProcessInitializeOnLoadMethodAttributes (16ms)
			AfterProcessingInitializeOnLoad (2ms)
			EditorAssembliesLoaded (0ms)
		ExecutionOrderSort2 (0ms)
		AwakeInstancesAfterBackupRestoration (5ms)
Refreshing native plugins compatible for Editor in 1.05 ms, found 1 plugins.
Preloading 0 native plugins for Editor in 0.00 ms.
Unloading 2319 Unused Serialized files (Serialized files now loaded: 0)
Unloading 21 unused Assets / (26.9 KB). Loaded Objects now: 2851.
Memory consumption went from 105.6 MB to 105.6 MB.
Total: 1.915600 ms (FindLiveObjects: 0.171800 ms CreateObjectMapping: 0.052700 ms MarkObjects: 1.647400 ms  DeleteObjects: 0.042800 ms)

Prepare: number of updated asset objects reloaded= 0
AssetImportParameters requested are different than current active one (requested -> active):
  custom:scripting/monoscript/fileName/GoSmoothedVector3.cs: 3a6ceb396859da913cbecdd1940e0aa2 -> 
  custom:scripting/monoscript/fileName/EulerAnglesTweenProperty.cs: 7a2321a8c63f28c3857aa33414a11270 -> 
  custom:video-decoder-webm-vp8: 9c59270c3fd7afecdb556c50c9e8de78 -> 
  custom:scripting/monoscript/fileName/IGenericProperty.cs: f404e27010d8ce1a25f7cc2ac06431ac -> 
  custom:scripting/monoscript/fileName/GoEaseSinusoidal.cs: e637d6b7456e2acd06dfd152f10b71d1 -> 
  custom:scripting/monoscript/fileName/GoSplineCatmullRomSolver.cs: 8bbd4e9dc2722b25540d14d500b88879 -> 
  custom:scripting/monoscript/fileName/IntTweenProperty.cs: 1f39418055dd7708ff3b9e75a86d93a1 -> 
  custom:scripting/monoscript/fileName/Vector3YTweenProperty.cs: 2b996e9222bddad772657bb084e9da48 -> 
  custom:scripting/monoscript/fileName/GoEaseQuintic.cs: 672086238d051af0856016e64ad97204 -> 
  custom:scripting/monoscript/fileName/GoEaseCubic.cs: 7d74fd43480e52f793e3086826193b77 -> 
  custom:SearchIndexIgnoredProperties: e643bd26f0fe6173181afceb89e7c659 -> 
  custom:scripting/monoscript/fileName/GoSmoothedQuaternion.cs: 92de95a3ce149743e526859a8d0255c5 -> 
  custom:container-demuxer-ogg: 62fdf1f143b41e24485cea50d1cbac27 -> 
  custom:AudioImporter_EditorPlatform: d09bf68614088b80899f8185d706f6e7 -> 
  custom:scripting/monoscript/fileName/ShakeTweenProperty.cs: fdb713005206085d3b49cdd6b2d15f80 -> 
  custom:scripting/monoscript/fileName/Vector2TweenProperty.cs: d7a25a544d56d947d9526019347f1f6e -> 
  custom:scripting/monoscript/fileName/GoKitTweenExtensions.cs: 28ee7421c4d34eb9c057646838e28859 -> 
  custom:scripting/monoscript/fileName/Vector3XTweenProperty.cs: 9592582ea2f541a8cf92ba7dd7dd85f2 -> 
  custom:scripting/monoscript/fileName/Go.cs: 840adb47e0f4be71eeea7168442feb7d -> 
  custom:scripting/monoscript/fileName/ColorTweenProperty.cs: 94ba4bee52d153d3fd58a82d4cf8ce0c -> 
  custom:scripting/monoscript/fileName/GoEaseLinear.cs: b690756fd76817f101a31dcd50ae4adc -> 
  custom:scripting/monoscript/fileName/GoEaseExponential.cs: 8f890ce1f0130e8014d1a219fa0d7904 -> 
  custom:scripting/monoscript/fileName/ScaleTweenProperty.cs: 068e501b322923caa36166fe86d472e5 -> 
  custom:video-decoder-ogg-theora: a1e56fd34408186e4bbccfd4996cb3dc -> 
  custom:scripting/monoscript/fileName/GoSpline.cs: 8039f73cfdc174dc6ffa15343c307f29 -> 
  custom:scripting/monoscript/fileName/GoTweenFlow.cs: ce7a11a1fb9e8397b83cab3847ba7970 -> 
  custom:scripting/monoscript/fileName/GoEaseQuartic.cs: d34853ce84f33fe9033901002d4ff793 -> 
  custom:framework-win-MediaFoundation: 216162199b28c13a410421893ffa2e32 -> 
  custom:scripting/monoscript/fileName/GoEaseBounce.cs: e71b365170d63025c159c4756b1910b2 -> 
  custom:scripting/monoscript/fileName/GoSplineQuadraticBezierSolver.cs: 44dee8c5fd496e5eb749f54d83d1397e -> 
  custom:scripting/monoscript/fileName/GoEaseQuadratic.cs: e3ed230c2d29b99c6f642587e4ad0e5d -> 
  custom:scripting/monoscript/fileName/MaterialColorTweenProperty.cs: f6d4ed9537ac95d7564838fa4e660e7d -> 
  custom:scripting/monoscript/fileName/GoEaseCircular.cs: 84a2009340e8431314db7056edf1bd68 -> 
  custom:scripting/monoscript/fileName/PositionPathTweenProperty.cs: efde40660de14fd7cd1ede2fa47e9837 -> 
  custom:video-encoder-webm-vp8: eb34c28f22e8b96e1ab97ce403110664 -> 
  custom:scripting/monoscript/fileName/FloatTweenProperty.cs: 48aea3a8bbe79ca6e0baa81dc186bdfd -> 
  custom:scripting/monoscript/fileName/GoTweenChain.cs: f9995827e6ddafabc43c1b0e0dcfd886 -> 
  custom:scripting/monoscript/fileName/GoTweenCollectionConfig.cs: 37c99bdc8dc674650bd69bc44bb2e57b -> 
  custom:audio-decoder-ogg-vorbis: bf7c407c2cedff20999df2af8eb42d56 -> 
  custom:scripting/monoscript/fileName/AbstractQuaternionTweenProperty.cs: 65ceda31db804ab1e0e34f0e48afa285 -> 
  custom:scripting/monoscript/fileName/AbstractColorTweenProperty.cs: bba0da230ed56fc0a25af92f6a3e377e -> 
  custom:scripting/monoscript/fileName/AbstractVector3TweenProperty.cs: 6aa4defef7531529f4ddc1516936e2e3 -> 
  custom:CustomObjectIndexerAttribute: 9a22284fe3817be447336de3de66b15e -> 
  custom:scripting/monoscript/fileName/Vector4TweenProperty.cs: 18bb73739ede80588b5bfadcee873907 -> 
  custom:scripting/monoscript/fileName/GoEaseBack.cs: 3f6e00793ada35f633abc2146480990e -> 
  custom:container-demuxer-webm: 4f35f7cbe854078d1ac9338744f61a02 -> 
  custom:scripting/monoscript/fileName/GoTweenConfig.cs: 5b3154c82824c20addf84e8652f51cfe -> 
  custom:scripting/monoscript/fileName/RotationQuaternionTweenProperty.cs: e0d94af0c913b0be4cd670833a2cda91 -> 
  custom:scripting/monoscript/fileName/GoTweenUtils.cs: 867d37edf69335bc6e54784197f28064 -> 
  custom:scripting/monoscript/fileName/GoSplineCubicBezierSolver.cs: 6d81419c64f7c334f4359254f1cbade0 -> 
  custom:audio-encoder-webm-vorbis: bf7c407c2cedff20999df2af8eb42d56 -> 
  custom:scripting/monoscript/fileName/ScalePathTweenProperty.cs: 816c1a788eca415c60d1b7e87fb103fe -> 
  custom:scripting/monoscript/fileName/GoEaseElastic.cs: f0cafb366ac4251d5c35fe413d3f62f6 -> 
  custom:scripting/monoscript/fileName/GoDummyPath.cs: a21201ab2fac2187e4faeaf08bb4ec90 -> 
  custom:scripting/monoscript/fileName/PositionTweenProperty.cs: e367a96b2cbc0b819bff5d0620f4b258 -> 
  custom:scripting/monoscript/fileName/Vector3TweenProperty.cs: 8e9f9d7bb7b15068d97f4d593f097c86 -> 
  custom:scripting/monoscript/fileName/AbstractGoTween.cs: 3bdc69e313ad58745cd33c4b74e6a709 -> 
  custom:scripting/monoscript/fileName/GoSplineStraightLineSolver.cs: b6a3907f2ead3ba9ac17ad3fdd121ec9 -> 
  custom:scripting/monoscript/fileName/AbstractGoTweenCollection.cs: 61d9f5f358696a7942516ed78ffe7e98 -> 
  custom:scripting/monoscript/fileName/Vector3PathTweenProperty.cs: 94848aa2e96060cfeaf83844ee158f0c -> 
  custom:scripting/monoscript/fileName/Vector3ZTweenProperty.cs: 35595634a87246c4e13691b1563178c5 -> 
  custom:scripting/monoscript/fileName/AbstractTweenProperty.cs: c71b2ece20cb4e1e30772e574c806625 -> 
  custom:container-muxer-webm: aa71ff27fc2769a1b78a27578f13a17b -> 
  custom:scripting/monoscript/fileName/AbstractGoSplineSolver.cs: 788a6b8052af6ee0371d3a464e692d1b -> 
  custom:scripting/monoscript/fileName/GoTween.cs: 4df5a8b9fefcbd8a2b5d6fe6223ee62f -> 
  custom:scripting/monoscript/fileName/RotationTweenProperty.cs: 13e7fbd741208cd89873755249a873a9 -> 
========================================================================
Received Prepare
Begin MonoManager ReloadAssembly
- Loaded All Assemblies, in  0.270 seconds
Refreshing native plugins compatible for Editor in 1.07 ms, found 1 plugins.
Native extension for WindowsStandalone target not found
Native extension for Android target not found
Mono: successfully reloaded assembly
- Finished resetting the current domain, in  0.363 seconds
Domain Reload Profiling: 633ms
	BeginReloadAssembly (104ms)
		ExecutionOrderSort (0ms)
		DisableScriptedObjects (4ms)
		BackupInstance (0ms)
		ReleaseScriptingObjects (0ms)
		CreateAndSetChildDomain (17ms)
	RebuildCommonClasses (23ms)
	RebuildNativeTypeToScriptingClass (8ms)
	initialDomainReloadingComplete (17ms)
	LoadAllAssembliesAndSetupDomain (119ms)
		LoadAssemblies (170ms)
		RebuildTransferFunctionScriptingTraits (0ms)
		AnalyzeDomain (9ms)
			TypeCache.Refresh (4ms)
				TypeCache.ScanAssembly (0ms)
			ScanForSourceGeneratedMonoScriptInfo (0ms)
			ResolveRequiredComponents (4ms)
	FinalizeReload (363ms)
		ReleaseScriptCaches (0ms)
		RebuildScriptCaches (0ms)
		SetupLoadedEditorAssemblies (182ms)
			LogAssemblyErrors (0ms)
			InitializePlatformSupportModulesInManaged (16ms)
			SetLoadedEditorAssemblies (2ms)
			RefreshPlugins (0ms)
			BeforeProcessingInitializeOnLoad (34ms)
			ProcessInitializeOnLoadAttributes (113ms)
			ProcessInitializeOnLoadMethodAttributes (15ms)
			AfterProcessingInitializeOnLoad (2ms)
			EditorAssembliesLoaded (0ms)
		ExecutionOrderSort2 (0ms)
		AwakeInstancesAfterBackupRestoration (5ms)
Refreshing native plugins compatible for Editor in 1.29 ms, found 1 plugins.
Preloading 0 native plugins for Editor in 0.00 ms.
Unloading 2320 Unused Serialized files (Serialized files now loaded: 0)
Unloading 21 unused Assets / (27.0 KB). Loaded Objects now: 2854.
Memory consumption went from 105.9 MB to 105.8 MB.
Total: 1.870000 ms (FindLiveObjects: 0.140000 ms CreateObjectMapping: 0.051100 ms MarkObjects: 1.635100 ms  DeleteObjects: 0.043100 ms)

Prepare: number of updated asset objects reloaded= 0
AssetImportParameters requested are different than current active one (requested -> active):
  custom:scripting/monoscript/fileName/GoSmoothedVector3.cs: 3a6ceb396859da913cbecdd1940e0aa2 -> 
  custom:scripting/monoscript/fileName/EulerAnglesTweenProperty.cs: 7a2321a8c63f28c3857aa33414a11270 -> 
  custom:video-decoder-webm-vp8: 9c59270c3fd7afecdb556c50c9e8de78 -> 
  custom:scripting/monoscript/fileName/IGenericProperty.cs: f404e27010d8ce1a25f7cc2ac06431ac -> 
  custom:scripting/monoscript/fileName/GoEaseSinusoidal.cs: e637d6b7456e2acd06dfd152f10b71d1 -> 
  custom:scripting/monoscript/fileName/GoSplineCatmullRomSolver.cs: 8bbd4e9dc2722b25540d14d500b88879 -> 
  custom:scripting/monoscript/fileName/IntTweenProperty.cs: 1f39418055dd7708ff3b9e75a86d93a1 -> 
  custom:scripting/monoscript/fileName/Vector3YTweenProperty.cs: 2b996e9222bddad772657bb084e9da48 -> 
  custom:scripting/monoscript/fileName/GoEaseQuintic.cs: 672086238d051af0856016e64ad97204 -> 
  custom:scripting/monoscript/fileName/GoEaseCubic.cs: 7d74fd43480e52f793e3086826193b77 -> 
  custom:SearchIndexIgnoredProperties: e643bd26f0fe6173181afceb89e7c659 -> 
  custom:scripting/monoscript/fileName/GoSmoothedQuaternion.cs: 92de95a3ce149743e526859a8d0255c5 -> 
  custom:container-demuxer-ogg: 62fdf1f143b41e24485cea50d1cbac27 -> 
  custom:AudioImporter_EditorPlatform: d09bf68614088b80899f8185d706f6e7 -> 
  custom:scripting/monoscript/fileName/ShakeTweenProperty.cs: fdb713005206085d3b49cdd6b2d15f80 -> 
  custom:scripting/monoscript/fileName/Vector2TweenProperty.cs: d7a25a544d56d947d9526019347f1f6e -> 
  custom:scripting/monoscript/fileName/GoKitTweenExtensions.cs: 28ee7421c4d34eb9c057646838e28859 -> 
  custom:scripting/monoscript/fileName/Vector3XTweenProperty.cs: 9592582ea2f541a8cf92ba7dd7dd85f2 -> 
  custom:scripting/monoscript/fileName/Go.cs: 840adb47e0f4be71eeea7168442feb7d -> 
  custom:scripting/monoscript/fileName/ColorTweenProperty.cs: 94ba4bee52d153d3fd58a82d4cf8ce0c -> 
  custom:scripting/monoscript/fileName/GoEaseLinear.cs: b690756fd76817f101a31dcd50ae4adc -> 
  custom:scripting/monoscript/fileName/GoEaseExponential.cs: 8f890ce1f0130e8014d1a219fa0d7904 -> 
  custom:scripting/monoscript/fileName/ScaleTweenProperty.cs: 068e501b322923caa36166fe86d472e5 -> 
  custom:video-decoder-ogg-theora: a1e56fd34408186e4bbccfd4996cb3dc -> 
  custom:scripting/monoscript/fileName/GoSpline.cs: 8039f73cfdc174dc6ffa15343c307f29 -> 
  custom:scripting/monoscript/fileName/GoTweenFlow.cs: ce7a11a1fb9e8397b83cab3847ba7970 -> 
  custom:scripting/monoscript/fileName/GoEaseQuartic.cs: d34853ce84f33fe9033901002d4ff793 -> 
  custom:framework-win-MediaFoundation: 216162199b28c13a410421893ffa2e32 -> 
  custom:scripting/monoscript/fileName/GoEaseBounce.cs: e71b365170d63025c159c4756b1910b2 -> 
  custom:scripting/monoscript/fileName/GoSplineQuadraticBezierSolver.cs: 44dee8c5fd496e5eb749f54d83d1397e -> 
  custom:scripting/monoscript/fileName/GoEaseQuadratic.cs: e3ed230c2d29b99c6f642587e4ad0e5d -> 
  custom:scripting/monoscript/fileName/MaterialColorTweenProperty.cs: f6d4ed9537ac95d7564838fa4e660e7d -> 
  custom:scripting/monoscript/fileName/GoEaseCircular.cs: 84a2009340e8431314db7056edf1bd68 -> 
  custom:scripting/monoscript/fileName/PositionPathTweenProperty.cs: efde40660de14fd7cd1ede2fa47e9837 -> 
  custom:video-encoder-webm-vp8: eb34c28f22e8b96e1ab97ce403110664 -> 
  custom:scripting/monoscript/fileName/FloatTweenProperty.cs: 48aea3a8bbe79ca6e0baa81dc186bdfd -> 
  custom:scripting/monoscript/fileName/GoTweenChain.cs: f9995827e6ddafabc43c1b0e0dcfd886 -> 
  custom:scripting/monoscript/fileName/GoTweenCollectionConfig.cs: 37c99bdc8dc674650bd69bc44bb2e57b -> 
  custom:audio-decoder-ogg-vorbis: bf7c407c2cedff20999df2af8eb42d56 -> 
  custom:scripting/monoscript/fileName/AbstractQuaternionTweenProperty.cs: 65ceda31db804ab1e0e34f0e48afa285 -> 
  custom:scripting/monoscript/fileName/AbstractColorTweenProperty.cs: bba0da230ed56fc0a25af92f6a3e377e -> 
  custom:scripting/monoscript/fileName/AbstractVector3TweenProperty.cs: 6aa4defef7531529f4ddc1516936e2e3 -> 
  custom:CustomObjectIndexerAttribute: 9a22284fe3817be447336de3de66b15e -> 
  custom:scripting/monoscript/fileName/Vector4TweenProperty.cs: 18bb73739ede80588b5bfadcee873907 -> 
  custom:scripting/monoscript/fileName/GoEaseBack.cs: 3f6e00793ada35f633abc2146480990e -> 
  custom:container-demuxer-webm: 4f35f7cbe854078d1ac9338744f61a02 -> 
  custom:scripting/monoscript/fileName/GoTweenConfig.cs: 5b3154c82824c20addf84e8652f51cfe -> 
  custom:scripting/monoscript/fileName/RotationQuaternionTweenProperty.cs: e0d94af0c913b0be4cd670833a2cda91 -> 
  custom:scripting/monoscript/fileName/GoTweenUtils.cs: 867d37edf69335bc6e54784197f28064 -> 
  custom:scripting/monoscript/fileName/GoSplineCubicBezierSolver.cs: 6d81419c64f7c334f4359254f1cbade0 -> 
  custom:audio-encoder-webm-vorbis: bf7c407c2cedff20999df2af8eb42d56 -> 
  custom:scripting/monoscript/fileName/ScalePathTweenProperty.cs: 816c1a788eca415c60d1b7e87fb103fe -> 
  custom:scripting/monoscript/fileName/GoEaseElastic.cs: f0cafb366ac4251d5c35fe413d3f62f6 -> 
  custom:scripting/monoscript/fileName/GoDummyPath.cs: a21201ab2fac2187e4faeaf08bb4ec90 -> 
  custom:scripting/monoscript/fileName/PositionTweenProperty.cs: e367a96b2cbc0b819bff5d0620f4b258 -> 
  custom:scripting/monoscript/fileName/Vector3TweenProperty.cs: 8e9f9d7bb7b15068d97f4d593f097c86 -> 
  custom:scripting/monoscript/fileName/AbstractGoTween.cs: 3bdc69e313ad58745cd33c4b74e6a709 -> 
  custom:scripting/monoscript/fileName/GoSplineStraightLineSolver.cs: b6a3907f2ead3ba9ac17ad3fdd121ec9 -> 
  custom:scripting/monoscript/fileName/AbstractGoTweenCollection.cs: 61d9f5f358696a7942516ed78ffe7e98 -> 
  custom:scripting/monoscript/fileName/Vector3PathTweenProperty.cs: 94848aa2e96060cfeaf83844ee158f0c -> 
  custom:scripting/monoscript/fileName/Vector3ZTweenProperty.cs: 35595634a87246c4e13691b1563178c5 -> 
  custom:scripting/monoscript/fileName/AbstractTweenProperty.cs: c71b2ece20cb4e1e30772e574c806625 -> 
  custom:container-muxer-webm: aa71ff27fc2769a1b78a27578f13a17b -> 
  custom:scripting/monoscript/fileName/AbstractGoSplineSolver.cs: 788a6b8052af6ee0371d3a464e692d1b -> 
  custom:scripting/monoscript/fileName/GoTween.cs: 4df5a8b9fefcbd8a2b5d6fe6223ee62f -> 
  custom:scripting/monoscript/fileName/RotationTweenProperty.cs: 13e7fbd741208cd89873755249a873a9 -> 
========================================================================
Received Prepare
Begin MonoManager ReloadAssembly
- Loaded All Assemblies, in  0.286 seconds
Refreshing native plugins compatible for Editor in 1.05 ms, found 1 plugins.
Native extension for WindowsStandalone target not found
Native extension for Android target not found
Mono: successfully reloaded assembly
- Finished resetting the current domain, in  0.374 seconds
Domain Reload Profiling: 661ms
	BeginReloadAssembly (109ms)
		ExecutionOrderSort (0ms)
		DisableScriptedObjects (4ms)
		BackupInstance (0ms)
		ReleaseScriptingObjects (0ms)
		CreateAndSetChildDomain (22ms)
	RebuildCommonClasses (24ms)
	RebuildNativeTypeToScriptingClass (10ms)
	initialDomainReloadingComplete (21ms)
	LoadAllAssembliesAndSetupDomain (122ms)
		LoadAssemblies (170ms)
		RebuildTransferFunctionScriptingTraits (0ms)
		AnalyzeDomain (12ms)
			TypeCache.Refresh (6ms)
				TypeCache.ScanAssembly (0ms)
			ScanForSourceGeneratedMonoScriptInfo (2ms)
			ResolveRequiredComponents (4ms)
	FinalizeReload (375ms)
		ReleaseScriptCaches (0ms)
		RebuildScriptCaches (0ms)
		SetupLoadedEditorAssemblies (189ms)
			LogAssemblyErrors (0ms)
			InitializePlatformSupportModulesInManaged (16ms)
			SetLoadedEditorAssemblies (2ms)
			RefreshPlugins (0ms)
			BeforeProcessingInitializeOnLoad (36ms)
			ProcessInitializeOnLoadAttributes (111ms)
			ProcessInitializeOnLoadMethodAttributes (21ms)
			AfterProcessingInitializeOnLoad (3ms)
			EditorAssembliesLoaded (0ms)
		ExecutionOrderSort2 (0ms)
		AwakeInstancesAfterBackupRestoration (7ms)
Refreshing native plugins compatible for Editor in 1.07 ms, found 1 plugins.
Preloading 0 native plugins for Editor in 0.00 ms.
Unloading 2320 Unused Serialized files (Serialized files now loaded: 0)
Unloading 21 unused Assets / (26.9 KB). Loaded Objects now: 2857.
Memory consumption went from 105.9 MB to 105.8 MB.
Total: 1.945000 ms (FindLiveObjects: 0.135700 ms CreateObjectMapping: 0.048800 ms MarkObjects: 1.723400 ms  DeleteObjects: 0.036400 ms)

Prepare: number of updated asset objects reloaded= 0
AssetImportParameters requested are different than current active one (requested -> active):
  custom:scripting/monoscript/fileName/GoSmoothedVector3.cs: 3a6ceb396859da913cbecdd1940e0aa2 -> 
  custom:scripting/monoscript/fileName/EulerAnglesTweenProperty.cs: 7a2321a8c63f28c3857aa33414a11270 -> 
  custom:video-decoder-webm-vp8: 9c59270c3fd7afecdb556c50c9e8de78 -> 
  custom:scripting/monoscript/fileName/IGenericProperty.cs: f404e27010d8ce1a25f7cc2ac06431ac -> 
  custom:scripting/monoscript/fileName/GoEaseSinusoidal.cs: e637d6b7456e2acd06dfd152f10b71d1 -> 
  custom:scripting/monoscript/fileName/GoSplineCatmullRomSolver.cs: 8bbd4e9dc2722b25540d14d500b88879 -> 
  custom:scripting/monoscript/fileName/IntTweenProperty.cs: 1f39418055dd7708ff3b9e75a86d93a1 -> 
  custom:scripting/monoscript/fileName/Vector3YTweenProperty.cs: 2b996e9222bddad772657bb084e9da48 -> 
  custom:scripting/monoscript/fileName/GoEaseQuintic.cs: 672086238d051af0856016e64ad97204 -> 
  custom:scripting/monoscript/fileName/GoEaseCubic.cs: 7d74fd43480e52f793e3086826193b77 -> 
  custom:SearchIndexIgnoredProperties: e643bd26f0fe6173181afceb89e7c659 -> 
  custom:scripting/monoscript/fileName/GoSmoothedQuaternion.cs: 92de95a3ce149743e526859a8d0255c5 -> 
  custom:container-demuxer-ogg: 62fdf1f143b41e24485cea50d1cbac27 -> 
  custom:AudioImporter_EditorPlatform: d09bf68614088b80899f8185d706f6e7 -> 
  custom:scripting/monoscript/fileName/ShakeTweenProperty.cs: fdb713005206085d3b49cdd6b2d15f80 -> 
  custom:scripting/monoscript/fileName/Vector2TweenProperty.cs: d7a25a544d56d947d9526019347f1f6e -> 
  custom:scripting/monoscript/fileName/GoKitTweenExtensions.cs: 28ee7421c4d34eb9c057646838e28859 -> 
  custom:scripting/monoscript/fileName/Vector3XTweenProperty.cs: 9592582ea2f541a8cf92ba7dd7dd85f2 -> 
  custom:scripting/monoscript/fileName/Go.cs: 840adb47e0f4be71eeea7168442feb7d -> 
  custom:scripting/monoscript/fileName/ColorTweenProperty.cs: 94ba4bee52d153d3fd58a82d4cf8ce0c -> 
  custom:scripting/monoscript/fileName/GoEaseLinear.cs: b690756fd76817f101a31dcd50ae4adc -> 
  custom:scripting/monoscript/fileName/GoEaseExponential.cs: 8f890ce1f0130e8014d1a219fa0d7904 -> 
  custom:scripting/monoscript/fileName/ScaleTweenProperty.cs: 068e501b322923caa36166fe86d472e5 -> 
  custom:video-decoder-ogg-theora: a1e56fd34408186e4bbccfd4996cb3dc -> 
  custom:scripting/monoscript/fileName/GoSpline.cs: 8039f73cfdc174dc6ffa15343c307f29 -> 
  custom:scripting/monoscript/fileName/GoTweenFlow.cs: ce7a11a1fb9e8397b83cab3847ba7970 -> 
  custom:scripting/monoscript/fileName/GoEaseQuartic.cs: d34853ce84f33fe9033901002d4ff793 -> 
  custom:framework-win-MediaFoundation: 216162199b28c13a410421893ffa2e32 -> 
  custom:scripting/monoscript/fileName/GoEaseBounce.cs: e71b365170d63025c159c4756b1910b2 -> 
  custom:scripting/monoscript/fileName/GoSplineQuadraticBezierSolver.cs: 44dee8c5fd496e5eb749f54d83d1397e -> 
  custom:scripting/monoscript/fileName/GoEaseQuadratic.cs: e3ed230c2d29b99c6f642587e4ad0e5d -> 
  custom:scripting/monoscript/fileName/MaterialColorTweenProperty.cs: f6d4ed9537ac95d7564838fa4e660e7d -> 
  custom:scripting/monoscript/fileName/GoEaseCircular.cs: 84a2009340e8431314db7056edf1bd68 -> 
  custom:scripting/monoscript/fileName/PositionPathTweenProperty.cs: efde40660de14fd7cd1ede2fa47e9837 -> 
  custom:video-encoder-webm-vp8: eb34c28f22e8b96e1ab97ce403110664 -> 
  custom:scripting/monoscript/fileName/FloatTweenProperty.cs: 48aea3a8bbe79ca6e0baa81dc186bdfd -> 
  custom:scripting/monoscript/fileName/GoTweenChain.cs: f9995827e6ddafabc43c1b0e0dcfd886 -> 
  custom:scripting/monoscript/fileName/GoTweenCollectionConfig.cs: 37c99bdc8dc674650bd69bc44bb2e57b -> 
  custom:audio-decoder-ogg-vorbis: bf7c407c2cedff20999df2af8eb42d56 -> 
  custom:scripting/monoscript/fileName/AbstractQuaternionTweenProperty.cs: 65ceda31db804ab1e0e34f0e48afa285 -> 
  custom:scripting/monoscript/fileName/AbstractColorTweenProperty.cs: bba0da230ed56fc0a25af92f6a3e377e -> 
  custom:scripting/monoscript/fileName/AbstractVector3TweenProperty.cs: 6aa4defef7531529f4ddc1516936e2e3 -> 
  custom:CustomObjectIndexerAttribute: 9a22284fe3817be447336de3de66b15e -> 
  custom:scripting/monoscript/fileName/Vector4TweenProperty.cs: 18bb73739ede80588b5bfadcee873907 -> 
  custom:scripting/monoscript/fileName/GoEaseBack.cs: 3f6e00793ada35f633abc2146480990e -> 
  custom:container-demuxer-webm: 4f35f7cbe854078d1ac9338744f61a02 -> 
  custom:scripting/monoscript/fileName/GoTweenConfig.cs: 5b3154c82824c20addf84e8652f51cfe -> 
  custom:scripting/monoscript/fileName/RotationQuaternionTweenProperty.cs: e0d94af0c913b0be4cd670833a2cda91 -> 
  custom:scripting/monoscript/fileName/GoTweenUtils.cs: 867d37edf69335bc6e54784197f28064 -> 
  custom:scripting/monoscript/fileName/GoSplineCubicBezierSolver.cs: 6d81419c64f7c334f4359254f1cbade0 -> 
  custom:audio-encoder-webm-vorbis: bf7c407c2cedff20999df2af8eb42d56 -> 
  custom:scripting/monoscript/fileName/ScalePathTweenProperty.cs: 816c1a788eca415c60d1b7e87fb103fe -> 
  custom:scripting/monoscript/fileName/GoEaseElastic.cs: f0cafb366ac4251d5c35fe413d3f62f6 -> 
  custom:scripting/monoscript/fileName/GoDummyPath.cs: a21201ab2fac2187e4faeaf08bb4ec90 -> 
  custom:scripting/monoscript/fileName/PositionTweenProperty.cs: e367a96b2cbc0b819bff5d0620f4b258 -> 
  custom:scripting/monoscript/fileName/Vector3TweenProperty.cs: 8e9f9d7bb7b15068d97f4d593f097c86 -> 
  custom:scripting/monoscript/fileName/AbstractGoTween.cs: 3bdc69e313ad58745cd33c4b74e6a709 -> 
  custom:scripting/monoscript/fileName/GoSplineStraightLineSolver.cs: b6a3907f2ead3ba9ac17ad3fdd121ec9 -> 
  custom:scripting/monoscript/fileName/AbstractGoTweenCollection.cs: 61d9f5f358696a7942516ed78ffe7e98 -> 
  custom:scripting/monoscript/fileName/Vector3PathTweenProperty.cs: 94848aa2e96060cfeaf83844ee158f0c -> 
  custom:scripting/monoscript/fileName/Vector3ZTweenProperty.cs: 35595634a87246c4e13691b1563178c5 -> 
  custom:scripting/monoscript/fileName/AbstractTweenProperty.cs: c71b2ece20cb4e1e30772e574c806625 -> 
  custom:container-muxer-webm: aa71ff27fc2769a1b78a27578f13a17b -> 
  custom:scripting/monoscript/fileName/AbstractGoSplineSolver.cs: 788a6b8052af6ee0371d3a464e692d1b -> 
  custom:scripting/monoscript/fileName/GoTween.cs: 4df5a8b9fefcbd8a2b5d6fe6223ee62f -> 
  custom:scripting/monoscript/fileName/RotationTweenProperty.cs: 13e7fbd741208cd89873755249a873a9 -> 
========================================================================
Received Prepare
Begin MonoManager ReloadAssembly
- Loaded All Assemblies, in  0.282 seconds
Refreshing native plugins compatible for Editor in 1.18 ms, found 1 plugins.
Native extension for WindowsStandalone target not found
Native extension for Android target not found
Mono: successfully reloaded assembly
- Finished resetting the current domain, in  0.349 seconds
Domain Reload Profiling: 631ms
	BeginReloadAssembly (111ms)
		ExecutionOrderSort (0ms)
		DisableScriptedObjects (4ms)
		BackupInstance (0ms)
		ReleaseScriptingObjects (0ms)
		CreateAndSetChildDomain (17ms)
	RebuildCommonClasses (22ms)
	RebuildNativeTypeToScriptingClass (8ms)
	initialDomainReloadingComplete (17ms)
	LoadAllAssembliesAndSetupDomain (124ms)
		LoadAssemblies (182ms)
		RebuildTransferFunctionScriptingTraits (0ms)
		AnalyzeDomain (9ms)
			TypeCache.Refresh (4ms)
				TypeCache.ScanAssembly (0ms)
			ScanForSourceGeneratedMonoScriptInfo (0ms)
			ResolveRequiredComponents (4ms)
	FinalizeReload (349ms)
		ReleaseScriptCaches (0ms)
		RebuildScriptCaches (0ms)
		SetupLoadedEditorAssemblies (173ms)
			LogAssemblyErrors (0ms)
			InitializePlatformSupportModulesInManaged (16ms)
			SetLoadedEditorAssemblies (2ms)
			RefreshPlugins (0ms)
			BeforeProcessingInitializeOnLoad (34ms)
			ProcessInitializeOnLoadAttributes (103ms)
			ProcessInitializeOnLoadMethodAttributes (16ms)
			AfterProcessingInitializeOnLoad (2ms)
			EditorAssembliesLoaded (0ms)
		ExecutionOrderSort2 (0ms)
		AwakeInstancesAfterBackupRestoration (4ms)
Refreshing native plugins compatible for Editor in 1.40 ms, found 1 plugins.
Preloading 0 native plugins for Editor in 0.00 ms.
Unloading 2320 Unused Serialized files (Serialized files now loaded: 0)
Unloading 21 unused Assets / (27.0 KB). Loaded Objects now: 2860.
Memory consumption went from 105.9 MB to 105.8 MB.
Total: 1.794400 ms (FindLiveObjects: 0.141600 ms CreateObjectMapping: 0.071800 ms MarkObjects: 1.547600 ms  DeleteObjects: 0.032800 ms)

Prepare: number of updated asset objects reloaded= 0
AssetImportParameters requested are different than current active one (requested -> active):
  custom:scripting/monoscript/fileName/GoSmoothedVector3.cs: 3a6ceb396859da913cbecdd1940e0aa2 -> 
  custom:scripting/monoscript/fileName/EulerAnglesTweenProperty.cs: 7a2321a8c63f28c3857aa33414a11270 -> 
  custom:video-decoder-webm-vp8: 9c59270c3fd7afecdb556c50c9e8de78 -> 
  custom:scripting/monoscript/fileName/IGenericProperty.cs: f404e27010d8ce1a25f7cc2ac06431ac -> 
  custom:scripting/monoscript/fileName/GoEaseSinusoidal.cs: e637d6b7456e2acd06dfd152f10b71d1 -> 
  custom:scripting/monoscript/fileName/GoSplineCatmullRomSolver.cs: 8bbd4e9dc2722b25540d14d500b88879 -> 
  custom:scripting/monoscript/fileName/IntTweenProperty.cs: 1f39418055dd7708ff3b9e75a86d93a1 -> 
  custom:scripting/monoscript/fileName/Vector3YTweenProperty.cs: 2b996e9222bddad772657bb084e9da48 -> 
  custom:scripting/monoscript/fileName/GoEaseQuintic.cs: 672086238d051af0856016e64ad97204 -> 
  custom:scripting/monoscript/fileName/GoEaseCubic.cs: 7d74fd43480e52f793e3086826193b77 -> 
  custom:SearchIndexIgnoredProperties: e643bd26f0fe6173181afceb89e7c659 -> 
  custom:scripting/monoscript/fileName/GoSmoothedQuaternion.cs: 92de95a3ce149743e526859a8d0255c5 -> 
  custom:container-demuxer-ogg: 62fdf1f143b41e24485cea50d1cbac27 -> 
  custom:AudioImporter_EditorPlatform: d09bf68614088b80899f8185d706f6e7 -> 
  custom:scripting/monoscript/fileName/ShakeTweenProperty.cs: fdb713005206085d3b49cdd6b2d15f80 -> 
  custom:scripting/monoscript/fileName/Vector2TweenProperty.cs: d7a25a544d56d947d9526019347f1f6e -> 
  custom:scripting/monoscript/fileName/GoKitTweenExtensions.cs: 28ee7421c4d34eb9c057646838e28859 -> 
  custom:scripting/monoscript/fileName/Vector3XTweenProperty.cs: 9592582ea2f541a8cf92ba7dd7dd85f2 -> 
  custom:scripting/monoscript/fileName/Go.cs: 840adb47e0f4be71eeea7168442feb7d -> 
  custom:scripting/monoscript/fileName/ColorTweenProperty.cs: 94ba4bee52d153d3fd58a82d4cf8ce0c -> 
  custom:scripting/monoscript/fileName/GoEaseLinear.cs: b690756fd76817f101a31dcd50ae4adc -> 
  custom:scripting/monoscript/fileName/GoEaseExponential.cs: 8f890ce1f0130e8014d1a219fa0d7904 -> 
  custom:scripting/monoscript/fileName/ScaleTweenProperty.cs: 068e501b322923caa36166fe86d472e5 -> 
  custom:video-decoder-ogg-theora: a1e56fd34408186e4bbccfd4996cb3dc -> 
  custom:scripting/monoscript/fileName/GoSpline.cs: 8039f73cfdc174dc6ffa15343c307f29 -> 
  custom:scripting/monoscript/fileName/GoTweenFlow.cs: ce7a11a1fb9e8397b83cab3847ba7970 -> 
  custom:scripting/monoscript/fileName/GoEaseQuartic.cs: d34853ce84f33fe9033901002d4ff793 -> 
  custom:framework-win-MediaFoundation: 216162199b28c13a410421893ffa2e32 -> 
  custom:scripting/monoscript/fileName/GoEaseBounce.cs: e71b365170d63025c159c4756b1910b2 -> 
  custom:scripting/monoscript/fileName/GoSplineQuadraticBezierSolver.cs: 44dee8c5fd496e5eb749f54d83d1397e -> 
  custom:scripting/monoscript/fileName/GoEaseQuadratic.cs: e3ed230c2d29b99c6f642587e4ad0e5d -> 
  custom:scripting/monoscript/fileName/MaterialColorTweenProperty.cs: f6d4ed9537ac95d7564838fa4e660e7d -> 
  custom:scripting/monoscript/fileName/GoEaseCircular.cs: 84a2009340e8431314db7056edf1bd68 -> 
  custom:scripting/monoscript/fileName/PositionPathTweenProperty.cs: efde40660de14fd7cd1ede2fa47e9837 -> 
  custom:video-encoder-webm-vp8: eb34c28f22e8b96e1ab97ce403110664 -> 
  custom:scripting/monoscript/fileName/FloatTweenProperty.cs: 48aea3a8bbe79ca6e0baa81dc186bdfd -> 
  custom:scripting/monoscript/fileName/GoTweenChain.cs: f9995827e6ddafabc43c1b0e0dcfd886 -> 
  custom:scripting/monoscript/fileName/GoTweenCollectionConfig.cs: 37c99bdc8dc674650bd69bc44bb2e57b -> 
  custom:audio-decoder-ogg-vorbis: bf7c407c2cedff20999df2af8eb42d56 -> 
  custom:scripting/monoscript/fileName/AbstractQuaternionTweenProperty.cs: 65ceda31db804ab1e0e34f0e48afa285 -> 
  custom:scripting/monoscript/fileName/AbstractColorTweenProperty.cs: bba0da230ed56fc0a25af92f6a3e377e -> 
  custom:scripting/monoscript/fileName/AbstractVector3TweenProperty.cs: 6aa4defef7531529f4ddc1516936e2e3 -> 
  custom:CustomObjectIndexerAttribute: 9a22284fe3817be447336de3de66b15e -> 
  custom:scripting/monoscript/fileName/Vector4TweenProperty.cs: 18bb73739ede80588b5bfadcee873907 -> 
  custom:scripting/monoscript/fileName/GoEaseBack.cs: 3f6e00793ada35f633abc2146480990e -> 
  custom:container-demuxer-webm: 4f35f7cbe854078d1ac9338744f61a02 -> 
  custom:scripting/monoscript/fileName/GoTweenConfig.cs: 5b3154c82824c20addf84e8652f51cfe -> 
  custom:scripting/monoscript/fileName/RotationQuaternionTweenProperty.cs: e0d94af0c913b0be4cd670833a2cda91 -> 
  custom:scripting/monoscript/fileName/GoTweenUtils.cs: 867d37edf69335bc6e54784197f28064 -> 
  custom:scripting/monoscript/fileName/GoSplineCubicBezierSolver.cs: 6d81419c64f7c334f4359254f1cbade0 -> 
  custom:audio-encoder-webm-vorbis: bf7c407c2cedff20999df2af8eb42d56 -> 
  custom:scripting/monoscript/fileName/ScalePathTweenProperty.cs: 816c1a788eca415c60d1b7e87fb103fe -> 
  custom:scripting/monoscript/fileName/GoEaseElastic.cs: f0cafb366ac4251d5c35fe413d3f62f6 -> 
  custom:scripting/monoscript/fileName/GoDummyPath.cs: a21201ab2fac2187e4faeaf08bb4ec90 -> 
  custom:scripting/monoscript/fileName/PositionTweenProperty.cs: e367a96b2cbc0b819bff5d0620f4b258 -> 
  custom:scripting/monoscript/fileName/Vector3TweenProperty.cs: 8e9f9d7bb7b15068d97f4d593f097c86 -> 
  custom:scripting/monoscript/fileName/AbstractGoTween.cs: 3bdc69e313ad58745cd33c4b74e6a709 -> 
  custom:scripting/monoscript/fileName/GoSplineStraightLineSolver.cs: b6a3907f2ead3ba9ac17ad3fdd121ec9 -> 
  custom:scripting/monoscript/fileName/AbstractGoTweenCollection.cs: 61d9f5f358696a7942516ed78ffe7e98 -> 
  custom:scripting/monoscript/fileName/Vector3PathTweenProperty.cs: 94848aa2e96060cfeaf83844ee158f0c -> 
  custom:scripting/monoscript/fileName/Vector3ZTweenProperty.cs: 35595634a87246c4e13691b1563178c5 -> 
  custom:scripting/monoscript/fileName/AbstractTweenProperty.cs: c71b2ece20cb4e1e30772e574c806625 -> 
  custom:container-muxer-webm: aa71ff27fc2769a1b78a27578f13a17b -> 
  custom:scripting/monoscript/fileName/AbstractGoSplineSolver.cs: 788a6b8052af6ee0371d3a464e692d1b -> 
  custom:scripting/monoscript/fileName/GoTween.cs: 4df5a8b9fefcbd8a2b5d6fe6223ee62f -> 
  custom:scripting/monoscript/fileName/RotationTweenProperty.cs: 13e7fbd741208cd89873755249a873a9 -> 
========================================================================
Received Prepare
Begin MonoManager ReloadAssembly
- Loaded All Assemblies, in  0.275 seconds
Refreshing native plugins compatible for Editor in 1.11 ms, found 1 plugins.
Native extension for WindowsStandalone target not found
Native extension for Android target not found
Mono: successfully reloaded assembly
- Finished resetting the current domain, in  0.358 seconds
Domain Reload Profiling: 632ms
	BeginReloadAssembly (103ms)
		ExecutionOrderSort (0ms)
		DisableScriptedObjects (4ms)
		BackupInstance (0ms)
		ReleaseScriptingObjects (0ms)
		CreateAndSetChildDomain (17ms)
	RebuildCommonClasses (24ms)
	RebuildNativeTypeToScriptingClass (9ms)
	initialDomainReloadingComplete (20ms)
	LoadAllAssembliesAndSetupDomain (119ms)
		LoadAssemblies (169ms)
		RebuildTransferFunctionScriptingTraits (0ms)
		AnalyzeDomain (8ms)
			TypeCache.Refresh (4ms)
				TypeCache.ScanAssembly (0ms)
			ScanForSourceGeneratedMonoScriptInfo (0ms)
			ResolveRequiredComponents (4ms)
	FinalizeReload (358ms)
		ReleaseScriptCaches (0ms)
		RebuildScriptCaches (0ms)
		SetupLoadedEditorAssemblies (184ms)
			LogAssemblyErrors (0ms)
			InitializePlatformSupportModulesInManaged (16ms)
			SetLoadedEditorAssemblies (2ms)
			RefreshPlugins (0ms)
			BeforeProcessingInitializeOnLoad (37ms)
			ProcessInitializeOnLoadAttributes (112ms)
			ProcessInitializeOnLoadMethodAttributes (15ms)
			AfterProcessingInitializeOnLoad (2ms)
			EditorAssembliesLoaded (0ms)
		ExecutionOrderSort2 (0ms)
		AwakeInstancesAfterBackupRestoration (5ms)
Refreshing native plugins compatible for Editor in 1.04 ms, found 1 plugins.
Preloading 0 native plugins for Editor in 0.00 ms.
Unloading 2320 Unused Serialized files (Serialized files now loaded: 0)
Unloading 21 unused Assets / (27.0 KB). Loaded Objects now: 2863.
Memory consumption went from 105.9 MB to 105.9 MB.
Total: 1.969000 ms (FindLiveObjects: 0.160600 ms CreateObjectMapping: 0.056900 ms MarkObjects: 1.717500 ms  DeleteObjects: 0.033400 ms)

Prepare: number of updated asset objects reloaded= 0
AssetImportParameters requested are different than current active one (requested -> active):
  custom:scripting/monoscript/fileName/GoSmoothedVector3.cs: 3a6ceb396859da913cbecdd1940e0aa2 -> 
  custom:scripting/monoscript/fileName/EulerAnglesTweenProperty.cs: 7a2321a8c63f28c3857aa33414a11270 -> 
  custom:video-decoder-webm-vp8: 9c59270c3fd7afecdb556c50c9e8de78 -> 
  custom:scripting/monoscript/fileName/IGenericProperty.cs: f404e27010d8ce1a25f7cc2ac06431ac -> 
  custom:scripting/monoscript/fileName/GoEaseSinusoidal.cs: e637d6b7456e2acd06dfd152f10b71d1 -> 
  custom:scripting/monoscript/fileName/GoSplineCatmullRomSolver.cs: 8bbd4e9dc2722b25540d14d500b88879 -> 
  custom:scripting/monoscript/fileName/IntTweenProperty.cs: 1f39418055dd7708ff3b9e75a86d93a1 -> 
  custom:scripting/monoscript/fileName/Vector3YTweenProperty.cs: 2b996e9222bddad772657bb084e9da48 -> 
  custom:scripting/monoscript/fileName/GoEaseQuintic.cs: 672086238d051af0856016e64ad97204 -> 
  custom:scripting/monoscript/fileName/GoEaseCubic.cs: 7d74fd43480e52f793e3086826193b77 -> 
  custom:SearchIndexIgnoredProperties: e643bd26f0fe6173181afceb89e7c659 -> 
  custom:scripting/monoscript/fileName/GoSmoothedQuaternion.cs: 92de95a3ce149743e526859a8d0255c5 -> 
  custom:container-demuxer-ogg: 62fdf1f143b41e24485cea50d1cbac27 -> 
  custom:AudioImporter_EditorPlatform: d09bf68614088b80899f8185d706f6e7 -> 
  custom:scripting/monoscript/fileName/ShakeTweenProperty.cs: fdb713005206085d3b49cdd6b2d15f80 -> 
  custom:scripting/monoscript/fileName/Vector2TweenProperty.cs: d7a25a544d56d947d9526019347f1f6e -> 
  custom:scripting/monoscript/fileName/GoKitTweenExtensions.cs: 28ee7421c4d34eb9c057646838e28859 -> 
  custom:scripting/monoscript/fileName/Vector3XTweenProperty.cs: 9592582ea2f541a8cf92ba7dd7dd85f2 -> 
  custom:scripting/monoscript/fileName/Go.cs: 840adb47e0f4be71eeea7168442feb7d -> 
  custom:scripting/monoscript/fileName/ColorTweenProperty.cs: 94ba4bee52d153d3fd58a82d4cf8ce0c -> 
  custom:scripting/monoscript/fileName/GoEaseLinear.cs: b690756fd76817f101a31dcd50ae4adc -> 
  custom:scripting/monoscript/fileName/GoEaseExponential.cs: 8f890ce1f0130e8014d1a219fa0d7904 -> 
  custom:scripting/monoscript/fileName/ScaleTweenProperty.cs: 068e501b322923caa36166fe86d472e5 -> 
  custom:video-decoder-ogg-theora: a1e56fd34408186e4bbccfd4996cb3dc -> 
  custom:scripting/monoscript/fileName/GoSpline.cs: 8039f73cfdc174dc6ffa15343c307f29 -> 
  custom:scripting/monoscript/fileName/GoTweenFlow.cs: ce7a11a1fb9e8397b83cab3847ba7970 -> 
  custom:scripting/monoscript/fileName/GoEaseQuartic.cs: d34853ce84f33fe9033901002d4ff793 -> 
  custom:framework-win-MediaFoundation: 216162199b28c13a410421893ffa2e32 -> 
  custom:scripting/monoscript/fileName/GoEaseBounce.cs: e71b365170d63025c159c4756b1910b2 -> 
  custom:scripting/monoscript/fileName/GoSplineQuadraticBezierSolver.cs: 44dee8c5fd496e5eb749f54d83d1397e -> 
  custom:scripting/monoscript/fileName/GoEaseQuadratic.cs: e3ed230c2d29b99c6f642587e4ad0e5d -> 
  custom:scripting/monoscript/fileName/MaterialColorTweenProperty.cs: f6d4ed9537ac95d7564838fa4e660e7d -> 
  custom:scripting/monoscript/fileName/GoEaseCircular.cs: 84a2009340e8431314db7056edf1bd68 -> 
  custom:scripting/monoscript/fileName/PositionPathTweenProperty.cs: efde40660de14fd7cd1ede2fa47e9837 -> 
  custom:video-encoder-webm-vp8: eb34c28f22e8b96e1ab97ce403110664 -> 
  custom:scripting/monoscript/fileName/FloatTweenProperty.cs: 48aea3a8bbe79ca6e0baa81dc186bdfd -> 
  custom:scripting/monoscript/fileName/GoTweenChain.cs: f9995827e6ddafabc43c1b0e0dcfd886 -> 
  custom:scripting/monoscript/fileName/GoTweenCollectionConfig.cs: 37c99bdc8dc674650bd69bc44bb2e57b -> 
  custom:audio-decoder-ogg-vorbis: bf7c407c2cedff20999df2af8eb42d56 -> 
  custom:scripting/monoscript/fileName/AbstractQuaternionTweenProperty.cs: 65ceda31db804ab1e0e34f0e48afa285 -> 
  custom:scripting/monoscript/fileName/AbstractColorTweenProperty.cs: bba0da230ed56fc0a25af92f6a3e377e -> 
  custom:scripting/monoscript/fileName/AbstractVector3TweenProperty.cs: 6aa4defef7531529f4ddc1516936e2e3 -> 
  custom:CustomObjectIndexerAttribute: 9a22284fe3817be447336de3de66b15e -> 
  custom:scripting/monoscript/fileName/Vector4TweenProperty.cs: 18bb73739ede80588b5bfadcee873907 -> 
  custom:scripting/monoscript/fileName/GoEaseBack.cs: 3f6e00793ada35f633abc2146480990e -> 
  custom:container-demuxer-webm: 4f35f7cbe854078d1ac9338744f61a02 -> 
  custom:scripting/monoscript/fileName/GoTweenConfig.cs: 5b3154c82824c20addf84e8652f51cfe -> 
  custom:scripting/monoscript/fileName/RotationQuaternionTweenProperty.cs: e0d94af0c913b0be4cd670833a2cda91 -> 
  custom:scripting/monoscript/fileName/GoTweenUtils.cs: 867d37edf69335bc6e54784197f28064 -> 
  custom:scripting/monoscript/fileName/GoSplineCubicBezierSolver.cs: 6d81419c64f7c334f4359254f1cbade0 -> 
  custom:audio-encoder-webm-vorbis: bf7c407c2cedff20999df2af8eb42d56 -> 
  custom:scripting/monoscript/fileName/ScalePathTweenProperty.cs: 816c1a788eca415c60d1b7e87fb103fe -> 
  custom:scripting/monoscript/fileName/GoEaseElastic.cs: f0cafb366ac4251d5c35fe413d3f62f6 -> 
  custom:scripting/monoscript/fileName/GoDummyPath.cs: a21201ab2fac2187e4faeaf08bb4ec90 -> 
  custom:scripting/monoscript/fileName/PositionTweenProperty.cs: e367a96b2cbc0b819bff5d0620f4b258 -> 
  custom:scripting/monoscript/fileName/Vector3TweenProperty.cs: 8e9f9d7bb7b15068d97f4d593f097c86 -> 
  custom:scripting/monoscript/fileName/AbstractGoTween.cs: 3bdc69e313ad58745cd33c4b74e6a709 -> 
  custom:scripting/monoscript/fileName/GoSplineStraightLineSolver.cs: b6a3907f2ead3ba9ac17ad3fdd121ec9 -> 
  custom:scripting/monoscript/fileName/AbstractGoTweenCollection.cs: 61d9f5f358696a7942516ed78ffe7e98 -> 
  custom:scripting/monoscript/fileName/Vector3PathTweenProperty.cs: 94848aa2e96060cfeaf83844ee158f0c -> 
  custom:scripting/monoscript/fileName/Vector3ZTweenProperty.cs: 35595634a87246c4e13691b1563178c5 -> 
  custom:scripting/monoscript/fileName/AbstractTweenProperty.cs: c71b2ece20cb4e1e30772e574c806625 -> 
  custom:container-muxer-webm: aa71ff27fc2769a1b78a27578f13a17b -> 
  custom:scripting/monoscript/fileName/AbstractGoSplineSolver.cs: 788a6b8052af6ee0371d3a464e692d1b -> 
  custom:scripting/monoscript/fileName/GoTween.cs: 4df5a8b9fefcbd8a2b5d6fe6223ee62f -> 
  custom:scripting/monoscript/fileName/RotationTweenProperty.cs: 13e7fbd741208cd89873755249a873a9 -> 
========================================================================
Received Prepare
Begin MonoManager ReloadAssembly
- Loaded All Assemblies, in  0.269 seconds
Refreshing native plugins compatible for Editor in 1.63 ms, found 1 plugins.
Native extension for WindowsStandalone target not found
Native extension for Android target not found
Mono: successfully reloaded assembly
- Finished resetting the current domain, in  0.364 seconds
Domain Reload Profiling: 633ms
	BeginReloadAssembly (102ms)
		ExecutionOrderSort (0ms)
		DisableScriptedObjects (4ms)
		BackupInstance (0ms)
		ReleaseScriptingObjects (0ms)
		CreateAndSetChildDomain (16ms)
	RebuildCommonClasses (22ms)
	RebuildNativeTypeToScriptingClass (8ms)
	initialDomainReloadingComplete (17ms)
	LoadAllAssembliesAndSetupDomain (120ms)
		LoadAssemblies (169ms)
		RebuildTransferFunctionScriptingTraits (0ms)
		AnalyzeDomain (9ms)
			TypeCache.Refresh (4ms)
				TypeCache.ScanAssembly (0ms)
			ScanForSourceGeneratedMonoScriptInfo (0ms)
			ResolveRequiredComponents (4ms)
	FinalizeReload (364ms)
		ReleaseScriptCaches (0ms)
		RebuildScriptCaches (0ms)
		SetupLoadedEditorAssemblies (182ms)
			LogAssemblyErrors (0ms)
			InitializePlatformSupportModulesInManaged (16ms)
			SetLoadedEditorAssemblies (2ms)
			RefreshPlugins (0ms)
			BeforeProcessingInitializeOnLoad (36ms)
			ProcessInitializeOnLoadAttributes (111ms)
			ProcessInitializeOnLoadMethodAttributes (16ms)
			AfterProcessingInitializeOnLoad (2ms)
			EditorAssembliesLoaded (0ms)
		ExecutionOrderSort2 (0ms)
		AwakeInstancesAfterBackupRestoration (5ms)
Refreshing native plugins compatible for Editor in 1.16 ms, found 1 plugins.
Preloading 0 native plugins for Editor in 0.00 ms.
Unloading 2320 Unused Serialized files (Serialized files now loaded: 0)
Unloading 21 unused Assets / (26.9 KB). Loaded Objects now: 2866.
Memory consumption went from 105.9 MB to 105.9 MB.
Total: 1.845800 ms (FindLiveObjects: 0.138600 ms CreateObjectMapping: 0.050700 ms MarkObjects: 1.620900 ms  DeleteObjects: 0.034900 ms)

Prepare: number of updated asset objects reloaded= 0
AssetImportParameters requested are different than current active one (requested -> active):
  custom:scripting/monoscript/fileName/GoSmoothedVector3.cs: 3a6ceb396859da913cbecdd1940e0aa2 -> 
  custom:scripting/monoscript/fileName/EulerAnglesTweenProperty.cs: 7a2321a8c63f28c3857aa33414a11270 -> 
  custom:video-decoder-webm-vp8: 9c59270c3fd7afecdb556c50c9e8de78 -> 
  custom:scripting/monoscript/fileName/IGenericProperty.cs: f404e27010d8ce1a25f7cc2ac06431ac -> 
  custom:scripting/monoscript/fileName/GoEaseSinusoidal.cs: e637d6b7456e2acd06dfd152f10b71d1 -> 
  custom:scripting/monoscript/fileName/GoSplineCatmullRomSolver.cs: 8bbd4e9dc2722b25540d14d500b88879 -> 
  custom:scripting/monoscript/fileName/IntTweenProperty.cs: 1f39418055dd7708ff3b9e75a86d93a1 -> 
  custom:scripting/monoscript/fileName/Vector3YTweenProperty.cs: 2b996e9222bddad772657bb084e9da48 -> 
  custom:scripting/monoscript/fileName/GoEaseQuintic.cs: 672086238d051af0856016e64ad97204 -> 
  custom:scripting/monoscript/fileName/GoEaseCubic.cs: 7d74fd43480e52f793e3086826193b77 -> 
  custom:SearchIndexIgnoredProperties: e643bd26f0fe6173181afceb89e7c659 -> 
  custom:scripting/monoscript/fileName/GoSmoothedQuaternion.cs: 92de95a3ce149743e526859a8d0255c5 -> 
  custom:container-demuxer-ogg: 62fdf1f143b41e24485cea50d1cbac27 -> 
  custom:AudioImporter_EditorPlatform: d09bf68614088b80899f8185d706f6e7 -> 
  custom:scripting/monoscript/fileName/ShakeTweenProperty.cs: fdb713005206085d3b49cdd6b2d15f80 -> 
  custom:scripting/monoscript/fileName/Vector2TweenProperty.cs: d7a25a544d56d947d9526019347f1f6e -> 
  custom:scripting/monoscript/fileName/GoKitTweenExtensions.cs: 28ee7421c4d34eb9c057646838e28859 -> 
  custom:scripting/monoscript/fileName/Vector3XTweenProperty.cs: 9592582ea2f541a8cf92ba7dd7dd85f2 -> 
  custom:scripting/monoscript/fileName/Go.cs: 840adb47e0f4be71eeea7168442feb7d -> 
  custom:scripting/monoscript/fileName/ColorTweenProperty.cs: 94ba4bee52d153d3fd58a82d4cf8ce0c -> 
  custom:scripting/monoscript/fileName/GoEaseLinear.cs: b690756fd76817f101a31dcd50ae4adc -> 
  custom:scripting/monoscript/fileName/GoEaseExponential.cs: 8f890ce1f0130e8014d1a219fa0d7904 -> 
  custom:scripting/monoscript/fileName/ScaleTweenProperty.cs: 068e501b322923caa36166fe86d472e5 -> 
  custom:video-decoder-ogg-theora: a1e56fd34408186e4bbccfd4996cb3dc -> 
  custom:scripting/monoscript/fileName/GoSpline.cs: 8039f73cfdc174dc6ffa15343c307f29 -> 
  custom:scripting/monoscript/fileName/GoTweenFlow.cs: ce7a11a1fb9e8397b83cab3847ba7970 -> 
  custom:scripting/monoscript/fileName/GoEaseQuartic.cs: d34853ce84f33fe9033901002d4ff793 -> 
  custom:framework-win-MediaFoundation: 216162199b28c13a410421893ffa2e32 -> 
  custom:scripting/monoscript/fileName/GoEaseBounce.cs: e71b365170d63025c159c4756b1910b2 -> 
  custom:scripting/monoscript/fileName/GoSplineQuadraticBezierSolver.cs: 44dee8c5fd496e5eb749f54d83d1397e -> 
  custom:scripting/monoscript/fileName/GoEaseQuadratic.cs: e3ed230c2d29b99c6f642587e4ad0e5d -> 
  custom:scripting/monoscript/fileName/MaterialColorTweenProperty.cs: f6d4ed9537ac95d7564838fa4e660e7d -> 
  custom:scripting/monoscript/fileName/GoEaseCircular.cs: 84a2009340e8431314db7056edf1bd68 -> 
  custom:scripting/monoscript/fileName/PositionPathTweenProperty.cs: efde40660de14fd7cd1ede2fa47e9837 -> 
  custom:video-encoder-webm-vp8: eb34c28f22e8b96e1ab97ce403110664 -> 
  custom:scripting/monoscript/fileName/FloatTweenProperty.cs: 48aea3a8bbe79ca6e0baa81dc186bdfd -> 
  custom:scripting/monoscript/fileName/GoTweenChain.cs: f9995827e6ddafabc43c1b0e0dcfd886 -> 
  custom:scripting/monoscript/fileName/GoTweenCollectionConfig.cs: 37c99bdc8dc674650bd69bc44bb2e57b -> 
  custom:audio-decoder-ogg-vorbis: bf7c407c2cedff20999df2af8eb42d56 -> 
  custom:scripting/monoscript/fileName/AbstractQuaternionTweenProperty.cs: 65ceda31db804ab1e0e34f0e48afa285 -> 
  custom:scripting/monoscript/fileName/AbstractColorTweenProperty.cs: bba0da230ed56fc0a25af92f6a3e377e -> 
  custom:scripting/monoscript/fileName/AbstractVector3TweenProperty.cs: 6aa4defef7531529f4ddc1516936e2e3 -> 
  custom:CustomObjectIndexerAttribute: 9a22284fe3817be447336de3de66b15e -> 
  custom:scripting/monoscript/fileName/Vector4TweenProperty.cs: 18bb73739ede80588b5bfadcee873907 -> 
  custom:scripting/monoscript/fileName/GoEaseBack.cs: 3f6e00793ada35f633abc2146480990e -> 
  custom:container-demuxer-webm: 4f35f7cbe854078d1ac9338744f61a02 -> 
  custom:scripting/monoscript/fileName/GoTweenConfig.cs: 5b3154c82824c20addf84e8652f51cfe -> 
  custom:scripting/monoscript/fileName/RotationQuaternionTweenProperty.cs: e0d94af0c913b0be4cd670833a2cda91 -> 
  custom:scripting/monoscript/fileName/GoTweenUtils.cs: 867d37edf69335bc6e54784197f28064 -> 
  custom:scripting/monoscript/fileName/GoSplineCubicBezierSolver.cs: 6d81419c64f7c334f4359254f1cbade0 -> 
  custom:audio-encoder-webm-vorbis: bf7c407c2cedff20999df2af8eb42d56 -> 
  custom:scripting/monoscript/fileName/ScalePathTweenProperty.cs: 816c1a788eca415c60d1b7e87fb103fe -> 
  custom:scripting/monoscript/fileName/GoEaseElastic.cs: f0cafb366ac4251d5c35fe413d3f62f6 -> 
  custom:scripting/monoscript/fileName/GoDummyPath.cs: a21201ab2fac2187e4faeaf08bb4ec90 -> 
  custom:scripting/monoscript/fileName/PositionTweenProperty.cs: e367a96b2cbc0b819bff5d0620f4b258 -> 
  custom:scripting/monoscript/fileName/Vector3TweenProperty.cs: 8e9f9d7bb7b15068d97f4d593f097c86 -> 
  custom:scripting/monoscript/fileName/AbstractGoTween.cs: 3bdc69e313ad58745cd33c4b74e6a709 -> 
  custom:scripting/monoscript/fileName/GoSplineStraightLineSolver.cs: b6a3907f2ead3ba9ac17ad3fdd121ec9 -> 
  custom:scripting/monoscript/fileName/AbstractGoTweenCollection.cs: 61d9f5f358696a7942516ed78ffe7e98 -> 
  custom:scripting/monoscript/fileName/Vector3PathTweenProperty.cs: 94848aa2e96060cfeaf83844ee158f0c -> 
  custom:scripting/monoscript/fileName/Vector3ZTweenProperty.cs: 35595634a87246c4e13691b1563178c5 -> 
  custom:scripting/monoscript/fileName/AbstractTweenProperty.cs: c71b2ece20cb4e1e30772e574c806625 -> 
  custom:container-muxer-webm: aa71ff27fc2769a1b78a27578f13a17b -> 
  custom:scripting/monoscript/fileName/AbstractGoSplineSolver.cs: 788a6b8052af6ee0371d3a464e692d1b -> 
  custom:scripting/monoscript/fileName/GoTween.cs: 4df5a8b9fefcbd8a2b5d6fe6223ee62f -> 
  custom:scripting/monoscript/fileName/RotationTweenProperty.cs: 13e7fbd741208cd89873755249a873a9 -> 
========================================================================
Received Prepare
Begin MonoManager ReloadAssembly
- Loaded All Assemblies, in  0.277 seconds
Refreshing native plugins compatible for Editor in 0.97 ms, found 1 plugins.
Native extension for WindowsStandalone target not found
Native extension for Android target not found
Mono: successfully reloaded assembly
- Finished resetting the current domain, in  0.372 seconds
Domain Reload Profiling: 649ms
	BeginReloadAssembly (103ms)
		ExecutionOrderSort (0ms)
		DisableScriptedObjects (4ms)
		BackupInstance (0ms)
		ReleaseScriptingObjects (0ms)
		CreateAndSetChildDomain (17ms)
	RebuildCommonClasses (23ms)
	RebuildNativeTypeToScriptingClass (8ms)
	initialDomainReloadingComplete (18ms)
	LoadAllAssembliesAndSetupDomain (124ms)
		LoadAssemblies (174ms)
		RebuildTransferFunctionScriptingTraits (0ms)
		AnalyzeDomain (9ms)
			TypeCache.Refresh (4ms)
				TypeCache.ScanAssembly (0ms)
			ScanForSourceGeneratedMonoScriptInfo (0ms)
			ResolveRequiredComponents (5ms)
	FinalizeReload (373ms)
		ReleaseScriptCaches (0ms)
		RebuildScriptCaches (0ms)
		SetupLoadedEditorAssemblies (179ms)
			LogAssemblyErrors (0ms)
			InitializePlatformSupportModulesInManaged (16ms)
			SetLoadedEditorAssemblies (3ms)
			RefreshPlugins (0ms)
			BeforeProcessingInitializeOnLoad (37ms)
			ProcessInitializeOnLoadAttributes (107ms)
			ProcessInitializeOnLoadMethodAttributes (15ms)
			AfterProcessingInitializeOnLoad (2ms)
			EditorAssembliesLoaded (0ms)
		ExecutionOrderSort2 (0ms)
		AwakeInstancesAfterBackupRestoration (5ms)
Refreshing native plugins compatible for Editor in 1.41 ms, found 1 plugins.
Preloading 0 native plugins for Editor in 0.00 ms.
Unloading 2320 Unused Serialized files (Serialized files now loaded: 0)
Unloading 21 unused Assets / (26.9 KB). Loaded Objects now: 2869.
Memory consumption went from 105.9 MB to 105.9 MB.
Total: 1.980500 ms (FindLiveObjects: 0.180800 ms CreateObjectMapping: 0.107100 ms MarkObjects: 1.656300 ms  DeleteObjects: 0.035500 ms)

Prepare: number of updated asset objects reloaded= 0
AssetImportParameters requested are different than current active one (requested -> active):
  custom:scripting/monoscript/fileName/GoSmoothedVector3.cs: 3a6ceb396859da913cbecdd1940e0aa2 -> 
  custom:scripting/monoscript/fileName/EulerAnglesTweenProperty.cs: 7a2321a8c63f28c3857aa33414a11270 -> 
  custom:video-decoder-webm-vp8: 9c59270c3fd7afecdb556c50c9e8de78 -> 
  custom:scripting/monoscript/fileName/IGenericProperty.cs: f404e27010d8ce1a25f7cc2ac06431ac -> 
  custom:scripting/monoscript/fileName/GoEaseSinusoidal.cs: e637d6b7456e2acd06dfd152f10b71d1 -> 
  custom:scripting/monoscript/fileName/GoSplineCatmullRomSolver.cs: 8bbd4e9dc2722b25540d14d500b88879 -> 
  custom:scripting/monoscript/fileName/IntTweenProperty.cs: 1f39418055dd7708ff3b9e75a86d93a1 -> 
  custom:scripting/monoscript/fileName/Vector3YTweenProperty.cs: 2b996e9222bddad772657bb084e9da48 -> 
  custom:scripting/monoscript/fileName/GoEaseQuintic.cs: 672086238d051af0856016e64ad97204 -> 
  custom:scripting/monoscript/fileName/GoEaseCubic.cs: 7d74fd43480e52f793e3086826193b77 -> 
  custom:SearchIndexIgnoredProperties: e643bd26f0fe6173181afceb89e7c659 -> 
  custom:scripting/monoscript/fileName/GoSmoothedQuaternion.cs: 92de95a3ce149743e526859a8d0255c5 -> 
  custom:container-demuxer-ogg: 62fdf1f143b41e24485cea50d1cbac27 -> 
  custom:AudioImporter_EditorPlatform: d09bf68614088b80899f8185d706f6e7 -> 
  custom:scripting/monoscript/fileName/ShakeTweenProperty.cs: fdb713005206085d3b49cdd6b2d15f80 -> 
  custom:scripting/monoscript/fileName/Vector2TweenProperty.cs: d7a25a544d56d947d9526019347f1f6e -> 
  custom:scripting/monoscript/fileName/GoKitTweenExtensions.cs: 28ee7421c4d34eb9c057646838e28859 -> 
  custom:scripting/monoscript/fileName/Vector3XTweenProperty.cs: 9592582ea2f541a8cf92ba7dd7dd85f2 -> 
  custom:scripting/monoscript/fileName/Go.cs: 840adb47e0f4be71eeea7168442feb7d -> 
  custom:scripting/monoscript/fileName/ColorTweenProperty.cs: 94ba4bee52d153d3fd58a82d4cf8ce0c -> 
  custom:scripting/monoscript/fileName/GoEaseLinear.cs: b690756fd76817f101a31dcd50ae4adc -> 
  custom:scripting/monoscript/fileName/GoEaseExponential.cs: 8f890ce1f0130e8014d1a219fa0d7904 -> 
  custom:scripting/monoscript/fileName/ScaleTweenProperty.cs: 068e501b322923caa36166fe86d472e5 -> 
  custom:video-decoder-ogg-theora: a1e56fd34408186e4bbccfd4996cb3dc -> 
  custom:scripting/monoscript/fileName/GoSpline.cs: 8039f73cfdc174dc6ffa15343c307f29 -> 
  custom:scripting/monoscript/fileName/GoTweenFlow.cs: ce7a11a1fb9e8397b83cab3847ba7970 -> 
  custom:scripting/monoscript/fileName/GoEaseQuartic.cs: d34853ce84f33fe9033901002d4ff793 -> 
  custom:framework-win-MediaFoundation: 216162199b28c13a410421893ffa2e32 -> 
  custom:scripting/monoscript/fileName/GoEaseBounce.cs: e71b365170d63025c159c4756b1910b2 -> 
  custom:scripting/monoscript/fileName/GoSplineQuadraticBezierSolver.cs: 44dee8c5fd496e5eb749f54d83d1397e -> 
  custom:scripting/monoscript/fileName/GoEaseQuadratic.cs: e3ed230c2d29b99c6f642587e4ad0e5d -> 
  custom:scripting/monoscript/fileName/MaterialColorTweenProperty.cs: f6d4ed9537ac95d7564838fa4e660e7d -> 
  custom:scripting/monoscript/fileName/GoEaseCircular.cs: 84a2009340e8431314db7056edf1bd68 -> 
  custom:scripting/monoscript/fileName/PositionPathTweenProperty.cs: efde40660de14fd7cd1ede2fa47e9837 -> 
  custom:video-encoder-webm-vp8: eb34c28f22e8b96e1ab97ce403110664 -> 
  custom:scripting/monoscript/fileName/FloatTweenProperty.cs: 48aea3a8bbe79ca6e0baa81dc186bdfd -> 
  custom:scripting/monoscript/fileName/GoTweenChain.cs: f9995827e6ddafabc43c1b0e0dcfd886 -> 
  custom:scripting/monoscript/fileName/GoTweenCollectionConfig.cs: 37c99bdc8dc674650bd69bc44bb2e57b -> 
  custom:audio-decoder-ogg-vorbis: bf7c407c2cedff20999df2af8eb42d56 -> 
  custom:scripting/monoscript/fileName/AbstractQuaternionTweenProperty.cs: 65ceda31db804ab1e0e34f0e48afa285 -> 
  custom:scripting/monoscript/fileName/AbstractColorTweenProperty.cs: bba0da230ed56fc0a25af92f6a3e377e -> 
  custom:scripting/monoscript/fileName/AbstractVector3TweenProperty.cs: 6aa4defef7531529f4ddc1516936e2e3 -> 
  custom:CustomObjectIndexerAttribute: 9a22284fe3817be447336de3de66b15e -> 
  custom:scripting/monoscript/fileName/Vector4TweenProperty.cs: 18bb73739ede80588b5bfadcee873907 -> 
  custom:scripting/monoscript/fileName/GoEaseBack.cs: 3f6e00793ada35f633abc2146480990e -> 
  custom:container-demuxer-webm: 4f35f7cbe854078d1ac9338744f61a02 -> 
  custom:scripting/monoscript/fileName/GoTweenConfig.cs: 5b3154c82824c20addf84e8652f51cfe -> 
  custom:scripting/monoscript/fileName/RotationQuaternionTweenProperty.cs: e0d94af0c913b0be4cd670833a2cda91 -> 
  custom:scripting/monoscript/fileName/GoTweenUtils.cs: 867d37edf69335bc6e54784197f28064 -> 
  custom:scripting/monoscript/fileName/GoSplineCubicBezierSolver.cs: 6d81419c64f7c334f4359254f1cbade0 -> 
  custom:audio-encoder-webm-vorbis: bf7c407c2cedff20999df2af8eb42d56 -> 
  custom:scripting/monoscript/fileName/ScalePathTweenProperty.cs: 816c1a788eca415c60d1b7e87fb103fe -> 
  custom:scripting/monoscript/fileName/GoEaseElastic.cs: f0cafb366ac4251d5c35fe413d3f62f6 -> 
  custom:scripting/monoscript/fileName/GoDummyPath.cs: a21201ab2fac2187e4faeaf08bb4ec90 -> 
  custom:scripting/monoscript/fileName/PositionTweenProperty.cs: e367a96b2cbc0b819bff5d0620f4b258 -> 
  custom:scripting/monoscript/fileName/Vector3TweenProperty.cs: 8e9f9d7bb7b15068d97f4d593f097c86 -> 
  custom:scripting/monoscript/fileName/AbstractGoTween.cs: 3bdc69e313ad58745cd33c4b74e6a709 -> 
  custom:scripting/monoscript/fileName/GoSplineStraightLineSolver.cs: b6a3907f2ead3ba9ac17ad3fdd121ec9 -> 
  custom:scripting/monoscript/fileName/AbstractGoTweenCollection.cs: 61d9f5f358696a7942516ed78ffe7e98 -> 
  custom:scripting/monoscript/fileName/Vector3PathTweenProperty.cs: 94848aa2e96060cfeaf83844ee158f0c -> 
  custom:scripting/monoscript/fileName/Vector3ZTweenProperty.cs: 35595634a87246c4e13691b1563178c5 -> 
  custom:scripting/monoscript/fileName/AbstractTweenProperty.cs: c71b2ece20cb4e1e30772e574c806625 -> 
  custom:container-muxer-webm: aa71ff27fc2769a1b78a27578f13a17b -> 
  custom:scripting/monoscript/fileName/AbstractGoSplineSolver.cs: 788a6b8052af6ee0371d3a464e692d1b -> 
  custom:scripting/monoscript/fileName/GoTween.cs: 4df5a8b9fefcbd8a2b5d6fe6223ee62f -> 
  custom:scripting/monoscript/fileName/RotationTweenProperty.cs: 13e7fbd741208cd89873755249a873a9 -> 
========================================================================
Received Prepare
Begin MonoManager ReloadAssembly
- Loaded All Assemblies, in  0.263 seconds
Refreshing native plugins compatible for Editor in 1.06 ms, found 1 plugins.
Native extension for WindowsStandalone target not found
Native extension for Android target not found
Mono: successfully reloaded assembly
- Finished resetting the current domain, in  0.360 seconds
Domain Reload Profiling: 624ms
	BeginReloadAssembly (103ms)
		ExecutionOrderSort (0ms)
		DisableScriptedObjects (4ms)
		BackupInstance (0ms)
		ReleaseScriptingObjects (0ms)
		CreateAndSetChildDomain (17ms)
	RebuildCommonClasses (23ms)
	RebuildNativeTypeToScriptingClass (8ms)
	initialDomainReloadingComplete (19ms)
	LoadAllAssembliesAndSetupDomain (110ms)
		LoadAssemblies (159ms)
		RebuildTransferFunctionScriptingTraits (0ms)
		AnalyzeDomain (9ms)
			TypeCache.Refresh (4ms)
				TypeCache.ScanAssembly (0ms)
			ScanForSourceGeneratedMonoScriptInfo (0ms)
			ResolveRequiredComponents (5ms)
	FinalizeReload (361ms)
		ReleaseScriptCaches (0ms)
		RebuildScriptCaches (0ms)
		SetupLoadedEditorAssemblies (179ms)
			LogAssemblyErrors (0ms)
			InitializePlatformSupportModulesInManaged (16ms)
			SetLoadedEditorAssemblies (2ms)
			RefreshPlugins (0ms)
			BeforeProcessingInitializeOnLoad (33ms)
			ProcessInitializeOnLoadAttributes (108ms)
			ProcessInitializeOnLoadMethodAttributes (18ms)
			AfterProcessingInitializeOnLoad (2ms)
			EditorAssembliesLoaded (0ms)
		ExecutionOrderSort2 (0ms)
		AwakeInstancesAfterBackupRestoration (4ms)
Refreshing native plugins compatible for Editor in 1.06 ms, found 1 plugins.
Preloading 0 native plugins for Editor in 0.00 ms.
Unloading 2320 Unused Serialized files (Serialized files now loaded: 0)
Unloading 21 unused Assets / (26.9 KB). Loaded Objects now: 2872.
Memory consumption went from 105.9 MB to 105.9 MB.
Total: 2.086700 ms (FindLiveObjects: 0.144200 ms CreateObjectMapping: 0.051700 ms MarkObjects: 1.854700 ms  DeleteObjects: 0.035300 ms)

Prepare: number of updated asset objects reloaded= 0
AssetImportParameters requested are different than current active one (requested -> active):
  custom:scripting/monoscript/fileName/GoSmoothedVector3.cs: 3a6ceb396859da913cbecdd1940e0aa2 -> 
  custom:scripting/monoscript/fileName/EulerAnglesTweenProperty.cs: 7a2321a8c63f28c3857aa33414a11270 -> 
  custom:video-decoder-webm-vp8: 9c59270c3fd7afecdb556c50c9e8de78 -> 
  custom:scripting/monoscript/fileName/IGenericProperty.cs: f404e27010d8ce1a25f7cc2ac06431ac -> 
  custom:scripting/monoscript/fileName/GoEaseSinusoidal.cs: e637d6b7456e2acd06dfd152f10b71d1 -> 
  custom:scripting/monoscript/fileName/GoSplineCatmullRomSolver.cs: 8bbd4e9dc2722b25540d14d500b88879 -> 
  custom:scripting/monoscript/fileName/IntTweenProperty.cs: 1f39418055dd7708ff3b9e75a86d93a1 -> 
  custom:scripting/monoscript/fileName/Vector3YTweenProperty.cs: 2b996e9222bddad772657bb084e9da48 -> 
  custom:scripting/monoscript/fileName/GoEaseQuintic.cs: 672086238d051af0856016e64ad97204 -> 
  custom:scripting/monoscript/fileName/GoEaseCubic.cs: 7d74fd43480e52f793e3086826193b77 -> 
  custom:SearchIndexIgnoredProperties: e643bd26f0fe6173181afceb89e7c659 -> 
  custom:scripting/monoscript/fileName/GoSmoothedQuaternion.cs: 92de95a3ce149743e526859a8d0255c5 -> 
  custom:container-demuxer-ogg: 62fdf1f143b41e24485cea50d1cbac27 -> 
  custom:AudioImporter_EditorPlatform: d09bf68614088b80899f8185d706f6e7 -> 
  custom:scripting/monoscript/fileName/ShakeTweenProperty.cs: fdb713005206085d3b49cdd6b2d15f80 -> 
  custom:scripting/monoscript/fileName/Vector2TweenProperty.cs: d7a25a544d56d947d9526019347f1f6e -> 
  custom:scripting/monoscript/fileName/GoKitTweenExtensions.cs: 28ee7421c4d34eb9c057646838e28859 -> 
  custom:scripting/monoscript/fileName/Vector3XTweenProperty.cs: 9592582ea2f541a8cf92ba7dd7dd85f2 -> 
  custom:scripting/monoscript/fileName/Go.cs: 840adb47e0f4be71eeea7168442feb7d -> 
  custom:scripting/monoscript/fileName/ColorTweenProperty.cs: 94ba4bee52d153d3fd58a82d4cf8ce0c -> 
  custom:scripting/monoscript/fileName/GoEaseLinear.cs: b690756fd76817f101a31dcd50ae4adc -> 
  custom:scripting/monoscript/fileName/GoEaseExponential.cs: 8f890ce1f0130e8014d1a219fa0d7904 -> 
  custom:scripting/monoscript/fileName/ScaleTweenProperty.cs: 068e501b322923caa36166fe86d472e5 -> 
  custom:video-decoder-ogg-theora: a1e56fd34408186e4bbccfd4996cb3dc -> 
  custom:scripting/monoscript/fileName/GoSpline.cs: 8039f73cfdc174dc6ffa15343c307f29 -> 
  custom:scripting/monoscript/fileName/GoTweenFlow.cs: ce7a11a1fb9e8397b83cab3847ba7970 -> 
  custom:scripting/monoscript/fileName/GoEaseQuartic.cs: d34853ce84f33fe9033901002d4ff793 -> 
  custom:framework-win-MediaFoundation: 216162199b28c13a410421893ffa2e32 -> 
  custom:scripting/monoscript/fileName/GoEaseBounce.cs: e71b365170d63025c159c4756b1910b2 -> 
  custom:scripting/monoscript/fileName/GoSplineQuadraticBezierSolver.cs: 44dee8c5fd496e5eb749f54d83d1397e -> 
  custom:scripting/monoscript/fileName/GoEaseQuadratic.cs: e3ed230c2d29b99c6f642587e4ad0e5d -> 
  custom:scripting/monoscript/fileName/MaterialColorTweenProperty.cs: f6d4ed9537ac95d7564838fa4e660e7d -> 
  custom:scripting/monoscript/fileName/GoEaseCircular.cs: 84a2009340e8431314db7056edf1bd68 -> 
  custom:scripting/monoscript/fileName/PositionPathTweenProperty.cs: efde40660de14fd7cd1ede2fa47e9837 -> 
  custom:video-encoder-webm-vp8: eb34c28f22e8b96e1ab97ce403110664 -> 
  custom:scripting/monoscript/fileName/FloatTweenProperty.cs: 48aea3a8bbe79ca6e0baa81dc186bdfd -> 
  custom:scripting/monoscript/fileName/GoTweenChain.cs: f9995827e6ddafabc43c1b0e0dcfd886 -> 
  custom:scripting/monoscript/fileName/GoTweenCollectionConfig.cs: 37c99bdc8dc674650bd69bc44bb2e57b -> 
  custom:audio-decoder-ogg-vorbis: bf7c407c2cedff20999df2af8eb42d56 -> 
  custom:scripting/monoscript/fileName/AbstractQuaternionTweenProperty.cs: 65ceda31db804ab1e0e34f0e48afa285 -> 
  custom:scripting/monoscript/fileName/AbstractColorTweenProperty.cs: bba0da230ed56fc0a25af92f6a3e377e -> 
  custom:scripting/monoscript/fileName/AbstractVector3TweenProperty.cs: 6aa4defef7531529f4ddc1516936e2e3 -> 
  custom:CustomObjectIndexerAttribute: 9a22284fe3817be447336de3de66b15e -> 
  custom:scripting/monoscript/fileName/Vector4TweenProperty.cs: 18bb73739ede80588b5bfadcee873907 -> 
  custom:scripting/monoscript/fileName/GoEaseBack.cs: 3f6e00793ada35f633abc2146480990e -> 
  custom:container-demuxer-webm: 4f35f7cbe854078d1ac9338744f61a02 -> 
  custom:scripting/monoscript/fileName/GoTweenConfig.cs: 5b3154c82824c20addf84e8652f51cfe -> 
  custom:scripting/monoscript/fileName/RotationQuaternionTweenProperty.cs: e0d94af0c913b0be4cd670833a2cda91 -> 
  custom:scripting/monoscript/fileName/GoTweenUtils.cs: 867d37edf69335bc6e54784197f28064 -> 
  custom:scripting/monoscript/fileName/GoSplineCubicBezierSolver.cs: 6d81419c64f7c334f4359254f1cbade0 -> 
  custom:audio-encoder-webm-vorbis: bf7c407c2cedff20999df2af8eb42d56 -> 
  custom:scripting/monoscript/fileName/ScalePathTweenProperty.cs: 816c1a788eca415c60d1b7e87fb103fe -> 
  custom:scripting/monoscript/fileName/GoEaseElastic.cs: f0cafb366ac4251d5c35fe413d3f62f6 -> 
  custom:scripting/monoscript/fileName/GoDummyPath.cs: a21201ab2fac2187e4faeaf08bb4ec90 -> 
  custom:scripting/monoscript/fileName/PositionTweenProperty.cs: e367a96b2cbc0b819bff5d0620f4b258 -> 
  custom:scripting/monoscript/fileName/Vector3TweenProperty.cs: 8e9f9d7bb7b15068d97f4d593f097c86 -> 
  custom:scripting/monoscript/fileName/AbstractGoTween.cs: 3bdc69e313ad58745cd33c4b74e6a709 -> 
  custom:scripting/monoscript/fileName/GoSplineStraightLineSolver.cs: b6a3907f2ead3ba9ac17ad3fdd121ec9 -> 
  custom:scripting/monoscript/fileName/AbstractGoTweenCollection.cs: 61d9f5f358696a7942516ed78ffe7e98 -> 
  custom:scripting/monoscript/fileName/Vector3PathTweenProperty.cs: 94848aa2e96060cfeaf83844ee158f0c -> 
  custom:scripting/monoscript/fileName/Vector3ZTweenProperty.cs: 35595634a87246c4e13691b1563178c5 -> 
  custom:scripting/monoscript/fileName/AbstractTweenProperty.cs: c71b2ece20cb4e1e30772e574c806625 -> 
  custom:container-muxer-webm: aa71ff27fc2769a1b78a27578f13a17b -> 
  custom:scripting/monoscript/fileName/AbstractGoSplineSolver.cs: 788a6b8052af6ee0371d3a464e692d1b -> 
  custom:scripting/monoscript/fileName/GoTween.cs: 4df5a8b9fefcbd8a2b5d6fe6223ee62f -> 
  custom:scripting/monoscript/fileName/RotationTweenProperty.cs: 13e7fbd741208cd89873755249a873a9 -> 
========================================================================
Received Prepare
Begin MonoManager ReloadAssembly
- Loaded All Assemblies, in  0.268 seconds
Refreshing native plugins compatible for Editor in 1.10 ms, found 1 plugins.
Native extension for WindowsStandalone target not found
Native extension for Android target not found
Mono: successfully reloaded assembly
- Finished resetting the current domain, in  0.363 seconds
Domain Reload Profiling: 631ms
	BeginReloadAssembly (105ms)
		ExecutionOrderSort (0ms)
		DisableScriptedObjects (4ms)
		BackupInstance (0ms)
		ReleaseScriptingObjects (0ms)
		CreateAndSetChildDomain (17ms)
	RebuildCommonClasses (23ms)
	RebuildNativeTypeToScriptingClass (8ms)
	initialDomainReloadingComplete (18ms)
	LoadAllAssembliesAndSetupDomain (114ms)
		LoadAssemblies (166ms)
		RebuildTransferFunctionScriptingTraits (0ms)
		AnalyzeDomain (9ms)
			TypeCache.Refresh (4ms)
				TypeCache.ScanAssembly (0ms)
			ScanForSourceGeneratedMonoScriptInfo (0ms)
			ResolveRequiredComponents (4ms)
	FinalizeReload (363ms)
		ReleaseScriptCaches (0ms)
		RebuildScriptCaches (0ms)
		SetupLoadedEditorAssemblies (179ms)
			LogAssemblyErrors (0ms)
			InitializePlatformSupportModulesInManaged (16ms)
			SetLoadedEditorAssemblies (2ms)
			RefreshPlugins (0ms)
			BeforeProcessingInitializeOnLoad (35ms)
			ProcessInitializeOnLoadAttributes (108ms)
			ProcessInitializeOnLoadMethodAttributes (16ms)
			AfterProcessingInitializeOnLoad (2ms)
			EditorAssembliesLoaded (0ms)
		ExecutionOrderSort2 (0ms)
		AwakeInstancesAfterBackupRestoration (5ms)
Refreshing native plugins compatible for Editor in 0.99 ms, found 1 plugins.
Preloading 0 native plugins for Editor in 0.00 ms.
Unloading 2320 Unused Serialized files (Serialized files now loaded: 0)
Unloading 21 unused Assets / (27.0 KB). Loaded Objects now: 2875.
Memory consumption went from 105.9 MB to 105.9 MB.
Total: 1.813000 ms (FindLiveObjects: 0.139400 ms CreateObjectMapping: 0.053600 ms MarkObjects: 1.583500 ms  DeleteObjects: 0.035500 ms)

Prepare: number of updated asset objects reloaded= 0
AssetImportParameters requested are different than current active one (requested -> active):
  custom:scripting/monoscript/fileName/GoSmoothedVector3.cs: 3a6ceb396859da913cbecdd1940e0aa2 -> 
  custom:scripting/monoscript/fileName/EulerAnglesTweenProperty.cs: 7a2321a8c63f28c3857aa33414a11270 -> 
  custom:video-decoder-webm-vp8: 9c59270c3fd7afecdb556c50c9e8de78 -> 
  custom:scripting/monoscript/fileName/IGenericProperty.cs: f404e27010d8ce1a25f7cc2ac06431ac -> 
  custom:scripting/monoscript/fileName/GoEaseSinusoidal.cs: e637d6b7456e2acd06dfd152f10b71d1 -> 
  custom:scripting/monoscript/fileName/GoSplineCatmullRomSolver.cs: 8bbd4e9dc2722b25540d14d500b88879 -> 
  custom:scripting/monoscript/fileName/IntTweenProperty.cs: 1f39418055dd7708ff3b9e75a86d93a1 -> 
  custom:scripting/monoscript/fileName/Vector3YTweenProperty.cs: 2b996e9222bddad772657bb084e9da48 -> 
  custom:scripting/monoscript/fileName/GoEaseQuintic.cs: 672086238d051af0856016e64ad97204 -> 
  custom:scripting/monoscript/fileName/GoEaseCubic.cs: 7d74fd43480e52f793e3086826193b77 -> 
  custom:SearchIndexIgnoredProperties: e643bd26f0fe6173181afceb89e7c659 -> 
  custom:scripting/monoscript/fileName/GoSmoothedQuaternion.cs: 92de95a3ce149743e526859a8d0255c5 -> 
  custom:container-demuxer-ogg: 62fdf1f143b41e24485cea50d1cbac27 -> 
  custom:AudioImporter_EditorPlatform: d09bf68614088b80899f8185d706f6e7 -> 
  custom:scripting/monoscript/fileName/ShakeTweenProperty.cs: fdb713005206085d3b49cdd6b2d15f80 -> 
  custom:scripting/monoscript/fileName/Vector2TweenProperty.cs: d7a25a544d56d947d9526019347f1f6e -> 
  custom:scripting/monoscript/fileName/GoKitTweenExtensions.cs: 28ee7421c4d34eb9c057646838e28859 -> 
  custom:scripting/monoscript/fileName/Vector3XTweenProperty.cs: 9592582ea2f541a8cf92ba7dd7dd85f2 -> 
  custom:scripting/monoscript/fileName/Go.cs: 840adb47e0f4be71eeea7168442feb7d -> 
  custom:scripting/monoscript/fileName/ColorTweenProperty.cs: 94ba4bee52d153d3fd58a82d4cf8ce0c -> 
  custom:scripting/monoscript/fileName/GoEaseLinear.cs: b690756fd76817f101a31dcd50ae4adc -> 
  custom:scripting/monoscript/fileName/GoEaseExponential.cs: 8f890ce1f0130e8014d1a219fa0d7904 -> 
  custom:scripting/monoscript/fileName/ScaleTweenProperty.cs: 068e501b322923caa36166fe86d472e5 -> 
  custom:video-decoder-ogg-theora: a1e56fd34408186e4bbccfd4996cb3dc -> 
  custom:scripting/monoscript/fileName/GoSpline.cs: 8039f73cfdc174dc6ffa15343c307f29 -> 
  custom:scripting/monoscript/fileName/GoTweenFlow.cs: ce7a11a1fb9e8397b83cab3847ba7970 -> 
  custom:scripting/monoscript/fileName/GoEaseQuartic.cs: d34853ce84f33fe9033901002d4ff793 -> 
  custom:framework-win-MediaFoundation: 216162199b28c13a410421893ffa2e32 -> 
  custom:scripting/monoscript/fileName/GoEaseBounce.cs: e71b365170d63025c159c4756b1910b2 -> 
  custom:scripting/monoscript/fileName/GoSplineQuadraticBezierSolver.cs: 44dee8c5fd496e5eb749f54d83d1397e -> 
  custom:scripting/monoscript/fileName/GoEaseQuadratic.cs: e3ed230c2d29b99c6f642587e4ad0e5d -> 
  custom:scripting/monoscript/fileName/MaterialColorTweenProperty.cs: f6d4ed9537ac95d7564838fa4e660e7d -> 
  custom:scripting/monoscript/fileName/GoEaseCircular.cs: 84a2009340e8431314db7056edf1bd68 -> 
  custom:scripting/monoscript/fileName/PositionPathTweenProperty.cs: efde40660de14fd7cd1ede2fa47e9837 -> 
  custom:video-encoder-webm-vp8: eb34c28f22e8b96e1ab97ce403110664 -> 
  custom:scripting/monoscript/fileName/FloatTweenProperty.cs: 48aea3a8bbe79ca6e0baa81dc186bdfd -> 
  custom:scripting/monoscript/fileName/GoTweenChain.cs: f9995827e6ddafabc43c1b0e0dcfd886 -> 
  custom:scripting/monoscript/fileName/GoTweenCollectionConfig.cs: 37c99bdc8dc674650bd69bc44bb2e57b -> 
  custom:audio-decoder-ogg-vorbis: bf7c407c2cedff20999df2af8eb42d56 -> 
  custom:scripting/monoscript/fileName/AbstractQuaternionTweenProperty.cs: 65ceda31db804ab1e0e34f0e48afa285 -> 
  custom:scripting/monoscript/fileName/AbstractColorTweenProperty.cs: bba0da230ed56fc0a25af92f6a3e377e -> 
  custom:scripting/monoscript/fileName/AbstractVector3TweenProperty.cs: 6aa4defef7531529f4ddc1516936e2e3 -> 
  custom:CustomObjectIndexerAttribute: 9a22284fe3817be447336de3de66b15e -> 
  custom:scripting/monoscript/fileName/Vector4TweenProperty.cs: 18bb73739ede80588b5bfadcee873907 -> 
  custom:scripting/monoscript/fileName/GoEaseBack.cs: 3f6e00793ada35f633abc2146480990e -> 
  custom:container-demuxer-webm: 4f35f7cbe854078d1ac9338744f61a02 -> 
  custom:scripting/monoscript/fileName/GoTweenConfig.cs: 5b3154c82824c20addf84e8652f51cfe -> 
  custom:scripting/monoscript/fileName/RotationQuaternionTweenProperty.cs: e0d94af0c913b0be4cd670833a2cda91 -> 
  custom:scripting/monoscript/fileName/GoTweenUtils.cs: 867d37edf69335bc6e54784197f28064 -> 
  custom:scripting/monoscript/fileName/GoSplineCubicBezierSolver.cs: 6d81419c64f7c334f4359254f1cbade0 -> 
  custom:audio-encoder-webm-vorbis: bf7c407c2cedff20999df2af8eb42d56 -> 
  custom:scripting/monoscript/fileName/ScalePathTweenProperty.cs: 816c1a788eca415c60d1b7e87fb103fe -> 
  custom:scripting/monoscript/fileName/GoEaseElastic.cs: f0cafb366ac4251d5c35fe413d3f62f6 -> 
  custom:scripting/monoscript/fileName/GoDummyPath.cs: a21201ab2fac2187e4faeaf08bb4ec90 -> 
  custom:scripting/monoscript/fileName/PositionTweenProperty.cs: e367a96b2cbc0b819bff5d0620f4b258 -> 
  custom:scripting/monoscript/fileName/Vector3TweenProperty.cs: 8e9f9d7bb7b15068d97f4d593f097c86 -> 
  custom:scripting/monoscript/fileName/AbstractGoTween.cs: 3bdc69e313ad58745cd33c4b74e6a709 -> 
  custom:scripting/monoscript/fileName/GoSplineStraightLineSolver.cs: b6a3907f2ead3ba9ac17ad3fdd121ec9 -> 
  custom:scripting/monoscript/fileName/AbstractGoTweenCollection.cs: 61d9f5f358696a7942516ed78ffe7e98 -> 
  custom:scripting/monoscript/fileName/Vector3PathTweenProperty.cs: 94848aa2e96060cfeaf83844ee158f0c -> 
  custom:scripting/monoscript/fileName/Vector3ZTweenProperty.cs: 35595634a87246c4e13691b1563178c5 -> 
  custom:scripting/monoscript/fileName/AbstractTweenProperty.cs: c71b2ece20cb4e1e30772e574c806625 -> 
  custom:container-muxer-webm: aa71ff27fc2769a1b78a27578f13a17b -> 
  custom:scripting/monoscript/fileName/AbstractGoSplineSolver.cs: 788a6b8052af6ee0371d3a464e692d1b -> 
  custom:scripting/monoscript/fileName/GoTween.cs: 4df5a8b9fefcbd8a2b5d6fe6223ee62f -> 
  custom:scripting/monoscript/fileName/RotationTweenProperty.cs: 13e7fbd741208cd89873755249a873a9 -> 
========================================================================
Received Prepare
Begin MonoManager ReloadAssembly
- Loaded All Assemblies, in  0.280 seconds
Refreshing native plugins compatible for Editor in 1.28 ms, found 1 plugins.
Native extension for WindowsStandalone target not found
Native extension for Android target not found
Mono: successfully reloaded assembly
- Finished resetting the current domain, in  0.357 seconds
Domain Reload Profiling: 637ms
	BeginReloadAssembly (108ms)
		ExecutionOrderSort (0ms)
		DisableScriptedObjects (4ms)
		BackupInstance (0ms)
		ReleaseScriptingObjects (0ms)
		CreateAndSetChildDomain (18ms)
	RebuildCommonClasses (28ms)
	RebuildNativeTypeToScriptingClass (8ms)
	initialDomainReloadingComplete (18ms)
	LoadAllAssembliesAndSetupDomain (117ms)
		LoadAssemblies (168ms)
		RebuildTransferFunctionScriptingTraits (0ms)
		AnalyzeDomain (9ms)
			TypeCache.Refresh (4ms)
				TypeCache.ScanAssembly (0ms)
			ScanForSourceGeneratedMonoScriptInfo (0ms)
			ResolveRequiredComponents (4ms)
	FinalizeReload (358ms)
		ReleaseScriptCaches (0ms)
		RebuildScriptCaches (0ms)
		SetupLoadedEditorAssemblies (182ms)
			LogAssemblyErrors (0ms)
			InitializePlatformSupportModulesInManaged (16ms)
			SetLoadedEditorAssemblies (2ms)
			RefreshPlugins (0ms)
			BeforeProcessingInitializeOnLoad (37ms)
			ProcessInitializeOnLoadAttributes (110ms)
			ProcessInitializeOnLoadMethodAttributes (15ms)
			AfterProcessingInitializeOnLoad (2ms)
			EditorAssembliesLoaded (0ms)
		ExecutionOrderSort2 (0ms)
		AwakeInstancesAfterBackupRestoration (4ms)
Refreshing native plugins compatible for Editor in 1.21 ms, found 1 plugins.
Preloading 0 native plugins for Editor in 0.00 ms.
Unloading 2320 Unused Serialized files (Serialized files now loaded: 0)
Unloading 21 unused Assets / (27.0 KB). Loaded Objects now: 2878.
Memory consumption went from 105.9 MB to 105.8 MB.
Total: 1.842000 ms (FindLiveObjects: 0.138500 ms CreateObjectMapping: 0.050900 ms MarkObjects: 1.617800 ms  DeleteObjects: 0.033900 ms)

Prepare: number of updated asset objects reloaded= 0
AssetImportParameters requested are different than current active one (requested -> active):
  custom:scripting/monoscript/fileName/GoSmoothedVector3.cs: 3a6ceb396859da913cbecdd1940e0aa2 -> 
  custom:scripting/monoscript/fileName/EulerAnglesTweenProperty.cs: 7a2321a8c63f28c3857aa33414a11270 -> 
  custom:video-decoder-webm-vp8: 9c59270c3fd7afecdb556c50c9e8de78 -> 
  custom:scripting/monoscript/fileName/IGenericProperty.cs: f404e27010d8ce1a25f7cc2ac06431ac -> 
  custom:scripting/monoscript/fileName/GoEaseSinusoidal.cs: e637d6b7456e2acd06dfd152f10b71d1 -> 
  custom:scripting/monoscript/fileName/GoSplineCatmullRomSolver.cs: 8bbd4e9dc2722b25540d14d500b88879 -> 
  custom:scripting/monoscript/fileName/IntTweenProperty.cs: 1f39418055dd7708ff3b9e75a86d93a1 -> 
  custom:scripting/monoscript/fileName/Vector3YTweenProperty.cs: 2b996e9222bddad772657bb084e9da48 -> 
  custom:scripting/monoscript/fileName/GoEaseQuintic.cs: 672086238d051af0856016e64ad97204 -> 
  custom:scripting/monoscript/fileName/GoEaseCubic.cs: 7d74fd43480e52f793e3086826193b77 -> 
  custom:SearchIndexIgnoredProperties: e643bd26f0fe6173181afceb89e7c659 -> 
  custom:scripting/monoscript/fileName/GoSmoothedQuaternion.cs: 92de95a3ce149743e526859a8d0255c5 -> 
  custom:container-demuxer-ogg: 62fdf1f143b41e24485cea50d1cbac27 -> 
  custom:AudioImporter_EditorPlatform: d09bf68614088b80899f8185d706f6e7 -> 
  custom:scripting/monoscript/fileName/ShakeTweenProperty.cs: fdb713005206085d3b49cdd6b2d15f80 -> 
  custom:scripting/monoscript/fileName/Vector2TweenProperty.cs: d7a25a544d56d947d9526019347f1f6e -> 
  custom:scripting/monoscript/fileName/GoKitTweenExtensions.cs: 28ee7421c4d34eb9c057646838e28859 -> 
  custom:scripting/monoscript/fileName/Vector3XTweenProperty.cs: 9592582ea2f541a8cf92ba7dd7dd85f2 -> 
  custom:scripting/monoscript/fileName/Go.cs: 840adb47e0f4be71eeea7168442feb7d -> 
  custom:scripting/monoscript/fileName/ColorTweenProperty.cs: 94ba4bee52d153d3fd58a82d4cf8ce0c -> 
  custom:scripting/monoscript/fileName/GoEaseLinear.cs: b690756fd76817f101a31dcd50ae4adc -> 
  custom:scripting/monoscript/fileName/GoEaseExponential.cs: 8f890ce1f0130e8014d1a219fa0d7904 -> 
  custom:scripting/monoscript/fileName/ScaleTweenProperty.cs: 068e501b322923caa36166fe86d472e5 -> 
  custom:video-decoder-ogg-theora: a1e56fd34408186e4bbccfd4996cb3dc -> 
  custom:scripting/monoscript/fileName/GoSpline.cs: 8039f73cfdc174dc6ffa15343c307f29 -> 
  custom:scripting/monoscript/fileName/GoTweenFlow.cs: ce7a11a1fb9e8397b83cab3847ba7970 -> 
  custom:scripting/monoscript/fileName/GoEaseQuartic.cs: d34853ce84f33fe9033901002d4ff793 -> 
  custom:framework-win-MediaFoundation: 216162199b28c13a410421893ffa2e32 -> 
  custom:scripting/monoscript/fileName/GoEaseBounce.cs: e71b365170d63025c159c4756b1910b2 -> 
  custom:scripting/monoscript/fileName/GoSplineQuadraticBezierSolver.cs: 44dee8c5fd496e5eb749f54d83d1397e -> 
  custom:scripting/monoscript/fileName/GoEaseQuadratic.cs: e3ed230c2d29b99c6f642587e4ad0e5d -> 
  custom:scripting/monoscript/fileName/MaterialColorTweenProperty.cs: f6d4ed9537ac95d7564838fa4e660e7d -> 
  custom:scripting/monoscript/fileName/GoEaseCircular.cs: 84a2009340e8431314db7056edf1bd68 -> 
  custom:scripting/monoscript/fileName/PositionPathTweenProperty.cs: efde40660de14fd7cd1ede2fa47e9837 -> 
  custom:video-encoder-webm-vp8: eb34c28f22e8b96e1ab97ce403110664 -> 
  custom:scripting/monoscript/fileName/FloatTweenProperty.cs: 48aea3a8bbe79ca6e0baa81dc186bdfd -> 
  custom:scripting/monoscript/fileName/GoTweenChain.cs: f9995827e6ddafabc43c1b0e0dcfd886 -> 
  custom:scripting/monoscript/fileName/GoTweenCollectionConfig.cs: 37c99bdc8dc674650bd69bc44bb2e57b -> 
  custom:audio-decoder-ogg-vorbis: bf7c407c2cedff20999df2af8eb42d56 -> 
  custom:scripting/monoscript/fileName/AbstractQuaternionTweenProperty.cs: 65ceda31db804ab1e0e34f0e48afa285 -> 
  custom:scripting/monoscript/fileName/AbstractColorTweenProperty.cs: bba0da230ed56fc0a25af92f6a3e377e -> 
  custom:scripting/monoscript/fileName/AbstractVector3TweenProperty.cs: 6aa4defef7531529f4ddc1516936e2e3 -> 
  custom:CustomObjectIndexerAttribute: 9a22284fe3817be447336de3de66b15e -> 
  custom:scripting/monoscript/fileName/Vector4TweenProperty.cs: 18bb73739ede80588b5bfadcee873907 -> 
  custom:scripting/monoscript/fileName/GoEaseBack.cs: 3f6e00793ada35f633abc2146480990e -> 
  custom:container-demuxer-webm: 4f35f7cbe854078d1ac9338744f61a02 -> 
  custom:scripting/monoscript/fileName/GoTweenConfig.cs: 5b3154c82824c20addf84e8652f51cfe -> 
  custom:scripting/monoscript/fileName/RotationQuaternionTweenProperty.cs: e0d94af0c913b0be4cd670833a2cda91 -> 
  custom:scripting/monoscript/fileName/GoTweenUtils.cs: 867d37edf69335bc6e54784197f28064 -> 
  custom:scripting/monoscript/fileName/GoSplineCubicBezierSolver.cs: 6d81419c64f7c334f4359254f1cbade0 -> 
  custom:audio-encoder-webm-vorbis: bf7c407c2cedff20999df2af8eb42d56 -> 
  custom:scripting/monoscript/fileName/ScalePathTweenProperty.cs: 816c1a788eca415c60d1b7e87fb103fe -> 
  custom:scripting/monoscript/fileName/GoEaseElastic.cs: f0cafb366ac4251d5c35fe413d3f62f6 -> 
  custom:scripting/monoscript/fileName/GoDummyPath.cs: a21201ab2fac2187e4faeaf08bb4ec90 -> 
  custom:scripting/monoscript/fileName/PositionTweenProperty.cs: e367a96b2cbc0b819bff5d0620f4b258 -> 
  custom:scripting/monoscript/fileName/Vector3TweenProperty.cs: 8e9f9d7bb7b15068d97f4d593f097c86 -> 
  custom:scripting/monoscript/fileName/AbstractGoTween.cs: 3bdc69e313ad58745cd33c4b74e6a709 -> 
  custom:scripting/monoscript/fileName/GoSplineStraightLineSolver.cs: b6a3907f2ead3ba9ac17ad3fdd121ec9 -> 
  custom:scripting/monoscript/fileName/AbstractGoTweenCollection.cs: 61d9f5f358696a7942516ed78ffe7e98 -> 
  custom:scripting/monoscript/fileName/Vector3PathTweenProperty.cs: 94848aa2e96060cfeaf83844ee158f0c -> 
  custom:scripting/monoscript/fileName/Vector3ZTweenProperty.cs: 35595634a87246c4e13691b1563178c5 -> 
  custom:scripting/monoscript/fileName/AbstractTweenProperty.cs: c71b2ece20cb4e1e30772e574c806625 -> 
  custom:container-muxer-webm: aa71ff27fc2769a1b78a27578f13a17b -> 
  custom:scripting/monoscript/fileName/AbstractGoSplineSolver.cs: 788a6b8052af6ee0371d3a464e692d1b -> 
  custom:scripting/monoscript/fileName/GoTween.cs: 4df5a8b9fefcbd8a2b5d6fe6223ee62f -> 
  custom:scripting/monoscript/fileName/RotationTweenProperty.cs: 13e7fbd741208cd89873755249a873a9 -> 
========================================================================
Received Prepare
Begin MonoManager ReloadAssembly
- Loaded All Assemblies, in  0.263 seconds
Refreshing native plugins compatible for Editor in 1.08 ms, found 1 plugins.
Native extension for WindowsStandalone target not found
Native extension for Android target not found
Mono: successfully reloaded assembly
- Finished resetting the current domain, in  0.369 seconds
Domain Reload Profiling: 632ms
	BeginReloadAssembly (101ms)
		ExecutionOrderSort (0ms)
		DisableScriptedObjects (5ms)
		BackupInstance (0ms)
		ReleaseScriptingObjects (0ms)
		CreateAndSetChildDomain (16ms)
	RebuildCommonClasses (24ms)
	RebuildNativeTypeToScriptingClass (9ms)
	initialDomainReloadingComplete (18ms)
	LoadAllAssembliesAndSetupDomain (111ms)
		LoadAssemblies (159ms)
		RebuildTransferFunctionScriptingTraits (0ms)
		AnalyzeDomain (9ms)
			TypeCache.Refresh (4ms)
				TypeCache.ScanAssembly (0ms)
			ScanForSourceGeneratedMonoScriptInfo (0ms)
			ResolveRequiredComponents (4ms)
	FinalizeReload (370ms)
		ReleaseScriptCaches (0ms)
		RebuildScriptCaches (0ms)
		SetupLoadedEditorAssemblies (179ms)
			LogAssemblyErrors (0ms)
			InitializePlatformSupportModulesInManaged (15ms)
			SetLoadedEditorAssemblies (2ms)
			RefreshPlugins (0ms)
			BeforeProcessingInitializeOnLoad (33ms)
			ProcessInitializeOnLoadAttributes (112ms)
			ProcessInitializeOnLoadMethodAttributes (15ms)
			AfterProcessingInitializeOnLoad (2ms)
			EditorAssembliesLoaded (0ms)
		ExecutionOrderSort2 (0ms)
		AwakeInstancesAfterBackupRestoration (6ms)
Refreshing native plugins compatible for Editor in 1.08 ms, found 1 plugins.
Preloading 0 native plugins for Editor in 0.00 ms.
Unloading 2320 Unused Serialized files (Serialized files now loaded: 0)
Unloading 21 unused Assets / (27.0 KB). Loaded Objects now: 2881.
Memory consumption went from 105.9 MB to 105.8 MB.
Total: 2.096600 ms (FindLiveObjects: 0.159900 ms CreateObjectMapping: 0.058000 ms MarkObjects: 1.833300 ms  DeleteObjects: 0.043200 ms)

Prepare: number of updated asset objects reloaded= 0
AssetImportParameters requested are different than current active one (requested -> active):
  custom:scripting/monoscript/fileName/GoSmoothedVector3.cs: 3a6ceb396859da913cbecdd1940e0aa2 -> 
  custom:scripting/monoscript/fileName/EulerAnglesTweenProperty.cs: 7a2321a8c63f28c3857aa33414a11270 -> 
  custom:video-decoder-webm-vp8: 9c59270c3fd7afecdb556c50c9e8de78 -> 
  custom:scripting/monoscript/fileName/IGenericProperty.cs: f404e27010d8ce1a25f7cc2ac06431ac -> 
  custom:scripting/monoscript/fileName/GoEaseSinusoidal.cs: e637d6b7456e2acd06dfd152f10b71d1 -> 
  custom:scripting/monoscript/fileName/GoSplineCatmullRomSolver.cs: 8bbd4e9dc2722b25540d14d500b88879 -> 
  custom:scripting/monoscript/fileName/IntTweenProperty.cs: 1f39418055dd7708ff3b9e75a86d93a1 -> 
  custom:scripting/monoscript/fileName/Vector3YTweenProperty.cs: 2b996e9222bddad772657bb084e9da48 -> 
  custom:scripting/monoscript/fileName/GoEaseQuintic.cs: 672086238d051af0856016e64ad97204 -> 
  custom:scripting/monoscript/fileName/GoEaseCubic.cs: 7d74fd43480e52f793e3086826193b77 -> 
  custom:SearchIndexIgnoredProperties: e643bd26f0fe6173181afceb89e7c659 -> 
  custom:scripting/monoscript/fileName/GoSmoothedQuaternion.cs: 92de95a3ce149743e526859a8d0255c5 -> 
  custom:container-demuxer-ogg: 62fdf1f143b41e24485cea50d1cbac27 -> 
  custom:AudioImporter_EditorPlatform: d09bf68614088b80899f8185d706f6e7 -> 
  custom:scripting/monoscript/fileName/ShakeTweenProperty.cs: fdb713005206085d3b49cdd6b2d15f80 -> 
  custom:scripting/monoscript/fileName/Vector2TweenProperty.cs: d7a25a544d56d947d9526019347f1f6e -> 
  custom:scripting/monoscript/fileName/GoKitTweenExtensions.cs: 28ee7421c4d34eb9c057646838e28859 -> 
  custom:scripting/monoscript/fileName/Vector3XTweenProperty.cs: 9592582ea2f541a8cf92ba7dd7dd85f2 -> 
  custom:scripting/monoscript/fileName/Go.cs: 840adb47e0f4be71eeea7168442feb7d -> 
  custom:scripting/monoscript/fileName/ColorTweenProperty.cs: 94ba4bee52d153d3fd58a82d4cf8ce0c -> 
  custom:scripting/monoscript/fileName/GoEaseLinear.cs: b690756fd76817f101a31dcd50ae4adc -> 
  custom:scripting/monoscript/fileName/GoEaseExponential.cs: 8f890ce1f0130e8014d1a219fa0d7904 -> 
  custom:scripting/monoscript/fileName/ScaleTweenProperty.cs: 068e501b322923caa36166fe86d472e5 -> 
  custom:video-decoder-ogg-theora: a1e56fd34408186e4bbccfd4996cb3dc -> 
  custom:scripting/monoscript/fileName/GoSpline.cs: 8039f73cfdc174dc6ffa15343c307f29 -> 
  custom:scripting/monoscript/fileName/GoTweenFlow.cs: ce7a11a1fb9e8397b83cab3847ba7970 -> 
  custom:scripting/monoscript/fileName/GoEaseQuartic.cs: d34853ce84f33fe9033901002d4ff793 -> 
  custom:framework-win-MediaFoundation: 216162199b28c13a410421893ffa2e32 -> 
  custom:scripting/monoscript/fileName/GoEaseBounce.cs: e71b365170d63025c159c4756b1910b2 -> 
  custom:scripting/monoscript/fileName/GoSplineQuadraticBezierSolver.cs: 44dee8c5fd496e5eb749f54d83d1397e -> 
  custom:scripting/monoscript/fileName/GoEaseQuadratic.cs: e3ed230c2d29b99c6f642587e4ad0e5d -> 
  custom:scripting/monoscript/fileName/MaterialColorTweenProperty.cs: f6d4ed9537ac95d7564838fa4e660e7d -> 
  custom:scripting/monoscript/fileName/GoEaseCircular.cs: 84a2009340e8431314db7056edf1bd68 -> 
  custom:scripting/monoscript/fileName/PositionPathTweenProperty.cs: efde40660de14fd7cd1ede2fa47e9837 -> 
  custom:video-encoder-webm-vp8: eb34c28f22e8b96e1ab97ce403110664 -> 
  custom:scripting/monoscript/fileName/FloatTweenProperty.cs: 48aea3a8bbe79ca6e0baa81dc186bdfd -> 
  custom:scripting/monoscript/fileName/GoTweenChain.cs: f9995827e6ddafabc43c1b0e0dcfd886 -> 
  custom:scripting/monoscript/fileName/GoTweenCollectionConfig.cs: 37c99bdc8dc674650bd69bc44bb2e57b -> 
  custom:audio-decoder-ogg-vorbis: bf7c407c2cedff20999df2af8eb42d56 -> 
  custom:scripting/monoscript/fileName/AbstractQuaternionTweenProperty.cs: 65ceda31db804ab1e0e34f0e48afa285 -> 
  custom:scripting/monoscript/fileName/AbstractColorTweenProperty.cs: bba0da230ed56fc0a25af92f6a3e377e -> 
  custom:scripting/monoscript/fileName/AbstractVector3TweenProperty.cs: 6aa4defef7531529f4ddc1516936e2e3 -> 
  custom:CustomObjectIndexerAttribute: 9a22284fe3817be447336de3de66b15e -> 
  custom:scripting/monoscript/fileName/Vector4TweenProperty.cs: 18bb73739ede80588b5bfadcee873907 -> 
  custom:scripting/monoscript/fileName/GoEaseBack.cs: 3f6e00793ada35f633abc2146480990e -> 
  custom:container-demuxer-webm: 4f35f7cbe854078d1ac9338744f61a02 -> 
  custom:scripting/monoscript/fileName/GoTweenConfig.cs: 5b3154c82824c20addf84e8652f51cfe -> 
  custom:scripting/monoscript/fileName/RotationQuaternionTweenProperty.cs: e0d94af0c913b0be4cd670833a2cda91 -> 
  custom:scripting/monoscript/fileName/GoTweenUtils.cs: 867d37edf69335bc6e54784197f28064 -> 
  custom:scripting/monoscript/fileName/GoSplineCubicBezierSolver.cs: 6d81419c64f7c334f4359254f1cbade0 -> 
  custom:audio-encoder-webm-vorbis: bf7c407c2cedff20999df2af8eb42d56 -> 
  custom:scripting/monoscript/fileName/ScalePathTweenProperty.cs: 816c1a788eca415c60d1b7e87fb103fe -> 
  custom:scripting/monoscript/fileName/GoEaseElastic.cs: f0cafb366ac4251d5c35fe413d3f62f6 -> 
  custom:scripting/monoscript/fileName/GoDummyPath.cs: a21201ab2fac2187e4faeaf08bb4ec90 -> 
  custom:scripting/monoscript/fileName/PositionTweenProperty.cs: e367a96b2cbc0b819bff5d0620f4b258 -> 
  custom:scripting/monoscript/fileName/Vector3TweenProperty.cs: 8e9f9d7bb7b15068d97f4d593f097c86 -> 
  custom:scripting/monoscript/fileName/AbstractGoTween.cs: 3bdc69e313ad58745cd33c4b74e6a709 -> 
  custom:scripting/monoscript/fileName/GoSplineStraightLineSolver.cs: b6a3907f2ead3ba9ac17ad3fdd121ec9 -> 
  custom:scripting/monoscript/fileName/AbstractGoTweenCollection.cs: 61d9f5f358696a7942516ed78ffe7e98 -> 
  custom:scripting/monoscript/fileName/Vector3PathTweenProperty.cs: 94848aa2e96060cfeaf83844ee158f0c -> 
  custom:scripting/monoscript/fileName/Vector3ZTweenProperty.cs: 35595634a87246c4e13691b1563178c5 -> 
  custom:scripting/monoscript/fileName/AbstractTweenProperty.cs: c71b2ece20cb4e1e30772e574c806625 -> 
  custom:container-muxer-webm: aa71ff27fc2769a1b78a27578f13a17b -> 
  custom:scripting/monoscript/fileName/AbstractGoSplineSolver.cs: 788a6b8052af6ee0371d3a464e692d1b -> 
  custom:scripting/monoscript/fileName/GoTween.cs: 4df5a8b9fefcbd8a2b5d6fe6223ee62f -> 
  custom:scripting/monoscript/fileName/RotationTweenProperty.cs: 13e7fbd741208cd89873755249a873a9 -> 
========================================================================
Received Prepare
Begin MonoManager ReloadAssembly
- Loaded All Assemblies, in  0.283 seconds
Refreshing native plugins compatible for Editor in 1.06 ms, found 1 plugins.
Native extension for WindowsStandalone target not found
Native extension for Android target not found
Mono: successfully reloaded assembly
- Finished resetting the current domain, in  0.375 seconds
Domain Reload Profiling: 658ms
	BeginReloadAssembly (104ms)
		ExecutionOrderSort (0ms)
		DisableScriptedObjects (4ms)
		BackupInstance (0ms)
		ReleaseScriptingObjects (0ms)
		CreateAndSetChildDomain (18ms)
	RebuildCommonClasses (28ms)
	RebuildNativeTypeToScriptingClass (11ms)
	initialDomainReloadingComplete (20ms)
	LoadAllAssembliesAndSetupDomain (119ms)
		LoadAssemblies (166ms)
		RebuildTransferFunctionScriptingTraits (0ms)
		AnalyzeDomain (12ms)
			TypeCache.Refresh (6ms)
				TypeCache.ScanAssembly (0ms)
			ScanForSourceGeneratedMonoScriptInfo (2ms)
			ResolveRequiredComponents (4ms)
	FinalizeReload (376ms)
		ReleaseScriptCaches (0ms)
		RebuildScriptCaches (0ms)
		SetupLoadedEditorAssemblies (180ms)
			LogAssemblyErrors (0ms)
			InitializePlatformSupportModulesInManaged (17ms)
			SetLoadedEditorAssemblies (3ms)
			RefreshPlugins (0ms)
			BeforeProcessingInitializeOnLoad (33ms)
			ProcessInitializeOnLoadAttributes (103ms)
			ProcessInitializeOnLoadMethodAttributes (21ms)
			AfterProcessingInitializeOnLoad (2ms)
			EditorAssembliesLoaded (0ms)
		ExecutionOrderSort2 (0ms)
		AwakeInstancesAfterBackupRestoration (7ms)
Refreshing native plugins compatible for Editor in 1.36 ms, found 1 plugins.
Preloading 0 native plugins for Editor in 0.00 ms.
Unloading 2320 Unused Serialized files (Serialized files now loaded: 0)
Unloading 21 unused Assets / (27.0 KB). Loaded Objects now: 2884.
Memory consumption went from 105.9 MB to 105.8 MB.
Total: 2.017800 ms (FindLiveObjects: 0.192200 ms CreateObjectMapping: 0.105200 ms MarkObjects: 1.679200 ms  DeleteObjects: 0.039900 ms)

Prepare: number of updated asset objects reloaded= 0
AssetImportParameters requested are different than current active one (requested -> active):
  custom:scripting/monoscript/fileName/GoSmoothedVector3.cs: 3a6ceb396859da913cbecdd1940e0aa2 -> 
  custom:scripting/monoscript/fileName/EulerAnglesTweenProperty.cs: 7a2321a8c63f28c3857aa33414a11270 -> 
  custom:video-decoder-webm-vp8: 9c59270c3fd7afecdb556c50c9e8de78 -> 
  custom:scripting/monoscript/fileName/IGenericProperty.cs: f404e27010d8ce1a25f7cc2ac06431ac -> 
  custom:scripting/monoscript/fileName/GoEaseSinusoidal.cs: e637d6b7456e2acd06dfd152f10b71d1 -> 
  custom:scripting/monoscript/fileName/GoSplineCatmullRomSolver.cs: 8bbd4e9dc2722b25540d14d500b88879 -> 
  custom:scripting/monoscript/fileName/IntTweenProperty.cs: 1f39418055dd7708ff3b9e75a86d93a1 -> 
  custom:scripting/monoscript/fileName/Vector3YTweenProperty.cs: 2b996e9222bddad772657bb084e9da48 -> 
  custom:scripting/monoscript/fileName/GoEaseQuintic.cs: 672086238d051af0856016e64ad97204 -> 
  custom:scripting/monoscript/fileName/GoEaseCubic.cs: 7d74fd43480e52f793e3086826193b77 -> 
  custom:SearchIndexIgnoredProperties: e643bd26f0fe6173181afceb89e7c659 -> 
  custom:scripting/monoscript/fileName/GoSmoothedQuaternion.cs: 92de95a3ce149743e526859a8d0255c5 -> 
  custom:container-demuxer-ogg: 62fdf1f143b41e24485cea50d1cbac27 -> 
  custom:AudioImporter_EditorPlatform: d09bf68614088b80899f8185d706f6e7 -> 
  custom:scripting/monoscript/fileName/ShakeTweenProperty.cs: fdb713005206085d3b49cdd6b2d15f80 -> 
  custom:scripting/monoscript/fileName/Vector2TweenProperty.cs: d7a25a544d56d947d9526019347f1f6e -> 
  custom:scripting/monoscript/fileName/GoKitTweenExtensions.cs: 28ee7421c4d34eb9c057646838e28859 -> 
  custom:scripting/monoscript/fileName/Vector3XTweenProperty.cs: 9592582ea2f541a8cf92ba7dd7dd85f2 -> 
  custom:scripting/monoscript/fileName/Go.cs: 840adb47e0f4be71eeea7168442feb7d -> 
  custom:scripting/monoscript/fileName/ColorTweenProperty.cs: 94ba4bee52d153d3fd58a82d4cf8ce0c -> 
  custom:scripting/monoscript/fileName/GoEaseLinear.cs: b690756fd76817f101a31dcd50ae4adc -> 
  custom:scripting/monoscript/fileName/GoEaseExponential.cs: 8f890ce1f0130e8014d1a219fa0d7904 -> 
  custom:scripting/monoscript/fileName/ScaleTweenProperty.cs: 068e501b322923caa36166fe86d472e5 -> 
  custom:video-decoder-ogg-theora: a1e56fd34408186e4bbccfd4996cb3dc -> 
  custom:scripting/monoscript/fileName/GoSpline.cs: 8039f73cfdc174dc6ffa15343c307f29 -> 
  custom:scripting/monoscript/fileName/GoTweenFlow.cs: ce7a11a1fb9e8397b83cab3847ba7970 -> 
  custom:scripting/monoscript/fileName/GoEaseQuartic.cs: d34853ce84f33fe9033901002d4ff793 -> 
  custom:framework-win-MediaFoundation: 216162199b28c13a410421893ffa2e32 -> 
  custom:scripting/monoscript/fileName/GoEaseBounce.cs: e71b365170d63025c159c4756b1910b2 -> 
  custom:scripting/monoscript/fileName/GoSplineQuadraticBezierSolver.cs: 44dee8c5fd496e5eb749f54d83d1397e -> 
  custom:scripting/monoscript/fileName/GoEaseQuadratic.cs: e3ed230c2d29b99c6f642587e4ad0e5d -> 
  custom:scripting/monoscript/fileName/MaterialColorTweenProperty.cs: f6d4ed9537ac95d7564838fa4e660e7d -> 
  custom:scripting/monoscript/fileName/GoEaseCircular.cs: 84a2009340e8431314db7056edf1bd68 -> 
  custom:scripting/monoscript/fileName/PositionPathTweenProperty.cs: efde40660de14fd7cd1ede2fa47e9837 -> 
  custom:video-encoder-webm-vp8: eb34c28f22e8b96e1ab97ce403110664 -> 
  custom:scripting/monoscript/fileName/FloatTweenProperty.cs: 48aea3a8bbe79ca6e0baa81dc186bdfd -> 
  custom:scripting/monoscript/fileName/GoTweenChain.cs: f9995827e6ddafabc43c1b0e0dcfd886 -> 
  custom:scripting/monoscript/fileName/GoTweenCollectionConfig.cs: 37c99bdc8dc674650bd69bc44bb2e57b -> 
  custom:audio-decoder-ogg-vorbis: bf7c407c2cedff20999df2af8eb42d56 -> 
  custom:scripting/monoscript/fileName/AbstractQuaternionTweenProperty.cs: 65ceda31db804ab1e0e34f0e48afa285 -> 
  custom:scripting/monoscript/fileName/AbstractColorTweenProperty.cs: bba0da230ed56fc0a25af92f6a3e377e -> 
  custom:scripting/monoscript/fileName/AbstractVector3TweenProperty.cs: 6aa4defef7531529f4ddc1516936e2e3 -> 
  custom:CustomObjectIndexerAttribute: 9a22284fe3817be447336de3de66b15e -> 
  custom:scripting/monoscript/fileName/Vector4TweenProperty.cs: 18bb73739ede80588b5bfadcee873907 -> 
  custom:scripting/monoscript/fileName/GoEaseBack.cs: 3f6e00793ada35f633abc2146480990e -> 
  custom:container-demuxer-webm: 4f35f7cbe854078d1ac9338744f61a02 -> 
  custom:scripting/monoscript/fileName/GoTweenConfig.cs: 5b3154c82824c20addf84e8652f51cfe -> 
  custom:scripting/monoscript/fileName/RotationQuaternionTweenProperty.cs: e0d94af0c913b0be4cd670833a2cda91 -> 
  custom:scripting/monoscript/fileName/GoTweenUtils.cs: 867d37edf69335bc6e54784197f28064 -> 
  custom:scripting/monoscript/fileName/GoSplineCubicBezierSolver.cs: 6d81419c64f7c334f4359254f1cbade0 -> 
  custom:audio-encoder-webm-vorbis: bf7c407c2cedff20999df2af8eb42d56 -> 
  custom:scripting/monoscript/fileName/ScalePathTweenProperty.cs: 816c1a788eca415c60d1b7e87fb103fe -> 
  custom:scripting/monoscript/fileName/GoEaseElastic.cs: f0cafb366ac4251d5c35fe413d3f62f6 -> 
  custom:scripting/monoscript/fileName/GoDummyPath.cs: a21201ab2fac2187e4faeaf08bb4ec90 -> 
  custom:scripting/monoscript/fileName/PositionTweenProperty.cs: e367a96b2cbc0b819bff5d0620f4b258 -> 
  custom:scripting/monoscript/fileName/Vector3TweenProperty.cs: 8e9f9d7bb7b15068d97f4d593f097c86 -> 
  custom:scripting/monoscript/fileName/AbstractGoTween.cs: 3bdc69e313ad58745cd33c4b74e6a709 -> 
  custom:scripting/monoscript/fileName/GoSplineStraightLineSolver.cs: b6a3907f2ead3ba9ac17ad3fdd121ec9 -> 
  custom:scripting/monoscript/fileName/AbstractGoTweenCollection.cs: 61d9f5f358696a7942516ed78ffe7e98 -> 
  custom:scripting/monoscript/fileName/Vector3PathTweenProperty.cs: 94848aa2e96060cfeaf83844ee158f0c -> 
  custom:scripting/monoscript/fileName/Vector3ZTweenProperty.cs: 35595634a87246c4e13691b1563178c5 -> 
  custom:scripting/monoscript/fileName/AbstractTweenProperty.cs: c71b2ece20cb4e1e30772e574c806625 -> 
  custom:container-muxer-webm: aa71ff27fc2769a1b78a27578f13a17b -> 
  custom:scripting/monoscript/fileName/AbstractGoSplineSolver.cs: 788a6b8052af6ee0371d3a464e692d1b -> 
  custom:scripting/monoscript/fileName/GoTween.cs: 4df5a8b9fefcbd8a2b5d6fe6223ee62f -> 
  custom:scripting/monoscript/fileName/RotationTweenProperty.cs: 13e7fbd741208cd89873755249a873a9 -> 
========================================================================
Received Prepare
Begin MonoManager ReloadAssembly
- Loaded All Assemblies, in  0.292 seconds
Refreshing native plugins compatible for Editor in 1.07 ms, found 1 plugins.
Native extension for WindowsStandalone target not found
Native extension for Android target not found
Mono: successfully reloaded assembly
- Finished resetting the current domain, in  0.372 seconds
Domain Reload Profiling: 664ms
	BeginReloadAssembly (112ms)
		ExecutionOrderSort (0ms)
		DisableScriptedObjects (4ms)
		BackupInstance (0ms)
		ReleaseScriptingObjects (0ms)
		CreateAndSetChildDomain (18ms)
	RebuildCommonClasses (25ms)
	RebuildNativeTypeToScriptingClass (8ms)
	initialDomainReloadingComplete (19ms)
	LoadAllAssembliesAndSetupDomain (128ms)
		LoadAssemblies (185ms)
		RebuildTransferFunctionScriptingTraits (0ms)
		AnalyzeDomain (9ms)
			TypeCache.Refresh (4ms)
				TypeCache.ScanAssembly (0ms)
			ScanForSourceGeneratedMonoScriptInfo (0ms)
			ResolveRequiredComponents (4ms)
	FinalizeReload (372ms)
		ReleaseScriptCaches (0ms)
		RebuildScriptCaches (0ms)
		SetupLoadedEditorAssemblies (176ms)
			LogAssemblyErrors (0ms)
			InitializePlatformSupportModulesInManaged (17ms)
			SetLoadedEditorAssemblies (2ms)
			RefreshPlugins (0ms)
			BeforeProcessingInitializeOnLoad (33ms)
			ProcessInitializeOnLoadAttributes (106ms)
			ProcessInitializeOnLoadMethodAttributes (16ms)
			AfterProcessingInitializeOnLoad (2ms)
			EditorAssembliesLoaded (0ms)
		ExecutionOrderSort2 (0ms)
		AwakeInstancesAfterBackupRestoration (5ms)
Refreshing native plugins compatible for Editor in 1.04 ms, found 1 plugins.
Preloading 0 native plugins for Editor in 0.00 ms.
Unloading 2320 Unused Serialized files (Serialized files now loaded: 0)
Unloading 21 unused Assets / (27.0 KB). Loaded Objects now: 2887.
Memory consumption went from 105.9 MB to 105.8 MB.
Total: 1.886200 ms (FindLiveObjects: 0.168700 ms CreateObjectMapping: 0.050600 ms MarkObjects: 1.630800 ms  DeleteObjects: 0.035300 ms)

Prepare: number of updated asset objects reloaded= 0
AssetImportParameters requested are different than current active one (requested -> active):
  custom:scripting/monoscript/fileName/GoSmoothedVector3.cs: 3a6ceb396859da913cbecdd1940e0aa2 -> 
  custom:scripting/monoscript/fileName/EulerAnglesTweenProperty.cs: 7a2321a8c63f28c3857aa33414a11270 -> 
  custom:video-decoder-webm-vp8: 9c59270c3fd7afecdb556c50c9e8de78 -> 
  custom:scripting/monoscript/fileName/IGenericProperty.cs: f404e27010d8ce1a25f7cc2ac06431ac -> 
  custom:scripting/monoscript/fileName/GoEaseSinusoidal.cs: e637d6b7456e2acd06dfd152f10b71d1 -> 
  custom:scripting/monoscript/fileName/GoSplineCatmullRomSolver.cs: 8bbd4e9dc2722b25540d14d500b88879 -> 
  custom:scripting/monoscript/fileName/IntTweenProperty.cs: 1f39418055dd7708ff3b9e75a86d93a1 -> 
  custom:scripting/monoscript/fileName/Vector3YTweenProperty.cs: 2b996e9222bddad772657bb084e9da48 -> 
  custom:scripting/monoscript/fileName/GoEaseQuintic.cs: 672086238d051af0856016e64ad97204 -> 
  custom:scripting/monoscript/fileName/GoEaseCubic.cs: 7d74fd43480e52f793e3086826193b77 -> 
  custom:SearchIndexIgnoredProperties: e643bd26f0fe6173181afceb89e7c659 -> 
  custom:scripting/monoscript/fileName/GoSmoothedQuaternion.cs: 92de95a3ce149743e526859a8d0255c5 -> 
  custom:container-demuxer-ogg: 62fdf1f143b41e24485cea50d1cbac27 -> 
  custom:AudioImporter_EditorPlatform: d09bf68614088b80899f8185d706f6e7 -> 
  custom:scripting/monoscript/fileName/ShakeTweenProperty.cs: fdb713005206085d3b49cdd6b2d15f80 -> 
  custom:scripting/monoscript/fileName/Vector2TweenProperty.cs: d7a25a544d56d947d9526019347f1f6e -> 
  custom:scripting/monoscript/fileName/GoKitTweenExtensions.cs: 28ee7421c4d34eb9c057646838e28859 -> 
  custom:scripting/monoscript/fileName/Vector3XTweenProperty.cs: 9592582ea2f541a8cf92ba7dd7dd85f2 -> 
  custom:scripting/monoscript/fileName/Go.cs: 840adb47e0f4be71eeea7168442feb7d -> 
  custom:scripting/monoscript/fileName/ColorTweenProperty.cs: 94ba4bee52d153d3fd58a82d4cf8ce0c -> 
  custom:scripting/monoscript/fileName/GoEaseLinear.cs: b690756fd76817f101a31dcd50ae4adc -> 
  custom:scripting/monoscript/fileName/GoEaseExponential.cs: 8f890ce1f0130e8014d1a219fa0d7904 -> 
  custom:scripting/monoscript/fileName/ScaleTweenProperty.cs: 068e501b322923caa36166fe86d472e5 -> 
  custom:video-decoder-ogg-theora: a1e56fd34408186e4bbccfd4996cb3dc -> 
  custom:scripting/monoscript/fileName/GoSpline.cs: 8039f73cfdc174dc6ffa15343c307f29 -> 
  custom:scripting/monoscript/fileName/GoTweenFlow.cs: ce7a11a1fb9e8397b83cab3847ba7970 -> 
  custom:scripting/monoscript/fileName/GoEaseQuartic.cs: d34853ce84f33fe9033901002d4ff793 -> 
  custom:framework-win-MediaFoundation: 216162199b28c13a410421893ffa2e32 -> 
  custom:scripting/monoscript/fileName/GoEaseBounce.cs: e71b365170d63025c159c4756b1910b2 -> 
  custom:scripting/monoscript/fileName/GoSplineQuadraticBezierSolver.cs: 44dee8c5fd496e5eb749f54d83d1397e -> 
  custom:scripting/monoscript/fileName/GoEaseQuadratic.cs: e3ed230c2d29b99c6f642587e4ad0e5d -> 
  custom:scripting/monoscript/fileName/MaterialColorTweenProperty.cs: f6d4ed9537ac95d7564838fa4e660e7d -> 
  custom:scripting/monoscript/fileName/GoEaseCircular.cs: 84a2009340e8431314db7056edf1bd68 -> 
  custom:scripting/monoscript/fileName/PositionPathTweenProperty.cs: efde40660de14fd7cd1ede2fa47e9837 -> 
  custom:video-encoder-webm-vp8: eb34c28f22e8b96e1ab97ce403110664 -> 
  custom:scripting/monoscript/fileName/FloatTweenProperty.cs: 48aea3a8bbe79ca6e0baa81dc186bdfd -> 
  custom:scripting/monoscript/fileName/GoTweenChain.cs: f9995827e6ddafabc43c1b0e0dcfd886 -> 
  custom:scripting/monoscript/fileName/GoTweenCollectionConfig.cs: 37c99bdc8dc674650bd69bc44bb2e57b -> 
  custom:audio-decoder-ogg-vorbis: bf7c407c2cedff20999df2af8eb42d56 -> 
  custom:scripting/monoscript/fileName/AbstractQuaternionTweenProperty.cs: 65ceda31db804ab1e0e34f0e48afa285 -> 
  custom:scripting/monoscript/fileName/AbstractColorTweenProperty.cs: bba0da230ed56fc0a25af92f6a3e377e -> 
  custom:scripting/monoscript/fileName/AbstractVector3TweenProperty.cs: 6aa4defef7531529f4ddc1516936e2e3 -> 
  custom:CustomObjectIndexerAttribute: 9a22284fe3817be447336de3de66b15e -> 
  custom:scripting/monoscript/fileName/Vector4TweenProperty.cs: 18bb73739ede80588b5bfadcee873907 -> 
  custom:scripting/monoscript/fileName/GoEaseBack.cs: 3f6e00793ada35f633abc2146480990e -> 
  custom:container-demuxer-webm: 4f35f7cbe854078d1ac9338744f61a02 -> 
  custom:scripting/monoscript/fileName/GoTweenConfig.cs: 5b3154c82824c20addf84e8652f51cfe -> 
  custom:scripting/monoscript/fileName/RotationQuaternionTweenProperty.cs: e0d94af0c913b0be4cd670833a2cda91 -> 
  custom:scripting/monoscript/fileName/GoTweenUtils.cs: 867d37edf69335bc6e54784197f28064 -> 
  custom:scripting/monoscript/fileName/GoSplineCubicBezierSolver.cs: 6d81419c64f7c334f4359254f1cbade0 -> 
  custom:audio-encoder-webm-vorbis: bf7c407c2cedff20999df2af8eb42d56 -> 
  custom:scripting/monoscript/fileName/ScalePathTweenProperty.cs: 816c1a788eca415c60d1b7e87fb103fe -> 
  custom:scripting/monoscript/fileName/GoEaseElastic.cs: f0cafb366ac4251d5c35fe413d3f62f6 -> 
  custom:scripting/monoscript/fileName/GoDummyPath.cs: a21201ab2fac2187e4faeaf08bb4ec90 -> 
  custom:scripting/monoscript/fileName/PositionTweenProperty.cs: e367a96b2cbc0b819bff5d0620f4b258 -> 
  custom:scripting/monoscript/fileName/Vector3TweenProperty.cs: 8e9f9d7bb7b15068d97f4d593f097c86 -> 
  custom:scripting/monoscript/fileName/AbstractGoTween.cs: 3bdc69e313ad58745cd33c4b74e6a709 -> 
  custom:scripting/monoscript/fileName/GoSplineStraightLineSolver.cs: b6a3907f2ead3ba9ac17ad3fdd121ec9 -> 
  custom:scripting/monoscript/fileName/AbstractGoTweenCollection.cs: 61d9f5f358696a7942516ed78ffe7e98 -> 
  custom:scripting/monoscript/fileName/Vector3PathTweenProperty.cs: 94848aa2e96060cfeaf83844ee158f0c -> 
  custom:scripting/monoscript/fileName/Vector3ZTweenProperty.cs: 35595634a87246c4e13691b1563178c5 -> 
  custom:scripting/monoscript/fileName/AbstractTweenProperty.cs: c71b2ece20cb4e1e30772e574c806625 -> 
  custom:container-muxer-webm: aa71ff27fc2769a1b78a27578f13a17b -> 
  custom:scripting/monoscript/fileName/AbstractGoSplineSolver.cs: 788a6b8052af6ee0371d3a464e692d1b -> 
  custom:scripting/monoscript/fileName/GoTween.cs: 4df5a8b9fefcbd8a2b5d6fe6223ee62f -> 
  custom:scripting/monoscript/fileName/RotationTweenProperty.cs: 13e7fbd741208cd89873755249a873a9 -> 
========================================================================
Received Prepare
Begin MonoManager ReloadAssembly
- Loaded All Assemblies, in  0.273 seconds
Refreshing native plugins compatible for Editor in 1.05 ms, found 1 plugins.
Native extension for WindowsStandalone target not found
Native extension for Android target not found
Mono: successfully reloaded assembly
- Finished resetting the current domain, in  0.359 seconds
Domain Reload Profiling: 631ms
	BeginReloadAssembly (102ms)
		ExecutionOrderSort (0ms)
		DisableScriptedObjects (4ms)
		BackupInstance (0ms)
		ReleaseScriptingObjects (0ms)
		CreateAndSetChildDomain (16ms)
	RebuildCommonClasses (22ms)
	RebuildNativeTypeToScriptingClass (8ms)
	initialDomainReloadingComplete (18ms)
	LoadAllAssembliesAndSetupDomain (123ms)
		LoadAssemblies (170ms)
		RebuildTransferFunctionScriptingTraits (0ms)
		AnalyzeDomain (10ms)
			TypeCache.Refresh (5ms)
				TypeCache.ScanAssembly (0ms)
			ScanForSourceGeneratedMonoScriptInfo (0ms)
			ResolveRequiredComponents (4ms)
	FinalizeReload (359ms)
		ReleaseScriptCaches (0ms)
		RebuildScriptCaches (0ms)
		SetupLoadedEditorAssemblies (175ms)
			LogAssemblyErrors (0ms)
			InitializePlatformSupportModulesInManaged (18ms)
			SetLoadedEditorAssemblies (2ms)
			RefreshPlugins (0ms)
			BeforeProcessingInitializeOnLoad (37ms)
			ProcessInitializeOnLoadAttributes (101ms)
			ProcessInitializeOnLoadMethodAttributes (15ms)
			AfterProcessingInitializeOnLoad (2ms)
			EditorAssembliesLoaded (0ms)
		ExecutionOrderSort2 (0ms)
		AwakeInstancesAfterBackupRestoration (4ms)
Refreshing native plugins compatible for Editor in 1.09 ms, found 1 plugins.
Preloading 0 native plugins for Editor in 0.00 ms.
Unloading 2320 Unused Serialized files (Serialized files now loaded: 0)
Unloading 21 unused Assets / (27.0 KB). Loaded Objects now: 2890.
Memory consumption went from 105.9 MB to 105.8 MB.
Total: 2.025500 ms (FindLiveObjects: 0.202600 ms CreateObjectMapping: 0.063600 ms MarkObjects: 1.717800 ms  DeleteObjects: 0.040800 ms)

Prepare: number of updated asset objects reloaded= 0
AssetImportParameters requested are different than current active one (requested -> active):
  custom:scripting/monoscript/fileName/GoSmoothedVector3.cs: 3a6ceb396859da913cbecdd1940e0aa2 -> 
  custom:scripting/monoscript/fileName/EulerAnglesTweenProperty.cs: 7a2321a8c63f28c3857aa33414a11270 -> 
  custom:video-decoder-webm-vp8: 9c59270c3fd7afecdb556c50c9e8de78 -> 
  custom:scripting/monoscript/fileName/IGenericProperty.cs: f404e27010d8ce1a25f7cc2ac06431ac -> 
  custom:scripting/monoscript/fileName/GoEaseSinusoidal.cs: e637d6b7456e2acd06dfd152f10b71d1 -> 
  custom:scripting/monoscript/fileName/GoSplineCatmullRomSolver.cs: 8bbd4e9dc2722b25540d14d500b88879 -> 
  custom:scripting/monoscript/fileName/IntTweenProperty.cs: 1f39418055dd7708ff3b9e75a86d93a1 -> 
  custom:scripting/monoscript/fileName/Vector3YTweenProperty.cs: 2b996e9222bddad772657bb084e9da48 -> 
  custom:scripting/monoscript/fileName/GoEaseQuintic.cs: 672086238d051af0856016e64ad97204 -> 
  custom:scripting/monoscript/fileName/GoEaseCubic.cs: 7d74fd43480e52f793e3086826193b77 -> 
  custom:SearchIndexIgnoredProperties: e643bd26f0fe6173181afceb89e7c659 -> 
  custom:scripting/monoscript/fileName/GoSmoothedQuaternion.cs: 92de95a3ce149743e526859a8d0255c5 -> 
  custom:container-demuxer-ogg: 62fdf1f143b41e24485cea50d1cbac27 -> 
  custom:AudioImporter_EditorPlatform: d09bf68614088b80899f8185d706f6e7 -> 
  custom:scripting/monoscript/fileName/ShakeTweenProperty.cs: fdb713005206085d3b49cdd6b2d15f80 -> 
  custom:scripting/monoscript/fileName/Vector2TweenProperty.cs: d7a25a544d56d947d9526019347f1f6e -> 
  custom:scripting/monoscript/fileName/GoKitTweenExtensions.cs: 28ee7421c4d34eb9c057646838e28859 -> 
  custom:scripting/monoscript/fileName/Vector3XTweenProperty.cs: 9592582ea2f541a8cf92ba7dd7dd85f2 -> 
  custom:scripting/monoscript/fileName/Go.cs: 840adb47e0f4be71eeea7168442feb7d -> 
  custom:scripting/monoscript/fileName/ColorTweenProperty.cs: 94ba4bee52d153d3fd58a82d4cf8ce0c -> 
  custom:scripting/monoscript/fileName/GoEaseLinear.cs: b690756fd76817f101a31dcd50ae4adc -> 
  custom:scripting/monoscript/fileName/GoEaseExponential.cs: 8f890ce1f0130e8014d1a219fa0d7904 -> 
  custom:scripting/monoscript/fileName/ScaleTweenProperty.cs: 068e501b322923caa36166fe86d472e5 -> 
  custom:video-decoder-ogg-theora: a1e56fd34408186e4bbccfd4996cb3dc -> 
  custom:scripting/monoscript/fileName/GoSpline.cs: 8039f73cfdc174dc6ffa15343c307f29 -> 
  custom:scripting/monoscript/fileName/GoTweenFlow.cs: ce7a11a1fb9e8397b83cab3847ba7970 -> 
  custom:scripting/monoscript/fileName/GoEaseQuartic.cs: d34853ce84f33fe9033901002d4ff793 -> 
  custom:framework-win-MediaFoundation: 216162199b28c13a410421893ffa2e32 -> 
  custom:scripting/monoscript/fileName/GoEaseBounce.cs: e71b365170d63025c159c4756b1910b2 -> 
  custom:scripting/monoscript/fileName/GoSplineQuadraticBezierSolver.cs: 44dee8c5fd496e5eb749f54d83d1397e -> 
  custom:scripting/monoscript/fileName/GoEaseQuadratic.cs: e3ed230c2d29b99c6f642587e4ad0e5d -> 
  custom:scripting/monoscript/fileName/MaterialColorTweenProperty.cs: f6d4ed9537ac95d7564838fa4e660e7d -> 
  custom:scripting/monoscript/fileName/GoEaseCircular.cs: 84a2009340e8431314db7056edf1bd68 -> 
  custom:scripting/monoscript/fileName/PositionPathTweenProperty.cs: efde40660de14fd7cd1ede2fa47e9837 -> 
  custom:video-encoder-webm-vp8: eb34c28f22e8b96e1ab97ce403110664 -> 
  custom:scripting/monoscript/fileName/FloatTweenProperty.cs: 48aea3a8bbe79ca6e0baa81dc186bdfd -> 
  custom:scripting/monoscript/fileName/GoTweenChain.cs: f9995827e6ddafabc43c1b0e0dcfd886 -> 
  custom:scripting/monoscript/fileName/GoTweenCollectionConfig.cs: 37c99bdc8dc674650bd69bc44bb2e57b -> 
  custom:audio-decoder-ogg-vorbis: bf7c407c2cedff20999df2af8eb42d56 -> 
  custom:scripting/monoscript/fileName/AbstractQuaternionTweenProperty.cs: 65ceda31db804ab1e0e34f0e48afa285 -> 
  custom:scripting/monoscript/fileName/AbstractColorTweenProperty.cs: bba0da230ed56fc0a25af92f6a3e377e -> 
  custom:scripting/monoscript/fileName/AbstractVector3TweenProperty.cs: 6aa4defef7531529f4ddc1516936e2e3 -> 
  custom:CustomObjectIndexerAttribute: 9a22284fe3817be447336de3de66b15e -> 
  custom:scripting/monoscript/fileName/Vector4TweenProperty.cs: 18bb73739ede80588b5bfadcee873907 -> 
  custom:scripting/monoscript/fileName/GoEaseBack.cs: 3f6e00793ada35f633abc2146480990e -> 
  custom:container-demuxer-webm: 4f35f7cbe854078d1ac9338744f61a02 -> 
  custom:scripting/monoscript/fileName/GoTweenConfig.cs: 5b3154c82824c20addf84e8652f51cfe -> 
  custom:scripting/monoscript/fileName/RotationQuaternionTweenProperty.cs: e0d94af0c913b0be4cd670833a2cda91 -> 
  custom:scripting/monoscript/fileName/GoTweenUtils.cs: 867d37edf69335bc6e54784197f28064 -> 
  custom:scripting/monoscript/fileName/GoSplineCubicBezierSolver.cs: 6d81419c64f7c334f4359254f1cbade0 -> 
  custom:audio-encoder-webm-vorbis: bf7c407c2cedff20999df2af8eb42d56 -> 
  custom:scripting/monoscript/fileName/ScalePathTweenProperty.cs: 816c1a788eca415c60d1b7e87fb103fe -> 
  custom:scripting/monoscript/fileName/GoEaseElastic.cs: f0cafb366ac4251d5c35fe413d3f62f6 -> 
  custom:scripting/monoscript/fileName/GoDummyPath.cs: a21201ab2fac2187e4faeaf08bb4ec90 -> 
  custom:scripting/monoscript/fileName/PositionTweenProperty.cs: e367a96b2cbc0b819bff5d0620f4b258 -> 
  custom:scripting/monoscript/fileName/Vector3TweenProperty.cs: 8e9f9d7bb7b15068d97f4d593f097c86 -> 
  custom:scripting/monoscript/fileName/AbstractGoTween.cs: 3bdc69e313ad58745cd33c4b74e6a709 -> 
  custom:scripting/monoscript/fileName/GoSplineStraightLineSolver.cs: b6a3907f2ead3ba9ac17ad3fdd121ec9 -> 
  custom:scripting/monoscript/fileName/AbstractGoTweenCollection.cs: 61d9f5f358696a7942516ed78ffe7e98 -> 
  custom:scripting/monoscript/fileName/Vector3PathTweenProperty.cs: 94848aa2e96060cfeaf83844ee158f0c -> 
  custom:scripting/monoscript/fileName/Vector3ZTweenProperty.cs: 35595634a87246c4e13691b1563178c5 -> 
  custom:scripting/monoscript/fileName/AbstractTweenProperty.cs: c71b2ece20cb4e1e30772e574c806625 -> 
  custom:container-muxer-webm: aa71ff27fc2769a1b78a27578f13a17b -> 
  custom:scripting/monoscript/fileName/AbstractGoSplineSolver.cs: 788a6b8052af6ee0371d3a464e692d1b -> 
  custom:scripting/monoscript/fileName/GoTween.cs: 4df5a8b9fefcbd8a2b5d6fe6223ee62f -> 
  custom:scripting/monoscript/fileName/RotationTweenProperty.cs: 13e7fbd741208cd89873755249a873a9 -> 
========================================================================
Received Prepare
Begin MonoManager ReloadAssembly
- Loaded All Assemblies, in  0.297 seconds
Refreshing native plugins compatible for Editor in 1.01 ms, found 1 plugins.
Native extension for WindowsStandalone target not found
Native extension for Android target not found
Mono: successfully reloaded assembly
- Finished resetting the current domain, in  0.368 seconds
Domain Reload Profiling: 664ms
	BeginReloadAssembly (107ms)
		ExecutionOrderSort (0ms)
		DisableScriptedObjects (5ms)
		BackupInstance (0ms)
		ReleaseScriptingObjects (0ms)
		CreateAndSetChildDomain (18ms)
	RebuildCommonClasses (30ms)
	RebuildNativeTypeToScriptingClass (9ms)
	initialDomainReloadingComplete (24ms)
	LoadAllAssembliesAndSetupDomain (126ms)
		LoadAssemblies (178ms)
		RebuildTransferFunctionScriptingTraits (0ms)
		AnalyzeDomain (8ms)
			TypeCache.Refresh (4ms)
				TypeCache.ScanAssembly (0ms)
			ScanForSourceGeneratedMonoScriptInfo (0ms)
			ResolveRequiredComponents (4ms)
	FinalizeReload (368ms)
		ReleaseScriptCaches (0ms)
		RebuildScriptCaches (0ms)
		SetupLoadedEditorAssemblies (172ms)
			LogAssemblyErrors (0ms)
			InitializePlatformSupportModulesInManaged (16ms)
			SetLoadedEditorAssemblies (2ms)
			RefreshPlugins (0ms)
			BeforeProcessingInitializeOnLoad (33ms)
			ProcessInitializeOnLoadAttributes (105ms)
			ProcessInitializeOnLoadMethodAttributes (15ms)
			AfterProcessingInitializeOnLoad (2ms)
			EditorAssembliesLoaded (0ms)
		ExecutionOrderSort2 (0ms)
		AwakeInstancesAfterBackupRestoration (4ms)
Refreshing native plugins compatible for Editor in 1.46 ms, found 1 plugins.
Preloading 0 native plugins for Editor in 0.00 ms.
Unloading 2320 Unused Serialized files (Serialized files now loaded: 0)
Unloading 21 unused Assets / (26.9 KB). Loaded Objects now: 2893.
Memory consumption went from 105.9 MB to 105.8 MB.
Total: 1.801800 ms (FindLiveObjects: 0.139300 ms CreateObjectMapping: 0.051400 ms MarkObjects: 1.575600 ms  DeleteObjects: 0.035000 ms)

Prepare: number of updated asset objects reloaded= 0
AssetImportParameters requested are different than current active one (requested -> active):
  custom:scripting/monoscript/fileName/GoSmoothedVector3.cs: 3a6ceb396859da913cbecdd1940e0aa2 -> 
  custom:scripting/monoscript/fileName/EulerAnglesTweenProperty.cs: 7a2321a8c63f28c3857aa33414a11270 -> 
  custom:video-decoder-webm-vp8: 9c59270c3fd7afecdb556c50c9e8de78 -> 
  custom:scripting/monoscript/fileName/IGenericProperty.cs: f404e27010d8ce1a25f7cc2ac06431ac -> 
  custom:scripting/monoscript/fileName/GoEaseSinusoidal.cs: e637d6b7456e2acd06dfd152f10b71d1 -> 
  custom:scripting/monoscript/fileName/GoSplineCatmullRomSolver.cs: 8bbd4e9dc2722b25540d14d500b88879 -> 
  custom:scripting/monoscript/fileName/IntTweenProperty.cs: 1f39418055dd7708ff3b9e75a86d93a1 -> 
  custom:scripting/monoscript/fileName/Vector3YTweenProperty.cs: 2b996e9222bddad772657bb084e9da48 -> 
  custom:scripting/monoscript/fileName/GoEaseQuintic.cs: 672086238d051af0856016e64ad97204 -> 
  custom:scripting/monoscript/fileName/GoEaseCubic.cs: 7d74fd43480e52f793e3086826193b77 -> 
  custom:SearchIndexIgnoredProperties: e643bd26f0fe6173181afceb89e7c659 -> 
  custom:scripting/monoscript/fileName/GoSmoothedQuaternion.cs: 92de95a3ce149743e526859a8d0255c5 -> 
  custom:container-demuxer-ogg: 62fdf1f143b41e24485cea50d1cbac27 -> 
  custom:AudioImporter_EditorPlatform: d09bf68614088b80899f8185d706f6e7 -> 
  custom:scripting/monoscript/fileName/ShakeTweenProperty.cs: fdb713005206085d3b49cdd6b2d15f80 -> 
  custom:scripting/monoscript/fileName/Vector2TweenProperty.cs: d7a25a544d56d947d9526019347f1f6e -> 
  custom:scripting/monoscript/fileName/GoKitTweenExtensions.cs: 28ee7421c4d34eb9c057646838e28859 -> 
  custom:scripting/monoscript/fileName/Vector3XTweenProperty.cs: 9592582ea2f541a8cf92ba7dd7dd85f2 -> 
  custom:scripting/monoscript/fileName/Go.cs: 840adb47e0f4be71eeea7168442feb7d -> 
  custom:scripting/monoscript/fileName/ColorTweenProperty.cs: 94ba4bee52d153d3fd58a82d4cf8ce0c -> 
  custom:scripting/monoscript/fileName/GoEaseLinear.cs: b690756fd76817f101a31dcd50ae4adc -> 
  custom:scripting/monoscript/fileName/GoEaseExponential.cs: 8f890ce1f0130e8014d1a219fa0d7904 -> 
  custom:scripting/monoscript/fileName/ScaleTweenProperty.cs: 068e501b322923caa36166fe86d472e5 -> 
  custom:video-decoder-ogg-theora: a1e56fd34408186e4bbccfd4996cb3dc -> 
  custom:scripting/monoscript/fileName/GoSpline.cs: 8039f73cfdc174dc6ffa15343c307f29 -> 
  custom:scripting/monoscript/fileName/GoTweenFlow.cs: ce7a11a1fb9e8397b83cab3847ba7970 -> 
  custom:scripting/monoscript/fileName/GoEaseQuartic.cs: d34853ce84f33fe9033901002d4ff793 -> 
  custom:framework-win-MediaFoundation: 216162199b28c13a410421893ffa2e32 -> 
  custom:scripting/monoscript/fileName/GoEaseBounce.cs: e71b365170d63025c159c4756b1910b2 -> 
  custom:scripting/monoscript/fileName/GoSplineQuadraticBezierSolver.cs: 44dee8c5fd496e5eb749f54d83d1397e -> 
  custom:scripting/monoscript/fileName/GoEaseQuadratic.cs: e3ed230c2d29b99c6f642587e4ad0e5d -> 
  custom:scripting/monoscript/fileName/MaterialColorTweenProperty.cs: f6d4ed9537ac95d7564838fa4e660e7d -> 
  custom:scripting/monoscript/fileName/GoEaseCircular.cs: 84a2009340e8431314db7056edf1bd68 -> 
  custom:scripting/monoscript/fileName/PositionPathTweenProperty.cs: efde40660de14fd7cd1ede2fa47e9837 -> 
  custom:video-encoder-webm-vp8: eb34c28f22e8b96e1ab97ce403110664 -> 
  custom:scripting/monoscript/fileName/FloatTweenProperty.cs: 48aea3a8bbe79ca6e0baa81dc186bdfd -> 
  custom:scripting/monoscript/fileName/GoTweenChain.cs: f9995827e6ddafabc43c1b0e0dcfd886 -> 
  custom:scripting/monoscript/fileName/GoTweenCollectionConfig.cs: 37c99bdc8dc674650bd69bc44bb2e57b -> 
  custom:audio-decoder-ogg-vorbis: bf7c407c2cedff20999df2af8eb42d56 -> 
  custom:scripting/monoscript/fileName/AbstractQuaternionTweenProperty.cs: 65ceda31db804ab1e0e34f0e48afa285 -> 
  custom:scripting/monoscript/fileName/AbstractColorTweenProperty.cs: bba0da230ed56fc0a25af92f6a3e377e -> 
  custom:scripting/monoscript/fileName/AbstractVector3TweenProperty.cs: 6aa4defef7531529f4ddc1516936e2e3 -> 
  custom:CustomObjectIndexerAttribute: 9a22284fe3817be447336de3de66b15e -> 
  custom:scripting/monoscript/fileName/Vector4TweenProperty.cs: 18bb73739ede80588b5bfadcee873907 -> 
  custom:scripting/monoscript/fileName/GoEaseBack.cs: 3f6e00793ada35f633abc2146480990e -> 
  custom:container-demuxer-webm: 4f35f7cbe854078d1ac9338744f61a02 -> 
  custom:scripting/monoscript/fileName/GoTweenConfig.cs: 5b3154c82824c20addf84e8652f51cfe -> 
  custom:scripting/monoscript/fileName/RotationQuaternionTweenProperty.cs: e0d94af0c913b0be4cd670833a2cda91 -> 
  custom:scripting/monoscript/fileName/GoTweenUtils.cs: 867d37edf69335bc6e54784197f28064 -> 
  custom:scripting/monoscript/fileName/GoSplineCubicBezierSolver.cs: 6d81419c64f7c334f4359254f1cbade0 -> 
  custom:audio-encoder-webm-vorbis: bf7c407c2cedff20999df2af8eb42d56 -> 
  custom:scripting/monoscript/fileName/ScalePathTweenProperty.cs: 816c1a788eca415c60d1b7e87fb103fe -> 
  custom:scripting/monoscript/fileName/GoEaseElastic.cs: f0cafb366ac4251d5c35fe413d3f62f6 -> 
  custom:scripting/monoscript/fileName/GoDummyPath.cs: a21201ab2fac2187e4faeaf08bb4ec90 -> 
  custom:scripting/monoscript/fileName/PositionTweenProperty.cs: e367a96b2cbc0b819bff5d0620f4b258 -> 
  custom:scripting/monoscript/fileName/Vector3TweenProperty.cs: 8e9f9d7bb7b15068d97f4d593f097c86 -> 
  custom:scripting/monoscript/fileName/AbstractGoTween.cs: 3bdc69e313ad58745cd33c4b74e6a709 -> 
  custom:scripting/monoscript/fileName/GoSplineStraightLineSolver.cs: b6a3907f2ead3ba9ac17ad3fdd121ec9 -> 
  custom:scripting/monoscript/fileName/AbstractGoTweenCollection.cs: 61d9f5f358696a7942516ed78ffe7e98 -> 
  custom:scripting/monoscript/fileName/Vector3PathTweenProperty.cs: 94848aa2e96060cfeaf83844ee158f0c -> 
  custom:scripting/monoscript/fileName/Vector3ZTweenProperty.cs: 35595634a87246c4e13691b1563178c5 -> 
  custom:scripting/monoscript/fileName/AbstractTweenProperty.cs: c71b2ece20cb4e1e30772e574c806625 -> 
  custom:container-muxer-webm: aa71ff27fc2769a1b78a27578f13a17b -> 
  custom:scripting/monoscript/fileName/AbstractGoSplineSolver.cs: 788a6b8052af6ee0371d3a464e692d1b -> 
  custom:scripting/monoscript/fileName/GoTween.cs: 4df5a8b9fefcbd8a2b5d6fe6223ee62f -> 
  custom:scripting/monoscript/fileName/RotationTweenProperty.cs: 13e7fbd741208cd89873755249a873a9 -> 
========================================================================
Received Prepare
Begin MonoManager ReloadAssembly
- Loaded All Assemblies, in  0.272 seconds
Refreshing native plugins compatible for Editor in 1.12 ms, found 1 plugins.
Native extension for WindowsStandalone target not found
Native extension for Android target not found
Mono: successfully reloaded assembly
- Finished resetting the current domain, in  0.358 seconds
Domain Reload Profiling: 631ms
	BeginReloadAssembly (102ms)
		ExecutionOrderSort (0ms)
		DisableScriptedObjects (4ms)
		BackupInstance (0ms)
		ReleaseScriptingObjects (0ms)
		CreateAndSetChildDomain (16ms)
	RebuildCommonClasses (23ms)
	RebuildNativeTypeToScriptingClass (8ms)
	initialDomainReloadingComplete (18ms)
	LoadAllAssembliesAndSetupDomain (121ms)
		LoadAssemblies (171ms)
		RebuildTransferFunctionScriptingTraits (0ms)
		AnalyzeDomain (9ms)
			TypeCache.Refresh (4ms)
				TypeCache.ScanAssembly (0ms)
			ScanForSourceGeneratedMonoScriptInfo (0ms)
			ResolveRequiredComponents (4ms)
	FinalizeReload (359ms)
		ReleaseScriptCaches (0ms)
		RebuildScriptCaches (0ms)
		SetupLoadedEditorAssemblies (179ms)
			LogAssemblyErrors (0ms)
			InitializePlatformSupportModulesInManaged (16ms)
			SetLoadedEditorAssemblies (2ms)
			RefreshPlugins (0ms)
			BeforeProcessingInitializeOnLoad (35ms)
			ProcessInitializeOnLoadAttributes (108ms)
			ProcessInitializeOnLoadMethodAttributes (16ms)
			AfterProcessingInitializeOnLoad (2ms)
			EditorAssembliesLoaded (0ms)
		ExecutionOrderSort2 (0ms)
		AwakeInstancesAfterBackupRestoration (5ms)
Refreshing native plugins compatible for Editor in 1.30 ms, found 1 plugins.
Preloading 0 native plugins for Editor in 0.00 ms.
Unloading 2320 Unused Serialized files (Serialized files now loaded: 0)
Unloading 21 unused Assets / (26.9 KB). Loaded Objects now: 2896.
Memory consumption went from 105.9 MB to 105.8 MB.
Total: 1.839400 ms (FindLiveObjects: 0.141000 ms CreateObjectMapping: 0.050300 ms MarkObjects: 1.612700 ms  DeleteObjects: 0.034400 ms)

Prepare: number of updated asset objects reloaded= 0
AssetImportParameters requested are different than current active one (requested -> active):
  custom:scripting/monoscript/fileName/GoSmoothedVector3.cs: 3a6ceb396859da913cbecdd1940e0aa2 -> 
  custom:scripting/monoscript/fileName/EulerAnglesTweenProperty.cs: 7a2321a8c63f28c3857aa33414a11270 -> 
  custom:video-decoder-webm-vp8: 9c59270c3fd7afecdb556c50c9e8de78 -> 
  custom:scripting/monoscript/fileName/IGenericProperty.cs: f404e27010d8ce1a25f7cc2ac06431ac -> 
  custom:scripting/monoscript/fileName/GoEaseSinusoidal.cs: e637d6b7456e2acd06dfd152f10b71d1 -> 
  custom:scripting/monoscript/fileName/GoSplineCatmullRomSolver.cs: 8bbd4e9dc2722b25540d14d500b88879 -> 
  custom:scripting/monoscript/fileName/IntTweenProperty.cs: 1f39418055dd7708ff3b9e75a86d93a1 -> 
  custom:scripting/monoscript/fileName/Vector3YTweenProperty.cs: 2b996e9222bddad772657bb084e9da48 -> 
  custom:scripting/monoscript/fileName/GoEaseQuintic.cs: 672086238d051af0856016e64ad97204 -> 
  custom:scripting/monoscript/fileName/GoEaseCubic.cs: 7d74fd43480e52f793e3086826193b77 -> 
  custom:SearchIndexIgnoredProperties: e643bd26f0fe6173181afceb89e7c659 -> 
  custom:scripting/monoscript/fileName/GoSmoothedQuaternion.cs: 92de95a3ce149743e526859a8d0255c5 -> 
  custom:container-demuxer-ogg: 62fdf1f143b41e24485cea50d1cbac27 -> 
  custom:AudioImporter_EditorPlatform: d09bf68614088b80899f8185d706f6e7 -> 
  custom:scripting/monoscript/fileName/ShakeTweenProperty.cs: fdb713005206085d3b49cdd6b2d15f80 -> 
  custom:scripting/monoscript/fileName/Vector2TweenProperty.cs: d7a25a544d56d947d9526019347f1f6e -> 
  custom:scripting/monoscript/fileName/GoKitTweenExtensions.cs: 28ee7421c4d34eb9c057646838e28859 -> 
  custom:scripting/monoscript/fileName/Vector3XTweenProperty.cs: 9592582ea2f541a8cf92ba7dd7dd85f2 -> 
  custom:scripting/monoscript/fileName/Go.cs: 840adb47e0f4be71eeea7168442feb7d -> 
  custom:scripting/monoscript/fileName/ColorTweenProperty.cs: 94ba4bee52d153d3fd58a82d4cf8ce0c -> 
  custom:scripting/monoscript/fileName/GoEaseLinear.cs: b690756fd76817f101a31dcd50ae4adc -> 
  custom:scripting/monoscript/fileName/GoEaseExponential.cs: 8f890ce1f0130e8014d1a219fa0d7904 -> 
  custom:scripting/monoscript/fileName/ScaleTweenProperty.cs: 068e501b322923caa36166fe86d472e5 -> 
  custom:video-decoder-ogg-theora: a1e56fd34408186e4bbccfd4996cb3dc -> 
  custom:scripting/monoscript/fileName/GoSpline.cs: 8039f73cfdc174dc6ffa15343c307f29 -> 
  custom:scripting/monoscript/fileName/GoTweenFlow.cs: ce7a11a1fb9e8397b83cab3847ba7970 -> 
  custom:scripting/monoscript/fileName/GoEaseQuartic.cs: d34853ce84f33fe9033901002d4ff793 -> 
  custom:framework-win-MediaFoundation: 216162199b28c13a410421893ffa2e32 -> 
  custom:scripting/monoscript/fileName/GoEaseBounce.cs: e71b365170d63025c159c4756b1910b2 -> 
  custom:scripting/monoscript/fileName/GoSplineQuadraticBezierSolver.cs: 44dee8c5fd496e5eb749f54d83d1397e -> 
  custom:scripting/monoscript/fileName/GoEaseQuadratic.cs: e3ed230c2d29b99c6f642587e4ad0e5d -> 
  custom:scripting/monoscript/fileName/MaterialColorTweenProperty.cs: f6d4ed9537ac95d7564838fa4e660e7d -> 
  custom:scripting/monoscript/fileName/GoEaseCircular.cs: 84a2009340e8431314db7056edf1bd68 -> 
  custom:scripting/monoscript/fileName/PositionPathTweenProperty.cs: efde40660de14fd7cd1ede2fa47e9837 -> 
  custom:video-encoder-webm-vp8: eb34c28f22e8b96e1ab97ce403110664 -> 
  custom:scripting/monoscript/fileName/FloatTweenProperty.cs: 48aea3a8bbe79ca6e0baa81dc186bdfd -> 
  custom:scripting/monoscript/fileName/GoTweenChain.cs: f9995827e6ddafabc43c1b0e0dcfd886 -> 
  custom:scripting/monoscript/fileName/GoTweenCollectionConfig.cs: 37c99bdc8dc674650bd69bc44bb2e57b -> 
  custom:audio-decoder-ogg-vorbis: bf7c407c2cedff20999df2af8eb42d56 -> 
  custom:scripting/monoscript/fileName/AbstractQuaternionTweenProperty.cs: 65ceda31db804ab1e0e34f0e48afa285 -> 
  custom:scripting/monoscript/fileName/AbstractColorTweenProperty.cs: bba0da230ed56fc0a25af92f6a3e377e -> 
  custom:scripting/monoscript/fileName/AbstractVector3TweenProperty.cs: 6aa4defef7531529f4ddc1516936e2e3 -> 
  custom:CustomObjectIndexerAttribute: 9a22284fe3817be447336de3de66b15e -> 
  custom:scripting/monoscript/fileName/Vector4TweenProperty.cs: 18bb73739ede80588b5bfadcee873907 -> 
  custom:scripting/monoscript/fileName/GoEaseBack.cs: 3f6e00793ada35f633abc2146480990e -> 
  custom:container-demuxer-webm: 4f35f7cbe854078d1ac9338744f61a02 -> 
  custom:scripting/monoscript/fileName/GoTweenConfig.cs: 5b3154c82824c20addf84e8652f51cfe -> 
  custom:scripting/monoscript/fileName/RotationQuaternionTweenProperty.cs: e0d94af0c913b0be4cd670833a2cda91 -> 
  custom:scripting/monoscript/fileName/GoTweenUtils.cs: 867d37edf69335bc6e54784197f28064 -> 
  custom:scripting/monoscript/fileName/GoSplineCubicBezierSolver.cs: 6d81419c64f7c334f4359254f1cbade0 -> 
  custom:audio-encoder-webm-vorbis: bf7c407c2cedff20999df2af8eb42d56 -> 
  custom:scripting/monoscript/fileName/ScalePathTweenProperty.cs: 816c1a788eca415c60d1b7e87fb103fe -> 
  custom:scripting/monoscript/fileName/GoEaseElastic.cs: f0cafb366ac4251d5c35fe413d3f62f6 -> 
  custom:scripting/monoscript/fileName/GoDummyPath.cs: a21201ab2fac2187e4faeaf08bb4ec90 -> 
  custom:scripting/monoscript/fileName/PositionTweenProperty.cs: e367a96b2cbc0b819bff5d0620f4b258 -> 
  custom:scripting/monoscript/fileName/Vector3TweenProperty.cs: 8e9f9d7bb7b15068d97f4d593f097c86 -> 
  custom:scripting/monoscript/fileName/AbstractGoTween.cs: 3bdc69e313ad58745cd33c4b74e6a709 -> 
  custom:scripting/monoscript/fileName/GoSplineStraightLineSolver.cs: b6a3907f2ead3ba9ac17ad3fdd121ec9 -> 
  custom:scripting/monoscript/fileName/AbstractGoTweenCollection.cs: 61d9f5f358696a7942516ed78ffe7e98 -> 
  custom:scripting/monoscript/fileName/Vector3PathTweenProperty.cs: 94848aa2e96060cfeaf83844ee158f0c -> 
  custom:scripting/monoscript/fileName/Vector3ZTweenProperty.cs: 35595634a87246c4e13691b1563178c5 -> 
  custom:scripting/monoscript/fileName/AbstractTweenProperty.cs: c71b2ece20cb4e1e30772e574c806625 -> 
  custom:container-muxer-webm: aa71ff27fc2769a1b78a27578f13a17b -> 
  custom:scripting/monoscript/fileName/AbstractGoSplineSolver.cs: 788a6b8052af6ee0371d3a464e692d1b -> 
  custom:scripting/monoscript/fileName/GoTween.cs: 4df5a8b9fefcbd8a2b5d6fe6223ee62f -> 
  custom:scripting/monoscript/fileName/RotationTweenProperty.cs: 13e7fbd741208cd89873755249a873a9 -> 
========================================================================
Received Prepare
Begin MonoManager ReloadAssembly
- Loaded All Assemblies, in  0.294 seconds
Refreshing native plugins compatible for Editor in 1.12 ms, found 1 plugins.
Native extension for WindowsStandalone target not found
Native extension for Android target not found
Mono: successfully reloaded assembly
- Finished resetting the current domain, in  0.370 seconds
Domain Reload Profiling: 665ms
	BeginReloadAssembly (114ms)
		ExecutionOrderSort (0ms)
		DisableScriptedObjects (4ms)
		BackupInstance (0ms)
		ReleaseScriptingObjects (0ms)
		CreateAndSetChildDomain (17ms)
	RebuildCommonClasses (23ms)
	RebuildNativeTypeToScriptingClass (8ms)
	initialDomainReloadingComplete (20ms)
	LoadAllAssembliesAndSetupDomain (130ms)
		LoadAssemblies (186ms)
		RebuildTransferFunctionScriptingTraits (0ms)
		AnalyzeDomain (13ms)
			TypeCache.Refresh (5ms)
				TypeCache.ScanAssembly (0ms)
			ScanForSourceGeneratedMonoScriptInfo (2ms)
			ResolveRequiredComponents (4ms)
	FinalizeReload (371ms)
		ReleaseScriptCaches (0ms)
		RebuildScriptCaches (0ms)
		SetupLoadedEditorAssemblies (193ms)
			LogAssemblyErrors (0ms)
			InitializePlatformSupportModulesInManaged (16ms)
			SetLoadedEditorAssemblies (2ms)
			RefreshPlugins (0ms)
			BeforeProcessingInitializeOnLoad (36ms)
			ProcessInitializeOnLoadAttributes (119ms)
			ProcessInitializeOnLoadMethodAttributes (17ms)
			AfterProcessingInitializeOnLoad (2ms)
			EditorAssembliesLoaded (0ms)
		ExecutionOrderSort2 (0ms)
		AwakeInstancesAfterBackupRestoration (6ms)
Refreshing native plugins compatible for Editor in 1.48 ms, found 1 plugins.
Preloading 0 native plugins for Editor in 0.00 ms.
Unloading 2320 Unused Serialized files (Serialized files now loaded: 0)
Unloading 21 unused Assets / (27.0 KB). Loaded Objects now: 2899.
Memory consumption went from 105.9 MB to 105.8 MB.
Total: 2.115900 ms (FindLiveObjects: 0.170700 ms CreateObjectMapping: 0.056200 ms MarkObjects: 1.847000 ms  DeleteObjects: 0.040900 ms)

Prepare: number of updated asset objects reloaded= 0
AssetImportParameters requested are different than current active one (requested -> active):
  custom:scripting/monoscript/fileName/GoSmoothedVector3.cs: 3a6ceb396859da913cbecdd1940e0aa2 -> 
  custom:scripting/monoscript/fileName/EulerAnglesTweenProperty.cs: 7a2321a8c63f28c3857aa33414a11270 -> 
  custom:video-decoder-webm-vp8: 9c59270c3fd7afecdb556c50c9e8de78 -> 
  custom:scripting/monoscript/fileName/IGenericProperty.cs: f404e27010d8ce1a25f7cc2ac06431ac -> 
  custom:scripting/monoscript/fileName/GoEaseSinusoidal.cs: e637d6b7456e2acd06dfd152f10b71d1 -> 
  custom:scripting/monoscript/fileName/GoSplineCatmullRomSolver.cs: 8bbd4e9dc2722b25540d14d500b88879 -> 
  custom:scripting/monoscript/fileName/IntTweenProperty.cs: 1f39418055dd7708ff3b9e75a86d93a1 -> 
  custom:scripting/monoscript/fileName/Vector3YTweenProperty.cs: 2b996e9222bddad772657bb084e9da48 -> 
  custom:scripting/monoscript/fileName/GoEaseQuintic.cs: 672086238d051af0856016e64ad97204 -> 
  custom:scripting/monoscript/fileName/GoEaseCubic.cs: 7d74fd43480e52f793e3086826193b77 -> 
  custom:SearchIndexIgnoredProperties: e643bd26f0fe6173181afceb89e7c659 -> 
  custom:scripting/monoscript/fileName/GoSmoothedQuaternion.cs: 92de95a3ce149743e526859a8d0255c5 -> 
  custom:container-demuxer-ogg: 62fdf1f143b41e24485cea50d1cbac27 -> 
  custom:AudioImporter_EditorPlatform: d09bf68614088b80899f8185d706f6e7 -> 
  custom:scripting/monoscript/fileName/ShakeTweenProperty.cs: fdb713005206085d3b49cdd6b2d15f80 -> 
  custom:scripting/monoscript/fileName/Vector2TweenProperty.cs: d7a25a544d56d947d9526019347f1f6e -> 
  custom:scripting/monoscript/fileName/GoKitTweenExtensions.cs: 28ee7421c4d34eb9c057646838e28859 -> 
  custom:scripting/monoscript/fileName/Vector3XTweenProperty.cs: 9592582ea2f541a8cf92ba7dd7dd85f2 -> 
  custom:scripting/monoscript/fileName/Go.cs: 840adb47e0f4be71eeea7168442feb7d -> 
  custom:scripting/monoscript/fileName/ColorTweenProperty.cs: 94ba4bee52d153d3fd58a82d4cf8ce0c -> 
  custom:scripting/monoscript/fileName/GoEaseLinear.cs: b690756fd76817f101a31dcd50ae4adc -> 
  custom:scripting/monoscript/fileName/GoEaseExponential.cs: 8f890ce1f0130e8014d1a219fa0d7904 -> 
  custom:scripting/monoscript/fileName/ScaleTweenProperty.cs: 068e501b322923caa36166fe86d472e5 -> 
  custom:video-decoder-ogg-theora: a1e56fd34408186e4bbccfd4996cb3dc -> 
  custom:scripting/monoscript/fileName/GoSpline.cs: 8039f73cfdc174dc6ffa15343c307f29 -> 
  custom:scripting/monoscript/fileName/GoTweenFlow.cs: ce7a11a1fb9e8397b83cab3847ba7970 -> 
  custom:scripting/monoscript/fileName/GoEaseQuartic.cs: d34853ce84f33fe9033901002d4ff793 -> 
  custom:framework-win-MediaFoundation: 216162199b28c13a410421893ffa2e32 -> 
  custom:scripting/monoscript/fileName/GoEaseBounce.cs: e71b365170d63025c159c4756b1910b2 -> 
  custom:scripting/monoscript/fileName/GoSplineQuadraticBezierSolver.cs: 44dee8c5fd496e5eb749f54d83d1397e -> 
  custom:scripting/monoscript/fileName/GoEaseQuadratic.cs: e3ed230c2d29b99c6f642587e4ad0e5d -> 
  custom:scripting/monoscript/fileName/MaterialColorTweenProperty.cs: f6d4ed9537ac95d7564838fa4e660e7d -> 
  custom:scripting/monoscript/fileName/GoEaseCircular.cs: 84a2009340e8431314db7056edf1bd68 -> 
  custom:scripting/monoscript/fileName/PositionPathTweenProperty.cs: efde40660de14fd7cd1ede2fa47e9837 -> 
  custom:video-encoder-webm-vp8: eb34c28f22e8b96e1ab97ce403110664 -> 
  custom:scripting/monoscript/fileName/FloatTweenProperty.cs: 48aea3a8bbe79ca6e0baa81dc186bdfd -> 
  custom:scripting/monoscript/fileName/GoTweenChain.cs: f9995827e6ddafabc43c1b0e0dcfd886 -> 
  custom:scripting/monoscript/fileName/GoTweenCollectionConfig.cs: 37c99bdc8dc674650bd69bc44bb2e57b -> 
  custom:audio-decoder-ogg-vorbis: bf7c407c2cedff20999df2af8eb42d56 -> 
  custom:scripting/monoscript/fileName/AbstractQuaternionTweenProperty.cs: 65ceda31db804ab1e0e34f0e48afa285 -> 
  custom:scripting/monoscript/fileName/AbstractColorTweenProperty.cs: bba0da230ed56fc0a25af92f6a3e377e -> 
  custom:scripting/monoscript/fileName/AbstractVector3TweenProperty.cs: 6aa4defef7531529f4ddc1516936e2e3 -> 
  custom:CustomObjectIndexerAttribute: 9a22284fe3817be447336de3de66b15e -> 
  custom:scripting/monoscript/fileName/Vector4TweenProperty.cs: 18bb73739ede80588b5bfadcee873907 -> 
  custom:scripting/monoscript/fileName/GoEaseBack.cs: 3f6e00793ada35f633abc2146480990e -> 
  custom:container-demuxer-webm: 4f35f7cbe854078d1ac9338744f61a02 -> 
  custom:scripting/monoscript/fileName/GoTweenConfig.cs: 5b3154c82824c20addf84e8652f51cfe -> 
  custom:scripting/monoscript/fileName/RotationQuaternionTweenProperty.cs: e0d94af0c913b0be4cd670833a2cda91 -> 
  custom:scripting/monoscript/fileName/GoTweenUtils.cs: 867d37edf69335bc6e54784197f28064 -> 
  custom:scripting/monoscript/fileName/GoSplineCubicBezierSolver.cs: 6d81419c64f7c334f4359254f1cbade0 -> 
  custom:audio-encoder-webm-vorbis: bf7c407c2cedff20999df2af8eb42d56 -> 
  custom:scripting/monoscript/fileName/ScalePathTweenProperty.cs: 816c1a788eca415c60d1b7e87fb103fe -> 
  custom:scripting/monoscript/fileName/GoEaseElastic.cs: f0cafb366ac4251d5c35fe413d3f62f6 -> 
  custom:scripting/monoscript/fileName/GoDummyPath.cs: a21201ab2fac2187e4faeaf08bb4ec90 -> 
  custom:scripting/monoscript/fileName/PositionTweenProperty.cs: e367a96b2cbc0b819bff5d0620f4b258 -> 
  custom:scripting/monoscript/fileName/Vector3TweenProperty.cs: 8e9f9d7bb7b15068d97f4d593f097c86 -> 
  custom:scripting/monoscript/fileName/AbstractGoTween.cs: 3bdc69e313ad58745cd33c4b74e6a709 -> 
  custom:scripting/monoscript/fileName/GoSplineStraightLineSolver.cs: b6a3907f2ead3ba9ac17ad3fdd121ec9 -> 
  custom:scripting/monoscript/fileName/AbstractGoTweenCollection.cs: 61d9f5f358696a7942516ed78ffe7e98 -> 
  custom:scripting/monoscript/fileName/Vector3PathTweenProperty.cs: 94848aa2e96060cfeaf83844ee158f0c -> 
  custom:scripting/monoscript/fileName/Vector3ZTweenProperty.cs: 35595634a87246c4e13691b1563178c5 -> 
  custom:scripting/monoscript/fileName/AbstractTweenProperty.cs: c71b2ece20cb4e1e30772e574c806625 -> 
  custom:container-muxer-webm: aa71ff27fc2769a1b78a27578f13a17b -> 
  custom:scripting/monoscript/fileName/AbstractGoSplineSolver.cs: 788a6b8052af6ee0371d3a464e692d1b -> 
  custom:scripting/monoscript/fileName/GoTween.cs: 4df5a8b9fefcbd8a2b5d6fe6223ee62f -> 
  custom:scripting/monoscript/fileName/RotationTweenProperty.cs: 13e7fbd741208cd89873755249a873a9 -> 
========================================================================
Received Prepare
Begin MonoManager ReloadAssembly
- Loaded All Assemblies, in  0.292 seconds
Refreshing native plugins compatible for Editor in 0.98 ms, found 1 plugins.
Native extension for WindowsStandalone target not found
Native extension for Android target not found
Mono: successfully reloaded assembly
- Finished resetting the current domain, in  0.365 seconds
Domain Reload Profiling: 657ms
	BeginReloadAssembly (112ms)
		ExecutionOrderSort (0ms)
		DisableScriptedObjects (4ms)
		BackupInstance (0ms)
		ReleaseScriptingObjects (0ms)
		CreateAndSetChildDomain (18ms)
	RebuildCommonClasses (29ms)
	RebuildNativeTypeToScriptingClass (12ms)
	initialDomainReloadingComplete (23ms)
	LoadAllAssembliesAndSetupDomain (115ms)
		LoadAssemblies (173ms)
		RebuildTransferFunctionScriptingTraits (0ms)
		AnalyzeDomain (9ms)
			TypeCache.Refresh (4ms)
				TypeCache.ScanAssembly (0ms)
			ScanForSourceGeneratedMonoScriptInfo (0ms)
			ResolveRequiredComponents (4ms)
	FinalizeReload (366ms)
		ReleaseScriptCaches (0ms)
		RebuildScriptCaches (0ms)
		SetupLoadedEditorAssemblies (184ms)
			LogAssemblyErrors (0ms)
			InitializePlatformSupportModulesInManaged (15ms)
			SetLoadedEditorAssemblies (2ms)
			RefreshPlugins (0ms)
			BeforeProcessingInitializeOnLoad (33ms)
			ProcessInitializeOnLoadAttributes (116ms)
			ProcessInitializeOnLoadMethodAttributes (16ms)
			AfterProcessingInitializeOnLoad (2ms)
			EditorAssembliesLoaded (0ms)
		ExecutionOrderSort2 (0ms)
		AwakeInstancesAfterBackupRestoration (6ms)
Refreshing native plugins compatible for Editor in 1.43 ms, found 1 plugins.
Preloading 0 native plugins for Editor in 0.00 ms.
Unloading 2320 Unused Serialized files (Serialized files now loaded: 0)
Unloading 21 unused Assets / (26.9 KB). Loaded Objects now: 2902.
Memory consumption went from 105.9 MB to 105.8 MB.
Total: 1.911700 ms (FindLiveObjects: 0.157600 ms CreateObjectMapping: 0.056800 ms MarkObjects: 1.661900 ms  DeleteObjects: 0.034700 ms)

Prepare: number of updated asset objects reloaded= 0
AssetImportParameters requested are different than current active one (requested -> active):
  custom:scripting/monoscript/fileName/GoSmoothedVector3.cs: 3a6ceb396859da913cbecdd1940e0aa2 -> 
  custom:scripting/monoscript/fileName/EulerAnglesTweenProperty.cs: 7a2321a8c63f28c3857aa33414a11270 -> 
  custom:video-decoder-webm-vp8: 9c59270c3fd7afecdb556c50c9e8de78 -> 
  custom:scripting/monoscript/fileName/IGenericProperty.cs: f404e27010d8ce1a25f7cc2ac06431ac -> 
  custom:scripting/monoscript/fileName/GoEaseSinusoidal.cs: e637d6b7456e2acd06dfd152f10b71d1 -> 
  custom:scripting/monoscript/fileName/GoSplineCatmullRomSolver.cs: 8bbd4e9dc2722b25540d14d500b88879 -> 
  custom:scripting/monoscript/fileName/IntTweenProperty.cs: 1f39418055dd7708ff3b9e75a86d93a1 -> 
  custom:scripting/monoscript/fileName/Vector3YTweenProperty.cs: 2b996e9222bddad772657bb084e9da48 -> 
  custom:scripting/monoscript/fileName/GoEaseQuintic.cs: 672086238d051af0856016e64ad97204 -> 
  custom:scripting/monoscript/fileName/GoEaseCubic.cs: 7d74fd43480e52f793e3086826193b77 -> 
  custom:SearchIndexIgnoredProperties: e643bd26f0fe6173181afceb89e7c659 -> 
  custom:scripting/monoscript/fileName/GoSmoothedQuaternion.cs: 92de95a3ce149743e526859a8d0255c5 -> 
  custom:container-demuxer-ogg: 62fdf1f143b41e24485cea50d1cbac27 -> 
  custom:AudioImporter_EditorPlatform: d09bf68614088b80899f8185d706f6e7 -> 
  custom:scripting/monoscript/fileName/ShakeTweenProperty.cs: fdb713005206085d3b49cdd6b2d15f80 -> 
  custom:scripting/monoscript/fileName/Vector2TweenProperty.cs: d7a25a544d56d947d9526019347f1f6e -> 
  custom:scripting/monoscript/fileName/GoKitTweenExtensions.cs: 28ee7421c4d34eb9c057646838e28859 -> 
  custom:scripting/monoscript/fileName/Vector3XTweenProperty.cs: 9592582ea2f541a8cf92ba7dd7dd85f2 -> 
  custom:scripting/monoscript/fileName/Go.cs: 840adb47e0f4be71eeea7168442feb7d -> 
  custom:scripting/monoscript/fileName/ColorTweenProperty.cs: 94ba4bee52d153d3fd58a82d4cf8ce0c -> 
  custom:scripting/monoscript/fileName/GoEaseLinear.cs: b690756fd76817f101a31dcd50ae4adc -> 
  custom:scripting/monoscript/fileName/GoEaseExponential.cs: 8f890ce1f0130e8014d1a219fa0d7904 -> 
  custom:scripting/monoscript/fileName/ScaleTweenProperty.cs: 068e501b322923caa36166fe86d472e5 -> 
  custom:video-decoder-ogg-theora: a1e56fd34408186e4bbccfd4996cb3dc -> 
  custom:scripting/monoscript/fileName/GoSpline.cs: 8039f73cfdc174dc6ffa15343c307f29 -> 
  custom:scripting/monoscript/fileName/GoTweenFlow.cs: ce7a11a1fb9e8397b83cab3847ba7970 -> 
  custom:scripting/monoscript/fileName/GoEaseQuartic.cs: d34853ce84f33fe9033901002d4ff793 -> 
  custom:framework-win-MediaFoundation: 216162199b28c13a410421893ffa2e32 -> 
  custom:scripting/monoscript/fileName/GoEaseBounce.cs: e71b365170d63025c159c4756b1910b2 -> 
  custom:scripting/monoscript/fileName/GoSplineQuadraticBezierSolver.cs: 44dee8c5fd496e5eb749f54d83d1397e -> 
  custom:scripting/monoscript/fileName/GoEaseQuadratic.cs: e3ed230c2d29b99c6f642587e4ad0e5d -> 
  custom:scripting/monoscript/fileName/MaterialColorTweenProperty.cs: f6d4ed9537ac95d7564838fa4e660e7d -> 
  custom:scripting/monoscript/fileName/GoEaseCircular.cs: 84a2009340e8431314db7056edf1bd68 -> 
  custom:scripting/monoscript/fileName/PositionPathTweenProperty.cs: efde40660de14fd7cd1ede2fa47e9837 -> 
  custom:video-encoder-webm-vp8: eb34c28f22e8b96e1ab97ce403110664 -> 
  custom:scripting/monoscript/fileName/FloatTweenProperty.cs: 48aea3a8bbe79ca6e0baa81dc186bdfd -> 
  custom:scripting/monoscript/fileName/GoTweenChain.cs: f9995827e6ddafabc43c1b0e0dcfd886 -> 
  custom:scripting/monoscript/fileName/GoTweenCollectionConfig.cs: 37c99bdc8dc674650bd69bc44bb2e57b -> 
  custom:audio-decoder-ogg-vorbis: bf7c407c2cedff20999df2af8eb42d56 -> 
  custom:scripting/monoscript/fileName/AbstractQuaternionTweenProperty.cs: 65ceda31db804ab1e0e34f0e48afa285 -> 
  custom:scripting/monoscript/fileName/AbstractColorTweenProperty.cs: bba0da230ed56fc0a25af92f6a3e377e -> 
  custom:scripting/monoscript/fileName/AbstractVector3TweenProperty.cs: 6aa4defef7531529f4ddc1516936e2e3 -> 
  custom:CustomObjectIndexerAttribute: 9a22284fe3817be447336de3de66b15e -> 
  custom:scripting/monoscript/fileName/Vector4TweenProperty.cs: 18bb73739ede80588b5bfadcee873907 -> 
  custom:scripting/monoscript/fileName/GoEaseBack.cs: 3f6e00793ada35f633abc2146480990e -> 
  custom:container-demuxer-webm: 4f35f7cbe854078d1ac9338744f61a02 -> 
  custom:scripting/monoscript/fileName/GoTweenConfig.cs: 5b3154c82824c20addf84e8652f51cfe -> 
  custom:scripting/monoscript/fileName/RotationQuaternionTweenProperty.cs: e0d94af0c913b0be4cd670833a2cda91 -> 
  custom:scripting/monoscript/fileName/GoTweenUtils.cs: 867d37edf69335bc6e54784197f28064 -> 
  custom:scripting/monoscript/fileName/GoSplineCubicBezierSolver.cs: 6d81419c64f7c334f4359254f1cbade0 -> 
  custom:audio-encoder-webm-vorbis: bf7c407c2cedff20999df2af8eb42d56 -> 
  custom:scripting/monoscript/fileName/ScalePathTweenProperty.cs: 816c1a788eca415c60d1b7e87fb103fe -> 
  custom:scripting/monoscript/fileName/GoEaseElastic.cs: f0cafb366ac4251d5c35fe413d3f62f6 -> 
  custom:scripting/monoscript/fileName/GoDummyPath.cs: a21201ab2fac2187e4faeaf08bb4ec90 -> 
  custom:scripting/monoscript/fileName/PositionTweenProperty.cs: e367a96b2cbc0b819bff5d0620f4b258 -> 
  custom:scripting/monoscript/fileName/Vector3TweenProperty.cs: 8e9f9d7bb7b15068d97f4d593f097c86 -> 
  custom:scripting/monoscript/fileName/AbstractGoTween.cs: 3bdc69e313ad58745cd33c4b74e6a709 -> 
  custom:scripting/monoscript/fileName/GoSplineStraightLineSolver.cs: b6a3907f2ead3ba9ac17ad3fdd121ec9 -> 
  custom:scripting/monoscript/fileName/AbstractGoTweenCollection.cs: 61d9f5f358696a7942516ed78ffe7e98 -> 
  custom:scripting/monoscript/fileName/Vector3PathTweenProperty.cs: 94848aa2e96060cfeaf83844ee158f0c -> 
  custom:scripting/monoscript/fileName/Vector3ZTweenProperty.cs: 35595634a87246c4e13691b1563178c5 -> 
  custom:scripting/monoscript/fileName/AbstractTweenProperty.cs: c71b2ece20cb4e1e30772e574c806625 -> 
  custom:container-muxer-webm: aa71ff27fc2769a1b78a27578f13a17b -> 
  custom:scripting/monoscript/fileName/AbstractGoSplineSolver.cs: 788a6b8052af6ee0371d3a464e692d1b -> 
  custom:scripting/monoscript/fileName/GoTween.cs: 4df5a8b9fefcbd8a2b5d6fe6223ee62f -> 
  custom:scripting/monoscript/fileName/RotationTweenProperty.cs: 13e7fbd741208cd89873755249a873a9 -> 
========================================================================
Received Prepare
Begin MonoManager ReloadAssembly
- Loaded All Assemblies, in  0.289 seconds
Refreshing native plugins compatible for Editor in 1.20 ms, found 1 plugins.
Native extension for WindowsStandalone target not found
Native extension for Android target not found
Mono: successfully reloaded assembly
- Finished resetting the current domain, in  0.361 seconds
Domain Reload Profiling: 650ms
	BeginReloadAssembly (107ms)
		ExecutionOrderSort (0ms)
		DisableScriptedObjects (4ms)
		BackupInstance (0ms)
		ReleaseScriptingObjects (0ms)
		CreateAndSetChildDomain (18ms)
	RebuildCommonClasses (25ms)
	RebuildNativeTypeToScriptingClass (10ms)
	initialDomainReloadingComplete (23ms)
	LoadAllAssembliesAndSetupDomain (124ms)
		LoadAssemblies (173ms)
		RebuildTransferFunctionScriptingTraits (0ms)
		AnalyzeDomain (12ms)
			TypeCache.Refresh (5ms)
				TypeCache.ScanAssembly (0ms)
			ScanForSourceGeneratedMonoScriptInfo (2ms)
			ResolveRequiredComponents (4ms)
	FinalizeReload (361ms)
		ReleaseScriptCaches (0ms)
		RebuildScriptCaches (0ms)
		SetupLoadedEditorAssemblies (176ms)
			LogAssemblyErrors (0ms)
			InitializePlatformSupportModulesInManaged (16ms)
			SetLoadedEditorAssemblies (2ms)
			RefreshPlugins (0ms)
			BeforeProcessingInitializeOnLoad (37ms)
			ProcessInitializeOnLoadAttributes (104ms)
			ProcessInitializeOnLoadMethodAttributes (15ms)
			AfterProcessingInitializeOnLoad (2ms)
			EditorAssembliesLoaded (0ms)
		ExecutionOrderSort2 (0ms)
		AwakeInstancesAfterBackupRestoration (5ms)
Refreshing native plugins compatible for Editor in 1.03 ms, found 1 plugins.
Preloading 0 native plugins for Editor in 0.00 ms.
Unloading 2320 Unused Serialized files (Serialized files now loaded: 0)
Unloading 21 unused Assets / (26.9 KB). Loaded Objects now: 2905.
Memory consumption went from 105.9 MB to 105.8 MB.
Total: 1.749300 ms (FindLiveObjects: 0.147900 ms CreateObjectMapping: 0.053000 ms MarkObjects: 1.514400 ms  DeleteObjects: 0.033300 ms)

Prepare: number of updated asset objects reloaded= 0
AssetImportParameters requested are different than current active one (requested -> active):
  custom:scripting/monoscript/fileName/GoSmoothedVector3.cs: 3a6ceb396859da913cbecdd1940e0aa2 -> 
  custom:scripting/monoscript/fileName/EulerAnglesTweenProperty.cs: 7a2321a8c63f28c3857aa33414a11270 -> 
  custom:video-decoder-webm-vp8: 9c59270c3fd7afecdb556c50c9e8de78 -> 
  custom:scripting/monoscript/fileName/IGenericProperty.cs: f404e27010d8ce1a25f7cc2ac06431ac -> 
  custom:scripting/monoscript/fileName/GoEaseSinusoidal.cs: e637d6b7456e2acd06dfd152f10b71d1 -> 
  custom:scripting/monoscript/fileName/GoSplineCatmullRomSolver.cs: 8bbd4e9dc2722b25540d14d500b88879 -> 
  custom:scripting/monoscript/fileName/IntTweenProperty.cs: 1f39418055dd7708ff3b9e75a86d93a1 -> 
  custom:scripting/monoscript/fileName/Vector3YTweenProperty.cs: 2b996e9222bddad772657bb084e9da48 -> 
  custom:scripting/monoscript/fileName/GoEaseQuintic.cs: 672086238d051af0856016e64ad97204 -> 
  custom:scripting/monoscript/fileName/GoEaseCubic.cs: 7d74fd43480e52f793e3086826193b77 -> 
  custom:SearchIndexIgnoredProperties: e643bd26f0fe6173181afceb89e7c659 -> 
  custom:scripting/monoscript/fileName/GoSmoothedQuaternion.cs: 92de95a3ce149743e526859a8d0255c5 -> 
  custom:container-demuxer-ogg: 62fdf1f143b41e24485cea50d1cbac27 -> 
  custom:AudioImporter_EditorPlatform: d09bf68614088b80899f8185d706f6e7 -> 
  custom:scripting/monoscript/fileName/ShakeTweenProperty.cs: fdb713005206085d3b49cdd6b2d15f80 -> 
  custom:scripting/monoscript/fileName/Vector2TweenProperty.cs: d7a25a544d56d947d9526019347f1f6e -> 
  custom:scripting/monoscript/fileName/GoKitTweenExtensions.cs: 28ee7421c4d34eb9c057646838e28859 -> 
  custom:scripting/monoscript/fileName/Vector3XTweenProperty.cs: 9592582ea2f541a8cf92ba7dd7dd85f2 -> 
  custom:scripting/monoscript/fileName/Go.cs: 840adb47e0f4be71eeea7168442feb7d -> 
  custom:scripting/monoscript/fileName/ColorTweenProperty.cs: 94ba4bee52d153d3fd58a82d4cf8ce0c -> 
  custom:scripting/monoscript/fileName/GoEaseLinear.cs: b690756fd76817f101a31dcd50ae4adc -> 
  custom:scripting/monoscript/fileName/GoEaseExponential.cs: 8f890ce1f0130e8014d1a219fa0d7904 -> 
  custom:scripting/monoscript/fileName/ScaleTweenProperty.cs: 068e501b322923caa36166fe86d472e5 -> 
  custom:video-decoder-ogg-theora: a1e56fd34408186e4bbccfd4996cb3dc -> 
  custom:scripting/monoscript/fileName/GoSpline.cs: 8039f73cfdc174dc6ffa15343c307f29 -> 
  custom:scripting/monoscript/fileName/GoTweenFlow.cs: ce7a11a1fb9e8397b83cab3847ba7970 -> 
  custom:scripting/monoscript/fileName/GoEaseQuartic.cs: d34853ce84f33fe9033901002d4ff793 -> 
  custom:framework-win-MediaFoundation: 216162199b28c13a410421893ffa2e32 -> 
  custom:scripting/monoscript/fileName/GoEaseBounce.cs: e71b365170d63025c159c4756b1910b2 -> 
  custom:scripting/monoscript/fileName/GoSplineQuadraticBezierSolver.cs: 44dee8c5fd496e5eb749f54d83d1397e -> 
  custom:scripting/monoscript/fileName/GoEaseQuadratic.cs: e3ed230c2d29b99c6f642587e4ad0e5d -> 
  custom:scripting/monoscript/fileName/MaterialColorTweenProperty.cs: f6d4ed9537ac95d7564838fa4e660e7d -> 
  custom:scripting/monoscript/fileName/GoEaseCircular.cs: 84a2009340e8431314db7056edf1bd68 -> 
  custom:scripting/monoscript/fileName/PositionPathTweenProperty.cs: efde40660de14fd7cd1ede2fa47e9837 -> 
  custom:video-encoder-webm-vp8: eb34c28f22e8b96e1ab97ce403110664 -> 
  custom:scripting/monoscript/fileName/FloatTweenProperty.cs: 48aea3a8bbe79ca6e0baa81dc186bdfd -> 
  custom:scripting/monoscript/fileName/GoTweenChain.cs: f9995827e6ddafabc43c1b0e0dcfd886 -> 
  custom:scripting/monoscript/fileName/GoTweenCollectionConfig.cs: 37c99bdc8dc674650bd69bc44bb2e57b -> 
  custom:audio-decoder-ogg-vorbis: bf7c407c2cedff20999df2af8eb42d56 -> 
  custom:scripting/monoscript/fileName/AbstractQuaternionTweenProperty.cs: 65ceda31db804ab1e0e34f0e48afa285 -> 
  custom:scripting/monoscript/fileName/AbstractColorTweenProperty.cs: bba0da230ed56fc0a25af92f6a3e377e -> 
  custom:scripting/monoscript/fileName/AbstractVector3TweenProperty.cs: 6aa4defef7531529f4ddc1516936e2e3 -> 
  custom:CustomObjectIndexerAttribute: 9a22284fe3817be447336de3de66b15e -> 
  custom:scripting/monoscript/fileName/Vector4TweenProperty.cs: 18bb73739ede80588b5bfadcee873907 -> 
  custom:scripting/monoscript/fileName/GoEaseBack.cs: 3f6e00793ada35f633abc2146480990e -> 
  custom:container-demuxer-webm: 4f35f7cbe854078d1ac9338744f61a02 -> 
  custom:scripting/monoscript/fileName/GoTweenConfig.cs: 5b3154c82824c20addf84e8652f51cfe -> 
  custom:scripting/monoscript/fileName/RotationQuaternionTweenProperty.cs: e0d94af0c913b0be4cd670833a2cda91 -> 
  custom:scripting/monoscript/fileName/GoTweenUtils.cs: 867d37edf69335bc6e54784197f28064 -> 
  custom:scripting/monoscript/fileName/GoSplineCubicBezierSolver.cs: 6d81419c64f7c334f4359254f1cbade0 -> 
  custom:audio-encoder-webm-vorbis: bf7c407c2cedff20999df2af8eb42d56 -> 
  custom:scripting/monoscript/fileName/ScalePathTweenProperty.cs: 816c1a788eca415c60d1b7e87fb103fe -> 
  custom:scripting/monoscript/fileName/GoEaseElastic.cs: f0cafb366ac4251d5c35fe413d3f62f6 -> 
  custom:scripting/monoscript/fileName/GoDummyPath.cs: a21201ab2fac2187e4faeaf08bb4ec90 -> 
  custom:scripting/monoscript/fileName/PositionTweenProperty.cs: e367a96b2cbc0b819bff5d0620f4b258 -> 
  custom:scripting/monoscript/fileName/Vector3TweenProperty.cs: 8e9f9d7bb7b15068d97f4d593f097c86 -> 
  custom:scripting/monoscript/fileName/AbstractGoTween.cs: 3bdc69e313ad58745cd33c4b74e6a709 -> 
  custom:scripting/monoscript/fileName/GoSplineStraightLineSolver.cs: b6a3907f2ead3ba9ac17ad3fdd121ec9 -> 
  custom:scripting/monoscript/fileName/AbstractGoTweenCollection.cs: 61d9f5f358696a7942516ed78ffe7e98 -> 
  custom:scripting/monoscript/fileName/Vector3PathTweenProperty.cs: 94848aa2e96060cfeaf83844ee158f0c -> 
  custom:scripting/monoscript/fileName/Vector3ZTweenProperty.cs: 35595634a87246c4e13691b1563178c5 -> 
  custom:scripting/monoscript/fileName/AbstractTweenProperty.cs: c71b2ece20cb4e1e30772e574c806625 -> 
  custom:container-muxer-webm: aa71ff27fc2769a1b78a27578f13a17b -> 
  custom:scripting/monoscript/fileName/AbstractGoSplineSolver.cs: 788a6b8052af6ee0371d3a464e692d1b -> 
  custom:scripting/monoscript/fileName/GoTween.cs: 4df5a8b9fefcbd8a2b5d6fe6223ee62f -> 
  custom:scripting/monoscript/fileName/RotationTweenProperty.cs: 13e7fbd741208cd89873755249a873a9 -> 
========================================================================
Received Prepare
Begin MonoManager ReloadAssembly
- Loaded All Assemblies, in  0.265 seconds
Refreshing native plugins compatible for Editor in 1.04 ms, found 1 plugins.
Native extension for WindowsStandalone target not found
Native extension for Android target not found
Mono: successfully reloaded assembly
- Finished resetting the current domain, in  0.358 seconds
Domain Reload Profiling: 623ms
	BeginReloadAssembly (106ms)
		ExecutionOrderSort (0ms)
		DisableScriptedObjects (4ms)
		BackupInstance (0ms)
		ReleaseScriptingObjects (0ms)
		CreateAndSetChildDomain (16ms)
	RebuildCommonClasses (23ms)
	RebuildNativeTypeToScriptingClass (8ms)
	initialDomainReloadingComplete (17ms)
	LoadAllAssembliesAndSetupDomain (111ms)
		LoadAssemblies (164ms)
		RebuildTransferFunctionScriptingTraits (0ms)
		AnalyzeDomain (10ms)
			TypeCache.Refresh (5ms)
				TypeCache.ScanAssembly (0ms)
			ScanForSourceGeneratedMonoScriptInfo (0ms)
			ResolveRequiredComponents (4ms)
	FinalizeReload (358ms)
		ReleaseScriptCaches (0ms)
		RebuildScriptCaches (0ms)
		SetupLoadedEditorAssemblies (176ms)
			LogAssemblyErrors (0ms)
			InitializePlatformSupportModulesInManaged (16ms)
			SetLoadedEditorAssemblies (2ms)
			RefreshPlugins (0ms)
			BeforeProcessingInitializeOnLoad (34ms)
			ProcessInitializeOnLoadAttributes (108ms)
			ProcessInitializeOnLoadMethodAttributes (14ms)
			AfterProcessingInitializeOnLoad (2ms)
			EditorAssembliesLoaded (0ms)
		ExecutionOrderSort2 (0ms)
		AwakeInstancesAfterBackupRestoration (6ms)
Refreshing native plugins compatible for Editor in 1.05 ms, found 1 plugins.
Preloading 0 native plugins for Editor in 0.00 ms.
Unloading 2320 Unused Serialized files (Serialized files now loaded: 0)
Unloading 21 unused Assets / (26.9 KB). Loaded Objects now: 2908.
Memory consumption went from 105.9 MB to 105.9 MB.
Total: 1.814700 ms (FindLiveObjects: 0.144700 ms CreateObjectMapping: 0.056000 ms MarkObjects: 1.575600 ms  DeleteObjects: 0.037500 ms)

Prepare: number of updated asset objects reloaded= 0
AssetImportParameters requested are different than current active one (requested -> active):
  custom:scripting/monoscript/fileName/GoSmoothedVector3.cs: 3a6ceb396859da913cbecdd1940e0aa2 -> 
  custom:scripting/monoscript/fileName/EulerAnglesTweenProperty.cs: 7a2321a8c63f28c3857aa33414a11270 -> 
  custom:video-decoder-webm-vp8: 9c59270c3fd7afecdb556c50c9e8de78 -> 
  custom:scripting/monoscript/fileName/IGenericProperty.cs: f404e27010d8ce1a25f7cc2ac06431ac -> 
  custom:scripting/monoscript/fileName/GoEaseSinusoidal.cs: e637d6b7456e2acd06dfd152f10b71d1 -> 
  custom:scripting/monoscript/fileName/GoSplineCatmullRomSolver.cs: 8bbd4e9dc2722b25540d14d500b88879 -> 
  custom:scripting/monoscript/fileName/IntTweenProperty.cs: 1f39418055dd7708ff3b9e75a86d93a1 -> 
  custom:scripting/monoscript/fileName/Vector3YTweenProperty.cs: 2b996e9222bddad772657bb084e9da48 -> 
  custom:scripting/monoscript/fileName/GoEaseQuintic.cs: 672086238d051af0856016e64ad97204 -> 
  custom:scripting/monoscript/fileName/GoEaseCubic.cs: 7d74fd43480e52f793e3086826193b77 -> 
  custom:SearchIndexIgnoredProperties: e643bd26f0fe6173181afceb89e7c659 -> 
  custom:scripting/monoscript/fileName/GoSmoothedQuaternion.cs: 92de95a3ce149743e526859a8d0255c5 -> 
  custom:container-demuxer-ogg: 62fdf1f143b41e24485cea50d1cbac27 -> 
  custom:AudioImporter_EditorPlatform: d09bf68614088b80899f8185d706f6e7 -> 
  custom:scripting/monoscript/fileName/ShakeTweenProperty.cs: fdb713005206085d3b49cdd6b2d15f80 -> 
  custom:scripting/monoscript/fileName/Vector2TweenProperty.cs: d7a25a544d56d947d9526019347f1f6e -> 
  custom:scripting/monoscript/fileName/GoKitTweenExtensions.cs: 28ee7421c4d34eb9c057646838e28859 -> 
  custom:scripting/monoscript/fileName/Vector3XTweenProperty.cs: 9592582ea2f541a8cf92ba7dd7dd85f2 -> 
  custom:scripting/monoscript/fileName/Go.cs: 840adb47e0f4be71eeea7168442feb7d -> 
  custom:scripting/monoscript/fileName/ColorTweenProperty.cs: 94ba4bee52d153d3fd58a82d4cf8ce0c -> 
  custom:scripting/monoscript/fileName/GoEaseLinear.cs: b690756fd76817f101a31dcd50ae4adc -> 
  custom:scripting/monoscript/fileName/GoEaseExponential.cs: 8f890ce1f0130e8014d1a219fa0d7904 -> 
  custom:scripting/monoscript/fileName/ScaleTweenProperty.cs: 068e501b322923caa36166fe86d472e5 -> 
  custom:video-decoder-ogg-theora: a1e56fd34408186e4bbccfd4996cb3dc -> 
  custom:scripting/monoscript/fileName/GoSpline.cs: 8039f73cfdc174dc6ffa15343c307f29 -> 
  custom:scripting/monoscript/fileName/GoTweenFlow.cs: ce7a11a1fb9e8397b83cab3847ba7970 -> 
  custom:scripting/monoscript/fileName/GoEaseQuartic.cs: d34853ce84f33fe9033901002d4ff793 -> 
  custom:framework-win-MediaFoundation: 216162199b28c13a410421893ffa2e32 -> 
  custom:scripting/monoscript/fileName/GoEaseBounce.cs: e71b365170d63025c159c4756b1910b2 -> 
  custom:scripting/monoscript/fileName/GoSplineQuadraticBezierSolver.cs: 44dee8c5fd496e5eb749f54d83d1397e -> 
  custom:scripting/monoscript/fileName/GoEaseQuadratic.cs: e3ed230c2d29b99c6f642587e4ad0e5d -> 
  custom:scripting/monoscript/fileName/MaterialColorTweenProperty.cs: f6d4ed9537ac95d7564838fa4e660e7d -> 
  custom:scripting/monoscript/fileName/GoEaseCircular.cs: 84a2009340e8431314db7056edf1bd68 -> 
  custom:scripting/monoscript/fileName/PositionPathTweenProperty.cs: efde40660de14fd7cd1ede2fa47e9837 -> 
  custom:video-encoder-webm-vp8: eb34c28f22e8b96e1ab97ce403110664 -> 
  custom:scripting/monoscript/fileName/FloatTweenProperty.cs: 48aea3a8bbe79ca6e0baa81dc186bdfd -> 
  custom:scripting/monoscript/fileName/GoTweenChain.cs: f9995827e6ddafabc43c1b0e0dcfd886 -> 
  custom:scripting/monoscript/fileName/GoTweenCollectionConfig.cs: 37c99bdc8dc674650bd69bc44bb2e57b -> 
  custom:audio-decoder-ogg-vorbis: bf7c407c2cedff20999df2af8eb42d56 -> 
  custom:scripting/monoscript/fileName/AbstractQuaternionTweenProperty.cs: 65ceda31db804ab1e0e34f0e48afa285 -> 
  custom:scripting/monoscript/fileName/AbstractColorTweenProperty.cs: bba0da230ed56fc0a25af92f6a3e377e -> 
  custom:scripting/monoscript/fileName/AbstractVector3TweenProperty.cs: 6aa4defef7531529f4ddc1516936e2e3 -> 
  custom:CustomObjectIndexerAttribute: 9a22284fe3817be447336de3de66b15e -> 
  custom:scripting/monoscript/fileName/Vector4TweenProperty.cs: 18bb73739ede80588b5bfadcee873907 -> 
  custom:scripting/monoscript/fileName/GoEaseBack.cs: 3f6e00793ada35f633abc2146480990e -> 
  custom:container-demuxer-webm: 4f35f7cbe854078d1ac9338744f61a02 -> 
  custom:scripting/monoscript/fileName/GoTweenConfig.cs: 5b3154c82824c20addf84e8652f51cfe -> 
  custom:scripting/monoscript/fileName/RotationQuaternionTweenProperty.cs: e0d94af0c913b0be4cd670833a2cda91 -> 
  custom:scripting/monoscript/fileName/GoTweenUtils.cs: 867d37edf69335bc6e54784197f28064 -> 
  custom:scripting/monoscript/fileName/GoSplineCubicBezierSolver.cs: 6d81419c64f7c334f4359254f1cbade0 -> 
  custom:audio-encoder-webm-vorbis: bf7c407c2cedff20999df2af8eb42d56 -> 
  custom:scripting/monoscript/fileName/ScalePathTweenProperty.cs: 816c1a788eca415c60d1b7e87fb103fe -> 
  custom:scripting/monoscript/fileName/GoEaseElastic.cs: f0cafb366ac4251d5c35fe413d3f62f6 -> 
  custom:scripting/monoscript/fileName/GoDummyPath.cs: a21201ab2fac2187e4faeaf08bb4ec90 -> 
  custom:scripting/monoscript/fileName/PositionTweenProperty.cs: e367a96b2cbc0b819bff5d0620f4b258 -> 
  custom:scripting/monoscript/fileName/Vector3TweenProperty.cs: 8e9f9d7bb7b15068d97f4d593f097c86 -> 
  custom:scripting/monoscript/fileName/AbstractGoTween.cs: 3bdc69e313ad58745cd33c4b74e6a709 -> 
  custom:scripting/monoscript/fileName/GoSplineStraightLineSolver.cs: b6a3907f2ead3ba9ac17ad3fdd121ec9 -> 
  custom:scripting/monoscript/fileName/AbstractGoTweenCollection.cs: 61d9f5f358696a7942516ed78ffe7e98 -> 
  custom:scripting/monoscript/fileName/Vector3PathTweenProperty.cs: 94848aa2e96060cfeaf83844ee158f0c -> 
  custom:scripting/monoscript/fileName/Vector3ZTweenProperty.cs: 35595634a87246c4e13691b1563178c5 -> 
  custom:scripting/monoscript/fileName/AbstractTweenProperty.cs: c71b2ece20cb4e1e30772e574c806625 -> 
  custom:container-muxer-webm: aa71ff27fc2769a1b78a27578f13a17b -> 
  custom:scripting/monoscript/fileName/AbstractGoSplineSolver.cs: 788a6b8052af6ee0371d3a464e692d1b -> 
  custom:scripting/monoscript/fileName/GoTween.cs: 4df5a8b9fefcbd8a2b5d6fe6223ee62f -> 
  custom:scripting/monoscript/fileName/RotationTweenProperty.cs: 13e7fbd741208cd89873755249a873a9 -> 
========================================================================
Received Prepare
Begin MonoManager ReloadAssembly
- Loaded All Assemblies, in  0.298 seconds
Refreshing native plugins compatible for Editor in 1.61 ms, found 1 plugins.
Native extension for WindowsStandalone target not found
Native extension for Android target not found
Mono: successfully reloaded assembly
- Finished resetting the current domain, in  0.380 seconds
Domain Reload Profiling: 678ms
	BeginReloadAssembly (105ms)
		ExecutionOrderSort (0ms)
		DisableScriptedObjects (4ms)
		BackupInstance (0ms)
		ReleaseScriptingObjects (0ms)
		CreateAndSetChildDomain (17ms)
	RebuildCommonClasses (27ms)
	RebuildNativeTypeToScriptingClass (12ms)
	initialDomainReloadingComplete (21ms)
	LoadAllAssembliesAndSetupDomain (133ms)
		LoadAssemblies (182ms)
		RebuildTransferFunctionScriptingTraits (0ms)
		AnalyzeDomain (11ms)
			TypeCache.Refresh (4ms)
				TypeCache.ScanAssembly (0ms)
			ScanForSourceGeneratedMonoScriptInfo (0ms)
			ResolveRequiredComponents (4ms)
	FinalizeReload (381ms)
		ReleaseScriptCaches (0ms)
		RebuildScriptCaches (0ms)
		SetupLoadedEditorAssemblies (192ms)
			LogAssemblyErrors (0ms)
			InitializePlatformSupportModulesInManaged (17ms)
			SetLoadedEditorAssemblies (2ms)
			RefreshPlugins (0ms)
			BeforeProcessingInitializeOnLoad (36ms)
			ProcessInitializeOnLoadAttributes (121ms)
			ProcessInitializeOnLoadMethodAttributes (15ms)
			AfterProcessingInitializeOnLoad (2ms)
			EditorAssembliesLoaded (0ms)
		ExecutionOrderSort2 (0ms)
		AwakeInstancesAfterBackupRestoration (5ms)
Refreshing native plugins compatible for Editor in 1.23 ms, found 1 plugins.
Preloading 0 native plugins for Editor in 0.00 ms.
Unloading 2320 Unused Serialized files (Serialized files now loaded: 0)
Unloading 21 unused Assets / (26.9 KB). Loaded Objects now: 2911.
Memory consumption went from 105.9 MB to 105.9 MB.
Total: 1.915200 ms (FindLiveObjects: 0.151900 ms CreateObjectMapping: 0.049300 ms MarkObjects: 1.679000 ms  DeleteObjects: 0.034100 ms)

Prepare: number of updated asset objects reloaded= 0
AssetImportParameters requested are different than current active one (requested -> active):
  custom:scripting/monoscript/fileName/GoSmoothedVector3.cs: 3a6ceb396859da913cbecdd1940e0aa2 -> 
  custom:scripting/monoscript/fileName/EulerAnglesTweenProperty.cs: 7a2321a8c63f28c3857aa33414a11270 -> 
  custom:video-decoder-webm-vp8: 9c59270c3fd7afecdb556c50c9e8de78 -> 
  custom:scripting/monoscript/fileName/IGenericProperty.cs: f404e27010d8ce1a25f7cc2ac06431ac -> 
  custom:scripting/monoscript/fileName/GoEaseSinusoidal.cs: e637d6b7456e2acd06dfd152f10b71d1 -> 
  custom:scripting/monoscript/fileName/GoSplineCatmullRomSolver.cs: 8bbd4e9dc2722b25540d14d500b88879 -> 
  custom:scripting/monoscript/fileName/IntTweenProperty.cs: 1f39418055dd7708ff3b9e75a86d93a1 -> 
  custom:scripting/monoscript/fileName/Vector3YTweenProperty.cs: 2b996e9222bddad772657bb084e9da48 -> 
  custom:scripting/monoscript/fileName/GoEaseQuintic.cs: 672086238d051af0856016e64ad97204 -> 
  custom:scripting/monoscript/fileName/GoEaseCubic.cs: 7d74fd43480e52f793e3086826193b77 -> 
  custom:SearchIndexIgnoredProperties: e643bd26f0fe6173181afceb89e7c659 -> 
  custom:scripting/monoscript/fileName/GoSmoothedQuaternion.cs: 92de95a3ce149743e526859a8d0255c5 -> 
  custom:container-demuxer-ogg: 62fdf1f143b41e24485cea50d1cbac27 -> 
  custom:AudioImporter_EditorPlatform: d09bf68614088b80899f8185d706f6e7 -> 
  custom:scripting/monoscript/fileName/ShakeTweenProperty.cs: fdb713005206085d3b49cdd6b2d15f80 -> 
  custom:scripting/monoscript/fileName/Vector2TweenProperty.cs: d7a25a544d56d947d9526019347f1f6e -> 
  custom:scripting/monoscript/fileName/GoKitTweenExtensions.cs: 28ee7421c4d34eb9c057646838e28859 -> 
  custom:scripting/monoscript/fileName/Vector3XTweenProperty.cs: 9592582ea2f541a8cf92ba7dd7dd85f2 -> 
  custom:scripting/monoscript/fileName/Go.cs: 840adb47e0f4be71eeea7168442feb7d -> 
  custom:scripting/monoscript/fileName/ColorTweenProperty.cs: 94ba4bee52d153d3fd58a82d4cf8ce0c -> 
  custom:scripting/monoscript/fileName/GoEaseLinear.cs: b690756fd76817f101a31dcd50ae4adc -> 
  custom:scripting/monoscript/fileName/GoEaseExponential.cs: 8f890ce1f0130e8014d1a219fa0d7904 -> 
  custom:scripting/monoscript/fileName/ScaleTweenProperty.cs: 068e501b322923caa36166fe86d472e5 -> 
  custom:video-decoder-ogg-theora: a1e56fd34408186e4bbccfd4996cb3dc -> 
  custom:scripting/monoscript/fileName/GoSpline.cs: 8039f73cfdc174dc6ffa15343c307f29 -> 
  custom:scripting/monoscript/fileName/GoTweenFlow.cs: ce7a11a1fb9e8397b83cab3847ba7970 -> 
  custom:scripting/monoscript/fileName/GoEaseQuartic.cs: d34853ce84f33fe9033901002d4ff793 -> 
  custom:framework-win-MediaFoundation: 216162199b28c13a410421893ffa2e32 -> 
  custom:scripting/monoscript/fileName/GoEaseBounce.cs: e71b365170d63025c159c4756b1910b2 -> 
  custom:scripting/monoscript/fileName/GoSplineQuadraticBezierSolver.cs: 44dee8c5fd496e5eb749f54d83d1397e -> 
  custom:scripting/monoscript/fileName/GoEaseQuadratic.cs: e3ed230c2d29b99c6f642587e4ad0e5d -> 
  custom:scripting/monoscript/fileName/MaterialColorTweenProperty.cs: f6d4ed9537ac95d7564838fa4e660e7d -> 
  custom:scripting/monoscript/fileName/GoEaseCircular.cs: 84a2009340e8431314db7056edf1bd68 -> 
  custom:scripting/monoscript/fileName/PositionPathTweenProperty.cs: efde40660de14fd7cd1ede2fa47e9837 -> 
  custom:video-encoder-webm-vp8: eb34c28f22e8b96e1ab97ce403110664 -> 
  custom:scripting/monoscript/fileName/FloatTweenProperty.cs: 48aea3a8bbe79ca6e0baa81dc186bdfd -> 
  custom:scripting/monoscript/fileName/GoTweenChain.cs: f9995827e6ddafabc43c1b0e0dcfd886 -> 
  custom:scripting/monoscript/fileName/GoTweenCollectionConfig.cs: 37c99bdc8dc674650bd69bc44bb2e57b -> 
  custom:audio-decoder-ogg-vorbis: bf7c407c2cedff20999df2af8eb42d56 -> 
  custom:scripting/monoscript/fileName/AbstractQuaternionTweenProperty.cs: 65ceda31db804ab1e0e34f0e48afa285 -> 
  custom:scripting/monoscript/fileName/AbstractColorTweenProperty.cs: bba0da230ed56fc0a25af92f6a3e377e -> 
  custom:scripting/monoscript/fileName/AbstractVector3TweenProperty.cs: 6aa4defef7531529f4ddc1516936e2e3 -> 
  custom:CustomObjectIndexerAttribute: 9a22284fe3817be447336de3de66b15e -> 
  custom:scripting/monoscript/fileName/Vector4TweenProperty.cs: 18bb73739ede80588b5bfadcee873907 -> 
  custom:scripting/monoscript/fileName/GoEaseBack.cs: 3f6e00793ada35f633abc2146480990e -> 
  custom:container-demuxer-webm: 4f35f7cbe854078d1ac9338744f61a02 -> 
  custom:scripting/monoscript/fileName/GoTweenConfig.cs: 5b3154c82824c20addf84e8652f51cfe -> 
  custom:scripting/monoscript/fileName/RotationQuaternionTweenProperty.cs: e0d94af0c913b0be4cd670833a2cda91 -> 
  custom:scripting/monoscript/fileName/GoTweenUtils.cs: 867d37edf69335bc6e54784197f28064 -> 
  custom:scripting/monoscript/fileName/GoSplineCubicBezierSolver.cs: 6d81419c64f7c334f4359254f1cbade0 -> 
  custom:audio-encoder-webm-vorbis: bf7c407c2cedff20999df2af8eb42d56 -> 
  custom:scripting/monoscript/fileName/ScalePathTweenProperty.cs: 816c1a788eca415c60d1b7e87fb103fe -> 
  custom:scripting/monoscript/fileName/GoEaseElastic.cs: f0cafb366ac4251d5c35fe413d3f62f6 -> 
  custom:scripting/monoscript/fileName/GoDummyPath.cs: a21201ab2fac2187e4faeaf08bb4ec90 -> 
  custom:scripting/monoscript/fileName/PositionTweenProperty.cs: e367a96b2cbc0b819bff5d0620f4b258 -> 
  custom:scripting/monoscript/fileName/Vector3TweenProperty.cs: 8e9f9d7bb7b15068d97f4d593f097c86 -> 
  custom:scripting/monoscript/fileName/AbstractGoTween.cs: 3bdc69e313ad58745cd33c4b74e6a709 -> 
  custom:scripting/monoscript/fileName/GoSplineStraightLineSolver.cs: b6a3907f2ead3ba9ac17ad3fdd121ec9 -> 
  custom:scripting/monoscript/fileName/AbstractGoTweenCollection.cs: 61d9f5f358696a7942516ed78ffe7e98 -> 
  custom:scripting/monoscript/fileName/Vector3PathTweenProperty.cs: 94848aa2e96060cfeaf83844ee158f0c -> 
  custom:scripting/monoscript/fileName/Vector3ZTweenProperty.cs: 35595634a87246c4e13691b1563178c5 -> 
  custom:scripting/monoscript/fileName/AbstractTweenProperty.cs: c71b2ece20cb4e1e30772e574c806625 -> 
  custom:container-muxer-webm: aa71ff27fc2769a1b78a27578f13a17b -> 
  custom:scripting/monoscript/fileName/AbstractGoSplineSolver.cs: 788a6b8052af6ee0371d3a464e692d1b -> 
  custom:scripting/monoscript/fileName/GoTween.cs: 4df5a8b9fefcbd8a2b5d6fe6223ee62f -> 
  custom:scripting/monoscript/fileName/RotationTweenProperty.cs: 13e7fbd741208cd89873755249a873a9 -> 
========================================================================
Received Prepare
Begin MonoManager ReloadAssembly
- Loaded All Assemblies, in  0.293 seconds
Refreshing native plugins compatible for Editor in 1.33 ms, found 1 plugins.
Native extension for WindowsStandalone target not found
Native extension for Android target not found
Mono: successfully reloaded assembly
- Finished resetting the current domain, in  0.375 seconds
Domain Reload Profiling: 668ms
	BeginReloadAssembly (110ms)
		ExecutionOrderSort (0ms)
		DisableScriptedObjects (4ms)
		BackupInstance (0ms)
		ReleaseScriptingObjects (0ms)
		CreateAndSetChildDomain (18ms)
	RebuildCommonClasses (23ms)
	RebuildNativeTypeToScriptingClass (8ms)
	initialDomainReloadingComplete (18ms)
	LoadAllAssembliesAndSetupDomain (134ms)
		LoadAssemblies (189ms)
		RebuildTransferFunctionScriptingTraits (0ms)
		AnalyzeDomain (9ms)
			TypeCache.Refresh (4ms)
				TypeCache.ScanAssembly (0ms)
			ScanForSourceGeneratedMonoScriptInfo (0ms)
			ResolveRequiredComponents (4ms)
	FinalizeReload (375ms)
		ReleaseScriptCaches (0ms)
		RebuildScriptCaches (0ms)
		SetupLoadedEditorAssemblies (188ms)
			LogAssemblyErrors (0ms)
			InitializePlatformSupportModulesInManaged (16ms)
			SetLoadedEditorAssemblies (2ms)
			RefreshPlugins (0ms)
			BeforeProcessingInitializeOnLoad (38ms)
			ProcessInitializeOnLoadAttributes (110ms)
			ProcessInitializeOnLoadMethodAttributes (20ms)
			AfterProcessingInitializeOnLoad (2ms)
			EditorAssembliesLoaded (0ms)
		ExecutionOrderSort2 (0ms)
		AwakeInstancesAfterBackupRestoration (4ms)
Refreshing native plugins compatible for Editor in 1.50 ms, found 1 plugins.
Preloading 0 native plugins for Editor in 0.00 ms.
Unloading 2320 Unused Serialized files (Serialized files now loaded: 0)
Unloading 21 unused Assets / (26.9 KB). Loaded Objects now: 2914.
Memory consumption went from 105.9 MB to 105.9 MB.
Total: 2.070700 ms (FindLiveObjects: 0.201900 ms CreateObjectMapping: 0.062000 ms MarkObjects: 1.760400 ms  DeleteObjects: 0.045000 ms)

Prepare: number of updated asset objects reloaded= 0
AssetImportParameters requested are different than current active one (requested -> active):
  custom:scripting/monoscript/fileName/GoSmoothedVector3.cs: 3a6ceb396859da913cbecdd1940e0aa2 -> 
  custom:scripting/monoscript/fileName/EulerAnglesTweenProperty.cs: 7a2321a8c63f28c3857aa33414a11270 -> 
  custom:video-decoder-webm-vp8: 9c59270c3fd7afecdb556c50c9e8de78 -> 
  custom:scripting/monoscript/fileName/IGenericProperty.cs: f404e27010d8ce1a25f7cc2ac06431ac -> 
  custom:scripting/monoscript/fileName/GoEaseSinusoidal.cs: e637d6b7456e2acd06dfd152f10b71d1 -> 
  custom:scripting/monoscript/fileName/GoSplineCatmullRomSolver.cs: 8bbd4e9dc2722b25540d14d500b88879 -> 
  custom:scripting/monoscript/fileName/IntTweenProperty.cs: 1f39418055dd7708ff3b9e75a86d93a1 -> 
  custom:scripting/monoscript/fileName/Vector3YTweenProperty.cs: 2b996e9222bddad772657bb084e9da48 -> 
  custom:scripting/monoscript/fileName/GoEaseQuintic.cs: 672086238d051af0856016e64ad97204 -> 
  custom:scripting/monoscript/fileName/GoEaseCubic.cs: 7d74fd43480e52f793e3086826193b77 -> 
  custom:SearchIndexIgnoredProperties: e643bd26f0fe6173181afceb89e7c659 -> 
  custom:scripting/monoscript/fileName/GoSmoothedQuaternion.cs: 92de95a3ce149743e526859a8d0255c5 -> 
  custom:container-demuxer-ogg: 62fdf1f143b41e24485cea50d1cbac27 -> 
  custom:AudioImporter_EditorPlatform: d09bf68614088b80899f8185d706f6e7 -> 
  custom:scripting/monoscript/fileName/ShakeTweenProperty.cs: fdb713005206085d3b49cdd6b2d15f80 -> 
  custom:scripting/monoscript/fileName/Vector2TweenProperty.cs: d7a25a544d56d947d9526019347f1f6e -> 
  custom:scripting/monoscript/fileName/GoKitTweenExtensions.cs: 28ee7421c4d34eb9c057646838e28859 -> 
  custom:scripting/monoscript/fileName/Vector3XTweenProperty.cs: 9592582ea2f541a8cf92ba7dd7dd85f2 -> 
  custom:scripting/monoscript/fileName/Go.cs: 840adb47e0f4be71eeea7168442feb7d -> 
  custom:scripting/monoscript/fileName/ColorTweenProperty.cs: 94ba4bee52d153d3fd58a82d4cf8ce0c -> 
  custom:scripting/monoscript/fileName/GoEaseLinear.cs: b690756fd76817f101a31dcd50ae4adc -> 
  custom:scripting/monoscript/fileName/GoEaseExponential.cs: 8f890ce1f0130e8014d1a219fa0d7904 -> 
  custom:scripting/monoscript/fileName/ScaleTweenProperty.cs: 068e501b322923caa36166fe86d472e5 -> 
  custom:video-decoder-ogg-theora: a1e56fd34408186e4bbccfd4996cb3dc -> 
  custom:scripting/monoscript/fileName/GoSpline.cs: 8039f73cfdc174dc6ffa15343c307f29 -> 
  custom:scripting/monoscript/fileName/GoTweenFlow.cs: ce7a11a1fb9e8397b83cab3847ba7970 -> 
  custom:scripting/monoscript/fileName/GoEaseQuartic.cs: d34853ce84f33fe9033901002d4ff793 -> 
  custom:framework-win-MediaFoundation: 216162199b28c13a410421893ffa2e32 -> 
  custom:scripting/monoscript/fileName/GoEaseBounce.cs: e71b365170d63025c159c4756b1910b2 -> 
  custom:scripting/monoscript/fileName/GoSplineQuadraticBezierSolver.cs: 44dee8c5fd496e5eb749f54d83d1397e -> 
  custom:scripting/monoscript/fileName/GoEaseQuadratic.cs: e3ed230c2d29b99c6f642587e4ad0e5d -> 
  custom:scripting/monoscript/fileName/MaterialColorTweenProperty.cs: f6d4ed9537ac95d7564838fa4e660e7d -> 
  custom:scripting/monoscript/fileName/GoEaseCircular.cs: 84a2009340e8431314db7056edf1bd68 -> 
  custom:scripting/monoscript/fileName/PositionPathTweenProperty.cs: efde40660de14fd7cd1ede2fa47e9837 -> 
  custom:video-encoder-webm-vp8: eb34c28f22e8b96e1ab97ce403110664 -> 
  custom:scripting/monoscript/fileName/FloatTweenProperty.cs: 48aea3a8bbe79ca6e0baa81dc186bdfd -> 
  custom:scripting/monoscript/fileName/GoTweenChain.cs: f9995827e6ddafabc43c1b0e0dcfd886 -> 
  custom:scripting/monoscript/fileName/GoTweenCollectionConfig.cs: 37c99bdc8dc674650bd69bc44bb2e57b -> 
  custom:audio-decoder-ogg-vorbis: bf7c407c2cedff20999df2af8eb42d56 -> 
  custom:scripting/monoscript/fileName/AbstractQuaternionTweenProperty.cs: 65ceda31db804ab1e0e34f0e48afa285 -> 
  custom:scripting/monoscript/fileName/AbstractColorTweenProperty.cs: bba0da230ed56fc0a25af92f6a3e377e -> 
  custom:scripting/monoscript/fileName/AbstractVector3TweenProperty.cs: 6aa4defef7531529f4ddc1516936e2e3 -> 
  custom:CustomObjectIndexerAttribute: 9a22284fe3817be447336de3de66b15e -> 
  custom:scripting/monoscript/fileName/Vector4TweenProperty.cs: 18bb73739ede80588b5bfadcee873907 -> 
  custom:scripting/monoscript/fileName/GoEaseBack.cs: 3f6e00793ada35f633abc2146480990e -> 
  custom:container-demuxer-webm: 4f35f7cbe854078d1ac9338744f61a02 -> 
  custom:scripting/monoscript/fileName/GoTweenConfig.cs: 5b3154c82824c20addf84e8652f51cfe -> 
  custom:scripting/monoscript/fileName/RotationQuaternionTweenProperty.cs: e0d94af0c913b0be4cd670833a2cda91 -> 
  custom:scripting/monoscript/fileName/GoTweenUtils.cs: 867d37edf69335bc6e54784197f28064 -> 
  custom:scripting/monoscript/fileName/GoSplineCubicBezierSolver.cs: 6d81419c64f7c334f4359254f1cbade0 -> 
  custom:audio-encoder-webm-vorbis: bf7c407c2cedff20999df2af8eb42d56 -> 
  custom:scripting/monoscript/fileName/ScalePathTweenProperty.cs: 816c1a788eca415c60d1b7e87fb103fe -> 
  custom:scripting/monoscript/fileName/GoEaseElastic.cs: f0cafb366ac4251d5c35fe413d3f62f6 -> 
  custom:scripting/monoscript/fileName/GoDummyPath.cs: a21201ab2fac2187e4faeaf08bb4ec90 -> 
  custom:scripting/monoscript/fileName/PositionTweenProperty.cs: e367a96b2cbc0b819bff5d0620f4b258 -> 
  custom:scripting/monoscript/fileName/Vector3TweenProperty.cs: 8e9f9d7bb7b15068d97f4d593f097c86 -> 
  custom:scripting/monoscript/fileName/AbstractGoTween.cs: 3bdc69e313ad58745cd33c4b74e6a709 -> 
  custom:scripting/monoscript/fileName/GoSplineStraightLineSolver.cs: b6a3907f2ead3ba9ac17ad3fdd121ec9 -> 
  custom:scripting/monoscript/fileName/AbstractGoTweenCollection.cs: 61d9f5f358696a7942516ed78ffe7e98 -> 
  custom:scripting/monoscript/fileName/Vector3PathTweenProperty.cs: 94848aa2e96060cfeaf83844ee158f0c -> 
  custom:scripting/monoscript/fileName/Vector3ZTweenProperty.cs: 35595634a87246c4e13691b1563178c5 -> 
  custom:scripting/monoscript/fileName/AbstractTweenProperty.cs: c71b2ece20cb4e1e30772e574c806625 -> 
  custom:container-muxer-webm: aa71ff27fc2769a1b78a27578f13a17b -> 
  custom:scripting/monoscript/fileName/AbstractGoSplineSolver.cs: 788a6b8052af6ee0371d3a464e692d1b -> 
  custom:scripting/monoscript/fileName/GoTween.cs: 4df5a8b9fefcbd8a2b5d6fe6223ee62f -> 
  custom:scripting/monoscript/fileName/RotationTweenProperty.cs: 13e7fbd741208cd89873755249a873a9 -> 
