Using pre-set license
Built from '2022.3/staging' branch; Version is '2022.3.27f1 (73effa14754f) revision 7598074'; Using compiler version '192829333'; Build Type 'Release'
OS: 'Windows 10  (10.0.19045) 64bit Professional' Language: 'en' Physical Memory: 32509 MB
BatchMode: 1, IsHumanControllingUs: 0, StartBugReporterOnCrash: 0, Is64bit: 1, IsPro: 1

COMMAND LINE ARGUMENTS:
E:\UnityHub\Editor\2022.3.27f1\Editor\Unity.exe
-adb2
-batchMode
-noUpm
-name
AssetImportWorker7
-projectPath
E:/ProjectGitHub/Match_3_Unity
-logFile
Logs/AssetImportWorker7.log
-srvPort
60025
Successfully changed project path to: E:/ProjectGitHub/Match_3_Unity
E:/ProjectGitHub/Match_3_Unity
[UnityMemory] Configuration Parameters - Can be set up in boot.config
    "memorysetup-bucket-allocator-granularity=16"
    "memorysetup-bucket-allocator-bucket-count=8"
    "memorysetup-bucket-allocator-block-size=33554432"
    "memorysetup-bucket-allocator-block-count=8"
    "memorysetup-main-allocator-block-size=16777216"
    "memorysetup-thread-allocator-block-size=16777216"
    "memorysetup-gfx-main-allocator-block-size=16777216"
    "memorysetup-gfx-thread-allocator-block-size=16777216"
    "memorysetup-cache-allocator-block-size=4194304"
    "memorysetup-typetree-allocator-block-size=2097152"
    "memorysetup-profiler-bucket-allocator-granularity=16"
    "memorysetup-profiler-bucket-allocator-bucket-count=8"
    "memorysetup-profiler-bucket-allocator-block-size=33554432"
    "memorysetup-profiler-bucket-allocator-block-count=8"
    "memorysetup-profiler-allocator-block-size=16777216"
    "memorysetup-profiler-editor-allocator-block-size=1048576"
    "memorysetup-temp-allocator-size-main=16777216"
    "memorysetup-job-temp-allocator-block-size=2097152"
    "memorysetup-job-temp-allocator-block-size-background=1048576"
    "memorysetup-job-temp-allocator-reduction-small-platforms=262144"
    "memorysetup-allocator-temp-initial-block-size-main=262144"
    "memorysetup-allocator-temp-initial-block-size-worker=262144"
    "memorysetup-temp-allocator-size-background-worker=32768"
    "memorysetup-temp-allocator-size-job-worker=262144"
    "memorysetup-temp-allocator-size-preload-manager=33554432"
    "memorysetup-temp-allocator-size-nav-mesh-worker=65536"
    "memorysetup-temp-allocator-size-audio-worker=65536"
    "memorysetup-temp-allocator-size-cloud-worker=32768"
    "memorysetup-temp-allocator-size-gi-baking-worker=262144"
    "memorysetup-temp-allocator-size-gfx=262144"
Player connection [17076] Host "[IP] 192.168.1.81 [Port] 0 [Flags] 2 [Guid] 1990927855 [EditorId] 1990927855 [Version] 1048832 [Id] WindowsEditor(7,DESKTOP-9K2MQCM) [Debug] 1 [PackageName] WindowsEditor [ProjectName] Editor" joined multi-casting on [225.0.0.222:54997]...

Player connection [17076] Host "[IP] 192.168.1.81 [Port] 0 [Flags] 2 [Guid] 1990927855 [EditorId] 1990927855 [Version] 1048832 [Id] WindowsEditor(7,DESKTOP-9K2MQCM) [Debug] 1 [PackageName] WindowsEditor [ProjectName] Editor" joined alternative multi-casting on [225.0.0.222:34997]...

[Physics::Module] Initialized MultithreadedJobDispatcher with 11 workers.
Refreshing native plugins compatible for Editor in 2.97 ms, found 1 plugins.
Preloading 0 native plugins for Editor in 0.00 ms.
Initialize engine version: 2022.3.27f1 (73effa14754f)
[Subsystems] Discovering subsystems at path E:/UnityHub/Editor/2022.3.27f1/Editor/Data/Resources/UnitySubsystems
[Subsystems] Discovering subsystems at path E:/ProjectGitHub/Match_3_Unity/Assets
GfxDevice: creating device client; threaded=0; jobified=0
Direct3D:
    Version:  Direct3D 11.0 [level 11.1]
    Renderer: NVIDIA GeForce GTX 1650 (ID=0x1f0a)
    Vendor:   NVIDIA
    VRAM:     3935 MB
    Driver:   32.0.15.9579
Initialize mono
Mono path[0] = 'E:/UnityHub/Editor/2022.3.27f1/Editor/Data/Managed'
Mono path[1] = 'E:/UnityHub/Editor/2022.3.27f1/Editor/Data/MonoBleedingEdge/lib/mono/unityjit-win32'
Mono config path = 'E:/UnityHub/Editor/2022.3.27f1/Editor/Data/MonoBleedingEdge/etc'
Using monoOptions --debugger-agent=transport=dt_socket,embedding=1,server=y,suspend=n,address=127.0.0.1:56076
Begin MonoManager ReloadAssembly
Registering precompiled unity dll's ...
Register platform support module: E:/UnityHub/Editor/2022.3.27f1/Editor/Data/PlaybackEngines/AndroidPlayer/UnityEditor.Android.Extensions.dll
Register platform support module: E:/UnityHub/Editor/2022.3.27f1/Editor/Data/PlaybackEngines/WindowsStandaloneSupport/UnityEditor.WindowsStandalone.Extensions.dll
Registered in 0.002760 seconds.
- Loaded All Assemblies, in  0.240 seconds
Native extension for WindowsStandalone target not found
Native extension for Android target not found
Android Extension - Scanning For ADB Devices 197 ms
Mono: successfully reloaded assembly
- Finished resetting the current domain, in  0.435 seconds
Domain Reload Profiling: 675ms
	BeginReloadAssembly (74ms)
		ExecutionOrderSort (0ms)
		DisableScriptedObjects (0ms)
		BackupInstance (0ms)
		ReleaseScriptingObjects (0ms)
		CreateAndSetChildDomain (1ms)
	RebuildCommonClasses (24ms)
	RebuildNativeTypeToScriptingClass (7ms)
	initialDomainReloadingComplete (35ms)
	LoadAllAssembliesAndSetupDomain (98ms)
		LoadAssemblies (74ms)
		RebuildTransferFunctionScriptingTraits (0ms)
		AnalyzeDomain (97ms)
			TypeCache.Refresh (96ms)
				TypeCache.ScanAssembly (86ms)
			ScanForSourceGeneratedMonoScriptInfo (0ms)
			ResolveRequiredComponents (0ms)
	FinalizeReload (436ms)
		ReleaseScriptCaches (0ms)
		RebuildScriptCaches (0ms)
		SetupLoadedEditorAssemblies (395ms)
			LogAssemblyErrors (0ms)
			InitializePlatformSupportModulesInManaged (277ms)
			SetLoadedEditorAssemblies (3ms)
			RefreshPlugins (0ms)
			BeforeProcessingInitializeOnLoad (2ms)
			ProcessInitializeOnLoadAttributes (81ms)
			ProcessInitializeOnLoadMethodAttributes (33ms)
			AfterProcessingInitializeOnLoad (0ms)
			EditorAssembliesLoaded (0ms)
		ExecutionOrderSort2 (0ms)
		AwakeInstancesAfterBackupRestoration (0ms)
========================================================================
Worker process is ready to serve import requests
Begin MonoManager ReloadAssembly
- Loaded All Assemblies, in  0.337 seconds
Refreshing native plugins compatible for Editor in 1.03 ms, found 1 plugins.
Native extension for WindowsStandalone target not found
Native extension for Android target not found
Mono: successfully reloaded assembly
- Finished resetting the current domain, in  0.294 seconds
Domain Reload Profiling: 631ms
	BeginReloadAssembly (104ms)
		ExecutionOrderSort (0ms)
		DisableScriptedObjects (4ms)
		BackupInstance (0ms)
		ReleaseScriptingObjects (0ms)
		CreateAndSetChildDomain (15ms)
	RebuildCommonClasses (30ms)
	RebuildNativeTypeToScriptingClass (7ms)
	initialDomainReloadingComplete (26ms)
	LoadAllAssembliesAndSetupDomain (170ms)
		LoadAssemblies (170ms)
		RebuildTransferFunctionScriptingTraits (0ms)
		AnalyzeDomain (62ms)
			TypeCache.Refresh (51ms)
				TypeCache.ScanAssembly (41ms)
			ScanForSourceGeneratedMonoScriptInfo (7ms)
			ResolveRequiredComponents (3ms)
	FinalizeReload (295ms)
		ReleaseScriptCaches (0ms)
		RebuildScriptCaches (0ms)
		SetupLoadedEditorAssemblies (194ms)
			LogAssemblyErrors (0ms)
			InitializePlatformSupportModulesInManaged (16ms)
			SetLoadedEditorAssemblies (2ms)
			RefreshPlugins (0ms)
			BeforeProcessingInitializeOnLoad (34ms)
			ProcessInitializeOnLoadAttributes (125ms)
			ProcessInitializeOnLoadMethodAttributes (16ms)
			AfterProcessingInitializeOnLoad (2ms)
			EditorAssembliesLoaded (0ms)
		ExecutionOrderSort2 (0ms)
		AwakeInstancesAfterBackupRestoration (4ms)
Launched and connected shader compiler UnityShaderCompiler.exe after 0.03 seconds
Refreshing native plugins compatible for Editor in 1.07 ms, found 1 plugins.
Preloading 0 native plugins for Editor in 0.00 ms.
Unloading 2314 Unused Serialized files (Serialized files now loaded: 0)
Unloading 28 unused Assets / (52.8 KB). Loaded Objects now: 2793.
Memory consumption went from 106.0 MB to 106.0 MB.
Total: 1.844600 ms (FindLiveObjects: 0.126900 ms CreateObjectMapping: 0.053000 ms MarkObjects: 1.585000 ms  DeleteObjects: 0.078500 ms)

AssetImportParameters requested are different than current active one (requested -> active):
  custom:scripting/monoscript/fileName/GoSmoothedVector3.cs: 3a6ceb396859da913cbecdd1940e0aa2 -> 
  custom:scripting/monoscript/fileName/EulerAnglesTweenProperty.cs: 7a2321a8c63f28c3857aa33414a11270 -> 
  custom:video-decoder-webm-vp8: 9c59270c3fd7afecdb556c50c9e8de78 -> 
  custom:scripting/monoscript/fileName/IGenericProperty.cs: f404e27010d8ce1a25f7cc2ac06431ac -> 
  custom:scripting/monoscript/fileName/GoEaseSinusoidal.cs: e637d6b7456e2acd06dfd152f10b71d1 -> 
  custom:scripting/monoscript/fileName/GoSplineCatmullRomSolver.cs: 8bbd4e9dc2722b25540d14d500b88879 -> 
  custom:scripting/monoscript/fileName/IntTweenProperty.cs: 1f39418055dd7708ff3b9e75a86d93a1 -> 
  custom:scripting/monoscript/fileName/Vector3YTweenProperty.cs: 2b996e9222bddad772657bb084e9da48 -> 
  custom:scripting/monoscript/fileName/GoEaseQuintic.cs: 672086238d051af0856016e64ad97204 -> 
  custom:scripting/monoscript/fileName/GoEaseCubic.cs: 7d74fd43480e52f793e3086826193b77 -> 
  custom:SearchIndexIgnoredProperties: e643bd26f0fe6173181afceb89e7c659 -> 
  custom:scripting/monoscript/fileName/GoSmoothedQuaternion.cs: 92de95a3ce149743e526859a8d0255c5 -> 
  custom:container-demuxer-ogg: 62fdf1f143b41e24485cea50d1cbac27 -> 
  custom:AudioImporter_EditorPlatform: d09bf68614088b80899f8185d706f6e7 -> 
  custom:scripting/monoscript/fileName/ShakeTweenProperty.cs: fdb713005206085d3b49cdd6b2d15f80 -> 
  custom:scripting/monoscript/fileName/Vector2TweenProperty.cs: d7a25a544d56d947d9526019347f1f6e -> 
  custom:scripting/monoscript/fileName/GoKitTweenExtensions.cs: 28ee7421c4d34eb9c057646838e28859 -> 
  custom:scripting/monoscript/fileName/Vector3XTweenProperty.cs: 9592582ea2f541a8cf92ba7dd7dd85f2 -> 
  custom:scripting/monoscript/fileName/Go.cs: 840adb47e0f4be71eeea7168442feb7d -> 
  custom:scripting/monoscript/fileName/ColorTweenProperty.cs: 94ba4bee52d153d3fd58a82d4cf8ce0c -> 
  custom:scripting/monoscript/fileName/GoEaseLinear.cs: b690756fd76817f101a31dcd50ae4adc -> 
  custom:scripting/monoscript/fileName/GoEaseExponential.cs: 8f890ce1f0130e8014d1a219fa0d7904 -> 
  custom:scripting/monoscript/fileName/ScaleTweenProperty.cs: 068e501b322923caa36166fe86d472e5 -> 
  custom:video-decoder-ogg-theora: a1e56fd34408186e4bbccfd4996cb3dc -> 
  custom:scripting/monoscript/fileName/GoSpline.cs: 8039f73cfdc174dc6ffa15343c307f29 -> 
  custom:scripting/monoscript/fileName/GoTweenFlow.cs: ce7a11a1fb9e8397b83cab3847ba7970 -> 
  custom:scripting/monoscript/fileName/GoEaseQuartic.cs: d34853ce84f33fe9033901002d4ff793 -> 
  custom:framework-win-MediaFoundation: 216162199b28c13a410421893ffa2e32 -> 
  custom:scripting/monoscript/fileName/GoEaseBounce.cs: e71b365170d63025c159c4756b1910b2 -> 
  custom:scripting/monoscript/fileName/GoSplineQuadraticBezierSolver.cs: 44dee8c5fd496e5eb749f54d83d1397e -> 
  custom:scripting/monoscript/fileName/GoEaseQuadratic.cs: e3ed230c2d29b99c6f642587e4ad0e5d -> 
  custom:scripting/monoscript/fileName/MaterialColorTweenProperty.cs: f6d4ed9537ac95d7564838fa4e660e7d -> 
  custom:scripting/monoscript/fileName/GoEaseCircular.cs: 84a2009340e8431314db7056edf1bd68 -> 
  custom:scripting/monoscript/fileName/PositionPathTweenProperty.cs: efde40660de14fd7cd1ede2fa47e9837 -> 
  custom:video-encoder-webm-vp8: eb34c28f22e8b96e1ab97ce403110664 -> 
  custom:scripting/monoscript/fileName/FloatTweenProperty.cs: 48aea3a8bbe79ca6e0baa81dc186bdfd -> 
  custom:scripting/monoscript/fileName/GoTweenChain.cs: f9995827e6ddafabc43c1b0e0dcfd886 -> 
  custom:scripting/monoscript/fileName/GoTweenCollectionConfig.cs: 37c99bdc8dc674650bd69bc44bb2e57b -> 
  custom:audio-decoder-ogg-vorbis: bf7c407c2cedff20999df2af8eb42d56 -> 
  custom:scripting/monoscript/fileName/AbstractQuaternionTweenProperty.cs: 65ceda31db804ab1e0e34f0e48afa285 -> 
  custom:scripting/monoscript/fileName/AbstractColorTweenProperty.cs: bba0da230ed56fc0a25af92f6a3e377e -> 
  custom:scripting/monoscript/fileName/AbstractVector3TweenProperty.cs: 6aa4defef7531529f4ddc1516936e2e3 -> 
  custom:CustomObjectIndexerAttribute: 9a22284fe3817be447336de3de66b15e -> 
  custom:scripting/monoscript/fileName/Vector4TweenProperty.cs: 18bb73739ede80588b5bfadcee873907 -> 
  custom:scripting/monoscript/fileName/GoEaseBack.cs: 3f6e00793ada35f633abc2146480990e -> 
  custom:container-demuxer-webm: 4f35f7cbe854078d1ac9338744f61a02 -> 
  custom:scripting/monoscript/fileName/GoTweenConfig.cs: 5b3154c82824c20addf84e8652f51cfe -> 
  custom:scripting/monoscript/fileName/RotationQuaternionTweenProperty.cs: e0d94af0c913b0be4cd670833a2cda91 -> 
  custom:scripting/monoscript/fileName/GoTweenUtils.cs: 867d37edf69335bc6e54784197f28064 -> 
  custom:scripting/monoscript/fileName/GoSplineCubicBezierSolver.cs: 6d81419c64f7c334f4359254f1cbade0 -> 
  custom:audio-encoder-webm-vorbis: bf7c407c2cedff20999df2af8eb42d56 -> 
  custom:scripting/monoscript/fileName/ScalePathTweenProperty.cs: 816c1a788eca415c60d1b7e87fb103fe -> 
  custom:scripting/monoscript/fileName/GoEaseElastic.cs: f0cafb366ac4251d5c35fe413d3f62f6 -> 
  custom:scripting/monoscript/fileName/GoDummyPath.cs: a21201ab2fac2187e4faeaf08bb4ec90 -> 
  custom:scripting/monoscript/fileName/PositionTweenProperty.cs: e367a96b2cbc0b819bff5d0620f4b258 -> 
  custom:scripting/monoscript/fileName/Vector3TweenProperty.cs: 8e9f9d7bb7b15068d97f4d593f097c86 -> 
  custom:scripting/monoscript/fileName/AbstractGoTween.cs: 3bdc69e313ad58745cd33c4b74e6a709 -> 
  custom:scripting/monoscript/fileName/GoSplineStraightLineSolver.cs: b6a3907f2ead3ba9ac17ad3fdd121ec9 -> 
  custom:scripting/monoscript/fileName/AbstractGoTweenCollection.cs: 61d9f5f358696a7942516ed78ffe7e98 -> 
  custom:scripting/monoscript/fileName/Vector3PathTweenProperty.cs: 94848aa2e96060cfeaf83844ee158f0c -> 
  custom:scripting/monoscript/fileName/Vector3ZTweenProperty.cs: 35595634a87246c4e13691b1563178c5 -> 
  custom:scripting/monoscript/fileName/AbstractTweenProperty.cs: c71b2ece20cb4e1e30772e574c806625 -> 
  custom:container-muxer-webm: aa71ff27fc2769a1b78a27578f13a17b -> 
  custom:scripting/monoscript/fileName/AbstractGoSplineSolver.cs: 788a6b8052af6ee0371d3a464e692d1b -> 
  custom:scripting/monoscript/fileName/GoTween.cs: 4df5a8b9fefcbd8a2b5d6fe6223ee62f -> 
  custom:scripting/monoscript/fileName/RotationTweenProperty.cs: 13e7fbd741208cd89873755249a873a9 -> 
========================================================================
Received Prepare
Begin MonoManager ReloadAssembly
- Loaded All Assemblies, in  0.293 seconds
Refreshing native plugins compatible for Editor in 1.68 ms, found 1 plugins.
Native extension for WindowsStandalone target not found
Native extension for Android target not found
Mono: successfully reloaded assembly
- Finished resetting the current domain, in  0.375 seconds
Domain Reload Profiling: 668ms
	BeginReloadAssembly (115ms)
		ExecutionOrderSort (0ms)
		DisableScriptedObjects (4ms)
		BackupInstance (0ms)
		ReleaseScriptingObjects (0ms)
		CreateAndSetChildDomain (18ms)
	RebuildCommonClasses (27ms)
	RebuildNativeTypeToScriptingClass (8ms)
	initialDomainReloadingComplete (21ms)
	LoadAllAssembliesAndSetupDomain (121ms)
		LoadAssemblies (177ms)
		RebuildTransferFunctionScriptingTraits (0ms)
		AnalyzeDomain (16ms)
			TypeCache.Refresh (6ms)
				TypeCache.ScanAssembly (0ms)
			ScanForSourceGeneratedMonoScriptInfo (3ms)
			ResolveRequiredComponents (6ms)
	FinalizeReload (376ms)
		ReleaseScriptCaches (0ms)
		RebuildScriptCaches (0ms)
		SetupLoadedEditorAssemblies (182ms)
			LogAssemblyErrors (0ms)
			InitializePlatformSupportModulesInManaged (17ms)
			SetLoadedEditorAssemblies (2ms)
			RefreshPlugins (0ms)
			BeforeProcessingInitializeOnLoad (34ms)
			ProcessInitializeOnLoadAttributes (113ms)
			ProcessInitializeOnLoadMethodAttributes (15ms)
			AfterProcessingInitializeOnLoad (2ms)
			EditorAssembliesLoaded (0ms)
		ExecutionOrderSort2 (0ms)
		AwakeInstancesAfterBackupRestoration (4ms)
Refreshing native plugins compatible for Editor in 1.26 ms, found 1 plugins.
Preloading 0 native plugins for Editor in 0.00 ms.
Unloading 2320 Unused Serialized files (Serialized files now loaded: 0)
Unloading 34 unused Assets / (0.7 MB). Loaded Objects now: 2796.
Memory consumption went from 108.4 MB to 107.7 MB.
Total: 2.068200 ms (FindLiveObjects: 0.143500 ms CreateObjectMapping: 0.059200 ms MarkObjects: 1.591300 ms  DeleteObjects: 0.273300 ms)

Prepare: number of updated asset objects reloaded= 0
AssetImportParameters requested are different than current active one (requested -> active):
  custom:scripting/monoscript/fileName/GoSmoothedVector3.cs: 3a6ceb396859da913cbecdd1940e0aa2 -> 
  custom:scripting/monoscript/fileName/EulerAnglesTweenProperty.cs: 7a2321a8c63f28c3857aa33414a11270 -> 
  custom:video-decoder-webm-vp8: 9c59270c3fd7afecdb556c50c9e8de78 -> 
  custom:scripting/monoscript/fileName/IGenericProperty.cs: f404e27010d8ce1a25f7cc2ac06431ac -> 
  custom:scripting/monoscript/fileName/GoEaseSinusoidal.cs: e637d6b7456e2acd06dfd152f10b71d1 -> 
  custom:scripting/monoscript/fileName/GoSplineCatmullRomSolver.cs: 8bbd4e9dc2722b25540d14d500b88879 -> 
  custom:scripting/monoscript/fileName/IntTweenProperty.cs: 1f39418055dd7708ff3b9e75a86d93a1 -> 
  custom:scripting/monoscript/fileName/Vector3YTweenProperty.cs: 2b996e9222bddad772657bb084e9da48 -> 
  custom:scripting/monoscript/fileName/GoEaseQuintic.cs: 672086238d051af0856016e64ad97204 -> 
  custom:scripting/monoscript/fileName/GoEaseCubic.cs: 7d74fd43480e52f793e3086826193b77 -> 
  custom:SearchIndexIgnoredProperties: e643bd26f0fe6173181afceb89e7c659 -> 
  custom:scripting/monoscript/fileName/GoSmoothedQuaternion.cs: 92de95a3ce149743e526859a8d0255c5 -> 
  custom:container-demuxer-ogg: 62fdf1f143b41e24485cea50d1cbac27 -> 
  custom:AudioImporter_EditorPlatform: d09bf68614088b80899f8185d706f6e7 -> 
  custom:scripting/monoscript/fileName/ShakeTweenProperty.cs: fdb713005206085d3b49cdd6b2d15f80 -> 
  custom:scripting/monoscript/fileName/Vector2TweenProperty.cs: d7a25a544d56d947d9526019347f1f6e -> 
  custom:scripting/monoscript/fileName/GoKitTweenExtensions.cs: 28ee7421c4d34eb9c057646838e28859 -> 
  custom:scripting/monoscript/fileName/Vector3XTweenProperty.cs: 9592582ea2f541a8cf92ba7dd7dd85f2 -> 
  custom:scripting/monoscript/fileName/Go.cs: 840adb47e0f4be71eeea7168442feb7d -> 
  custom:scripting/monoscript/fileName/ColorTweenProperty.cs: 94ba4bee52d153d3fd58a82d4cf8ce0c -> 
  custom:scripting/monoscript/fileName/GoEaseLinear.cs: b690756fd76817f101a31dcd50ae4adc -> 
  custom:scripting/monoscript/fileName/GoEaseExponential.cs: 8f890ce1f0130e8014d1a219fa0d7904 -> 
  custom:scripting/monoscript/fileName/ScaleTweenProperty.cs: 068e501b322923caa36166fe86d472e5 -> 
  custom:video-decoder-ogg-theora: a1e56fd34408186e4bbccfd4996cb3dc -> 
  custom:scripting/monoscript/fileName/GoSpline.cs: 8039f73cfdc174dc6ffa15343c307f29 -> 
  custom:scripting/monoscript/fileName/GoTweenFlow.cs: ce7a11a1fb9e8397b83cab3847ba7970 -> 
  custom:scripting/monoscript/fileName/GoEaseQuartic.cs: d34853ce84f33fe9033901002d4ff793 -> 
  custom:framework-win-MediaFoundation: 216162199b28c13a410421893ffa2e32 -> 
  custom:scripting/monoscript/fileName/GoEaseBounce.cs: e71b365170d63025c159c4756b1910b2 -> 
  custom:scripting/monoscript/fileName/GoSplineQuadraticBezierSolver.cs: 44dee8c5fd496e5eb749f54d83d1397e -> 
  custom:scripting/monoscript/fileName/GoEaseQuadratic.cs: e3ed230c2d29b99c6f642587e4ad0e5d -> 
  custom:scripting/monoscript/fileName/MaterialColorTweenProperty.cs: f6d4ed9537ac95d7564838fa4e660e7d -> 
  custom:scripting/monoscript/fileName/GoEaseCircular.cs: 84a2009340e8431314db7056edf1bd68 -> 
  custom:scripting/monoscript/fileName/PositionPathTweenProperty.cs: efde40660de14fd7cd1ede2fa47e9837 -> 
  custom:video-encoder-webm-vp8: eb34c28f22e8b96e1ab97ce403110664 -> 
  custom:scripting/monoscript/fileName/FloatTweenProperty.cs: 48aea3a8bbe79ca6e0baa81dc186bdfd -> 
  custom:scripting/monoscript/fileName/GoTweenChain.cs: f9995827e6ddafabc43c1b0e0dcfd886 -> 
  custom:scripting/monoscript/fileName/GoTweenCollectionConfig.cs: 37c99bdc8dc674650bd69bc44bb2e57b -> 
  custom:audio-decoder-ogg-vorbis: bf7c407c2cedff20999df2af8eb42d56 -> 
  custom:scripting/monoscript/fileName/AbstractQuaternionTweenProperty.cs: 65ceda31db804ab1e0e34f0e48afa285 -> 
  custom:scripting/monoscript/fileName/AbstractColorTweenProperty.cs: bba0da230ed56fc0a25af92f6a3e377e -> 
  custom:scripting/monoscript/fileName/AbstractVector3TweenProperty.cs: 6aa4defef7531529f4ddc1516936e2e3 -> 
  custom:CustomObjectIndexerAttribute: 9a22284fe3817be447336de3de66b15e -> 
  custom:scripting/monoscript/fileName/Vector4TweenProperty.cs: 18bb73739ede80588b5bfadcee873907 -> 
  custom:scripting/monoscript/fileName/GoEaseBack.cs: 3f6e00793ada35f633abc2146480990e -> 
  custom:container-demuxer-webm: 4f35f7cbe854078d1ac9338744f61a02 -> 
  custom:scripting/monoscript/fileName/GoTweenConfig.cs: 5b3154c82824c20addf84e8652f51cfe -> 
  custom:scripting/monoscript/fileName/RotationQuaternionTweenProperty.cs: e0d94af0c913b0be4cd670833a2cda91 -> 
  custom:scripting/monoscript/fileName/GoTweenUtils.cs: 867d37edf69335bc6e54784197f28064 -> 
  custom:scripting/monoscript/fileName/GoSplineCubicBezierSolver.cs: 6d81419c64f7c334f4359254f1cbade0 -> 
  custom:audio-encoder-webm-vorbis: bf7c407c2cedff20999df2af8eb42d56 -> 
  custom:scripting/monoscript/fileName/ScalePathTweenProperty.cs: 816c1a788eca415c60d1b7e87fb103fe -> 
  custom:scripting/monoscript/fileName/GoEaseElastic.cs: f0cafb366ac4251d5c35fe413d3f62f6 -> 
  custom:scripting/monoscript/fileName/GoDummyPath.cs: a21201ab2fac2187e4faeaf08bb4ec90 -> 
  custom:scripting/monoscript/fileName/PositionTweenProperty.cs: e367a96b2cbc0b819bff5d0620f4b258 -> 
  custom:scripting/monoscript/fileName/Vector3TweenProperty.cs: 8e9f9d7bb7b15068d97f4d593f097c86 -> 
  custom:scripting/monoscript/fileName/AbstractGoTween.cs: 3bdc69e313ad58745cd33c4b74e6a709 -> 
  custom:scripting/monoscript/fileName/GoSplineStraightLineSolver.cs: b6a3907f2ead3ba9ac17ad3fdd121ec9 -> 
  custom:scripting/monoscript/fileName/AbstractGoTweenCollection.cs: 61d9f5f358696a7942516ed78ffe7e98 -> 
  custom:scripting/monoscript/fileName/Vector3PathTweenProperty.cs: 94848aa2e96060cfeaf83844ee158f0c -> 
  custom:scripting/monoscript/fileName/Vector3ZTweenProperty.cs: 35595634a87246c4e13691b1563178c5 -> 
  custom:scripting/monoscript/fileName/AbstractTweenProperty.cs: c71b2ece20cb4e1e30772e574c806625 -> 
  custom:container-muxer-webm: aa71ff27fc2769a1b78a27578f13a17b -> 
  custom:scripting/monoscript/fileName/AbstractGoSplineSolver.cs: 788a6b8052af6ee0371d3a464e692d1b -> 
  custom:scripting/monoscript/fileName/GoTween.cs: 4df5a8b9fefcbd8a2b5d6fe6223ee62f -> 
  custom:scripting/monoscript/fileName/RotationTweenProperty.cs: 13e7fbd741208cd89873755249a873a9 -> 
========================================================================
Received Import Request.
  Time since last request: 1202011.557197 seconds.
  path: Assets/TextMesh Pro/Resources/Fonts & Materials/LiberationSans SDF - Drop Shadow.mat
  artifactKey: Guid(e73a58f6e2794ae7b1b7e50b7fb811b0) Importer(815301076,1909f56bfc062723c751e8b465ee728b)
Start importing Assets/TextMesh Pro/Resources/Fonts & Materials/LiberationSans SDF - Drop Shadow.mat using Guid(e73a58f6e2794ae7b1b7e50b7fb811b0) Importer(815301076,1909f56bfc062723c751e8b465ee728b)  -> (artifact id: 'd4f3427b87be8de74ef7bf5817eff503') in 0.112370 seconds
Number of updated asset objects reloaded before import = 0
Number of asset objects unloaded after import = 3
========================================================================
Received Import Request.
  Time since last request: 0.000018 seconds.
  path: Assets/TextMesh Pro/Resources/Fonts & Materials/LiberationSans SDF - Outline.mat
  artifactKey: Guid(79459efec17a4d00a321bdcc27bbc385) Importer(815301076,1909f56bfc062723c751e8b465ee728b)
Start importing Assets/TextMesh Pro/Resources/Fonts & Materials/LiberationSans SDF - Outline.mat using Guid(79459efec17a4d00a321bdcc27bbc385) Importer(815301076,1909f56bfc062723c751e8b465ee728b)  -> (artifact id: 'f3d5dbe8bb065623567842f086ab98da') in 0.049836 seconds
Number of updated asset objects reloaded before import = 0
Number of asset objects unloaded after import = 3
========================================================================
Received Import Request.
  Time since last request: 177.804958 seconds.
  path: Assets/Prefabs/Armor.prefab
  artifactKey: Guid(f035ced4b9e14ae45b87e74f22d1fc37) Importer(815301076,1909f56bfc062723c751e8b465ee728b)
Start importing Assets/Prefabs/Armor.prefab using Guid(f035ced4b9e14ae45b87e74f22d1fc37) Importer(815301076,1909f56bfc062723c751e8b465ee728b)  -> (artifact id: '147246070fb25b4ea03c2e51f1e48ac0') in 0.051000 seconds
Number of updated asset objects reloaded before import = 0
Number of asset objects unloaded after import = 9
========================================================================
Received Import Request.
  Time since last request: 0.000019 seconds.
  path: Assets/Prefabs/Attack.prefab
  artifactKey: Guid(b70e5b7f61cc529439c8efdc6d72dab9) Importer(815301076,1909f56bfc062723c751e8b465ee728b)
Start importing Assets/Prefabs/Attack.prefab using Guid(b70e5b7f61cc529439c8efdc6d72dab9) Importer(815301076,1909f56bfc062723c751e8b465ee728b)  -> (artifact id: 'c3ec11bb17a8aabd44c3894f96a3c975') in 0.036267 seconds
Number of updated asset objects reloaded before import = 0
Number of asset objects unloaded after import = 23
========================================================================
Received Prepare
Begin MonoManager ReloadAssembly
- Loaded All Assemblies, in  0.293 seconds
Refreshing native plugins compatible for Editor in 1.39 ms, found 1 plugins.
Native extension for WindowsStandalone target not found
Native extension for Android target not found
Mono: successfully reloaded assembly
- Finished resetting the current domain, in  0.393 seconds
Domain Reload Profiling: 686ms
	BeginReloadAssembly (108ms)
		ExecutionOrderSort (0ms)
		DisableScriptedObjects (3ms)
		BackupInstance (0ms)
		ReleaseScriptingObjects (0ms)
		CreateAndSetChildDomain (19ms)
	RebuildCommonClasses (26ms)
	RebuildNativeTypeToScriptingClass (14ms)
	initialDomainReloadingComplete (19ms)
	LoadAllAssembliesAndSetupDomain (127ms)
		LoadAssemblies (182ms)
		RebuildTransferFunctionScriptingTraits (0ms)
		AnalyzeDomain (9ms)
			TypeCache.Refresh (4ms)
				TypeCache.ScanAssembly (0ms)
			ScanForSourceGeneratedMonoScriptInfo (0ms)
			ResolveRequiredComponents (4ms)
	FinalizeReload (393ms)
		ReleaseScriptCaches (0ms)
		RebuildScriptCaches (0ms)
		SetupLoadedEditorAssemblies (197ms)
			LogAssemblyErrors (0ms)
			InitializePlatformSupportModulesInManaged (16ms)
			SetLoadedEditorAssemblies (2ms)
			RefreshPlugins (0ms)
			BeforeProcessingInitializeOnLoad (38ms)
			ProcessInitializeOnLoadAttributes (120ms)
			ProcessInitializeOnLoadMethodAttributes (19ms)
			AfterProcessingInitializeOnLoad (2ms)
			EditorAssembliesLoaded (0ms)
		ExecutionOrderSort2 (0ms)
		AwakeInstancesAfterBackupRestoration (6ms)
Refreshing native plugins compatible for Editor in 1.39 ms, found 1 plugins.
Preloading 0 native plugins for Editor in 0.00 ms.
Unloading 2319 Unused Serialized files (Serialized files now loaded: 0)
Unloading 33 unused Assets / (0.7 MB). Loaded Objects now: 2841.
Memory consumption went from 108.6 MB to 107.9 MB.
Total: 2.346100 ms (FindLiveObjects: 0.143400 ms CreateObjectMapping: 0.054300 ms MarkObjects: 1.875500 ms  DeleteObjects: 0.271400 ms)

Prepare: number of updated asset objects reloaded= 0
AssetImportParameters requested are different than current active one (requested -> active):
  custom:scripting/monoscript/fileName/GoSmoothedVector3.cs: 3a6ceb396859da913cbecdd1940e0aa2 -> 
  custom:scripting/monoscript/fileName/EulerAnglesTweenProperty.cs: 7a2321a8c63f28c3857aa33414a11270 -> 
  custom:video-decoder-webm-vp8: 9c59270c3fd7afecdb556c50c9e8de78 -> 
  custom:scripting/monoscript/fileName/IGenericProperty.cs: f404e27010d8ce1a25f7cc2ac06431ac -> 
  custom:scripting/monoscript/fileName/GoEaseSinusoidal.cs: e637d6b7456e2acd06dfd152f10b71d1 -> 
  custom:scripting/monoscript/fileName/GoSplineCatmullRomSolver.cs: 8bbd4e9dc2722b25540d14d500b88879 -> 
  custom:scripting/monoscript/fileName/IntTweenProperty.cs: 1f39418055dd7708ff3b9e75a86d93a1 -> 
  custom:scripting/monoscript/fileName/Vector3YTweenProperty.cs: 2b996e9222bddad772657bb084e9da48 -> 
  custom:scripting/monoscript/fileName/GoEaseQuintic.cs: 672086238d051af0856016e64ad97204 -> 
  custom:scripting/monoscript/fileName/GoEaseCubic.cs: 7d74fd43480e52f793e3086826193b77 -> 
  custom:SearchIndexIgnoredProperties: e643bd26f0fe6173181afceb89e7c659 -> 
  custom:scripting/monoscript/fileName/GoSmoothedQuaternion.cs: 92de95a3ce149743e526859a8d0255c5 -> 
  custom:container-demuxer-ogg: 62fdf1f143b41e24485cea50d1cbac27 -> 
  custom:AudioImporter_EditorPlatform: d09bf68614088b80899f8185d706f6e7 -> 
  custom:scripting/monoscript/fileName/ShakeTweenProperty.cs: fdb713005206085d3b49cdd6b2d15f80 -> 
  custom:scripting/monoscript/fileName/Vector2TweenProperty.cs: d7a25a544d56d947d9526019347f1f6e -> 
  custom:scripting/monoscript/fileName/GoKitTweenExtensions.cs: 28ee7421c4d34eb9c057646838e28859 -> 
  custom:scripting/monoscript/fileName/Vector3XTweenProperty.cs: 9592582ea2f541a8cf92ba7dd7dd85f2 -> 
  custom:scripting/monoscript/fileName/Go.cs: 840adb47e0f4be71eeea7168442feb7d -> 
  custom:scripting/monoscript/fileName/ColorTweenProperty.cs: 94ba4bee52d153d3fd58a82d4cf8ce0c -> 
  custom:scripting/monoscript/fileName/GoEaseLinear.cs: b690756fd76817f101a31dcd50ae4adc -> 
  custom:scripting/monoscript/fileName/GoEaseExponential.cs: 8f890ce1f0130e8014d1a219fa0d7904 -> 
  custom:scripting/monoscript/fileName/ScaleTweenProperty.cs: 068e501b322923caa36166fe86d472e5 -> 
  custom:video-decoder-ogg-theora: a1e56fd34408186e4bbccfd4996cb3dc -> 
  custom:scripting/monoscript/fileName/GoSpline.cs: 8039f73cfdc174dc6ffa15343c307f29 -> 
  custom:scripting/monoscript/fileName/GoTweenFlow.cs: ce7a11a1fb9e8397b83cab3847ba7970 -> 
  custom:scripting/monoscript/fileName/GoEaseQuartic.cs: d34853ce84f33fe9033901002d4ff793 -> 
  custom:framework-win-MediaFoundation: 216162199b28c13a410421893ffa2e32 -> 
  custom:scripting/monoscript/fileName/GoEaseBounce.cs: e71b365170d63025c159c4756b1910b2 -> 
  custom:scripting/monoscript/fileName/GoSplineQuadraticBezierSolver.cs: 44dee8c5fd496e5eb749f54d83d1397e -> 
  custom:scripting/monoscript/fileName/GoEaseQuadratic.cs: e3ed230c2d29b99c6f642587e4ad0e5d -> 
  custom:scripting/monoscript/fileName/MaterialColorTweenProperty.cs: f6d4ed9537ac95d7564838fa4e660e7d -> 
  custom:scripting/monoscript/fileName/GoEaseCircular.cs: 84a2009340e8431314db7056edf1bd68 -> 
  custom:scripting/monoscript/fileName/PositionPathTweenProperty.cs: efde40660de14fd7cd1ede2fa47e9837 -> 
  custom:video-encoder-webm-vp8: eb34c28f22e8b96e1ab97ce403110664 -> 
  custom:scripting/monoscript/fileName/FloatTweenProperty.cs: 48aea3a8bbe79ca6e0baa81dc186bdfd -> 
  custom:scripting/monoscript/fileName/GoTweenChain.cs: f9995827e6ddafabc43c1b0e0dcfd886 -> 
  custom:scripting/monoscript/fileName/GoTweenCollectionConfig.cs: 37c99bdc8dc674650bd69bc44bb2e57b -> 
  custom:audio-decoder-ogg-vorbis: bf7c407c2cedff20999df2af8eb42d56 -> 
  custom:scripting/monoscript/fileName/AbstractQuaternionTweenProperty.cs: 65ceda31db804ab1e0e34f0e48afa285 -> 
  custom:scripting/monoscript/fileName/AbstractColorTweenProperty.cs: bba0da230ed56fc0a25af92f6a3e377e -> 
  custom:scripting/monoscript/fileName/AbstractVector3TweenProperty.cs: 6aa4defef7531529f4ddc1516936e2e3 -> 
  custom:CustomObjectIndexerAttribute: 9a22284fe3817be447336de3de66b15e -> 
  custom:scripting/monoscript/fileName/Vector4TweenProperty.cs: 18bb73739ede80588b5bfadcee873907 -> 
  custom:scripting/monoscript/fileName/GoEaseBack.cs: 3f6e00793ada35f633abc2146480990e -> 
  custom:container-demuxer-webm: 4f35f7cbe854078d1ac9338744f61a02 -> 
  custom:scripting/monoscript/fileName/GoTweenConfig.cs: 5b3154c82824c20addf84e8652f51cfe -> 
  custom:scripting/monoscript/fileName/RotationQuaternionTweenProperty.cs: e0d94af0c913b0be4cd670833a2cda91 -> 
  custom:scripting/monoscript/fileName/GoTweenUtils.cs: 867d37edf69335bc6e54784197f28064 -> 
  custom:scripting/monoscript/fileName/GoSplineCubicBezierSolver.cs: 6d81419c64f7c334f4359254f1cbade0 -> 
  custom:audio-encoder-webm-vorbis: bf7c407c2cedff20999df2af8eb42d56 -> 
  custom:scripting/monoscript/fileName/ScalePathTweenProperty.cs: 816c1a788eca415c60d1b7e87fb103fe -> 
  custom:scripting/monoscript/fileName/GoEaseElastic.cs: f0cafb366ac4251d5c35fe413d3f62f6 -> 
  custom:scripting/monoscript/fileName/GoDummyPath.cs: a21201ab2fac2187e4faeaf08bb4ec90 -> 
  custom:scripting/monoscript/fileName/PositionTweenProperty.cs: e367a96b2cbc0b819bff5d0620f4b258 -> 
  custom:scripting/monoscript/fileName/Vector3TweenProperty.cs: 8e9f9d7bb7b15068d97f4d593f097c86 -> 
  custom:scripting/monoscript/fileName/AbstractGoTween.cs: 3bdc69e313ad58745cd33c4b74e6a709 -> 
  custom:scripting/monoscript/fileName/GoSplineStraightLineSolver.cs: b6a3907f2ead3ba9ac17ad3fdd121ec9 -> 
  custom:scripting/monoscript/fileName/AbstractGoTweenCollection.cs: 61d9f5f358696a7942516ed78ffe7e98 -> 
  custom:scripting/monoscript/fileName/Vector3PathTweenProperty.cs: 94848aa2e96060cfeaf83844ee158f0c -> 
  custom:scripting/monoscript/fileName/Vector3ZTweenProperty.cs: 35595634a87246c4e13691b1563178c5 -> 
  custom:scripting/monoscript/fileName/AbstractTweenProperty.cs: c71b2ece20cb4e1e30772e574c806625 -> 
  custom:container-muxer-webm: aa71ff27fc2769a1b78a27578f13a17b -> 
  custom:scripting/monoscript/fileName/AbstractGoSplineSolver.cs: 788a6b8052af6ee0371d3a464e692d1b -> 
  custom:scripting/monoscript/fileName/GoTween.cs: 4df5a8b9fefcbd8a2b5d6fe6223ee62f -> 
  custom:scripting/monoscript/fileName/RotationTweenProperty.cs: 13e7fbd741208cd89873755249a873a9 -> 
========================================================================
Received Prepare
Begin MonoManager ReloadAssembly
- Loaded All Assemblies, in  0.307 seconds
Refreshing native plugins compatible for Editor in 1.50 ms, found 1 plugins.
Native extension for WindowsStandalone target not found
Native extension for Android target not found
Mono: successfully reloaded assembly
- Finished resetting the current domain, in  0.395 seconds
Domain Reload Profiling: 702ms
	BeginReloadAssembly (123ms)
		ExecutionOrderSort (0ms)
		DisableScriptedObjects (4ms)
		BackupInstance (0ms)
		ReleaseScriptingObjects (0ms)
		CreateAndSetChildDomain (19ms)
	RebuildCommonClasses (25ms)
	RebuildNativeTypeToScriptingClass (8ms)
	initialDomainReloadingComplete (22ms)
	LoadAllAssembliesAndSetupDomain (128ms)
		LoadAssemblies (195ms)
		RebuildTransferFunctionScriptingTraits (0ms)
		AnalyzeDomain (10ms)
			TypeCache.Refresh (4ms)
				TypeCache.ScanAssembly (0ms)
			ScanForSourceGeneratedMonoScriptInfo (0ms)
			ResolveRequiredComponents (5ms)
	FinalizeReload (395ms)
		ReleaseScriptCaches (0ms)
		RebuildScriptCaches (0ms)
		SetupLoadedEditorAssemblies (200ms)
			LogAssemblyErrors (0ms)
			InitializePlatformSupportModulesInManaged (19ms)
			SetLoadedEditorAssemblies (3ms)
			RefreshPlugins (0ms)
			BeforeProcessingInitializeOnLoad (34ms)
			ProcessInitializeOnLoadAttributes (124ms)
			ProcessInitializeOnLoadMethodAttributes (18ms)
			AfterProcessingInitializeOnLoad (2ms)
			EditorAssembliesLoaded (0ms)
		ExecutionOrderSort2 (0ms)
		AwakeInstancesAfterBackupRestoration (6ms)
Refreshing native plugins compatible for Editor in 1.37 ms, found 1 plugins.
Preloading 0 native plugins for Editor in 0.00 ms.
Unloading 2319 Unused Serialized files (Serialized files now loaded: 0)
Unloading 33 unused Assets / (0.7 MB). Loaded Objects now: 2844.
Memory consumption went from 108.6 MB to 108.0 MB.
Total: 2.073700 ms (FindLiveObjects: 0.153500 ms CreateObjectMapping: 0.066500 ms MarkObjects: 1.610200 ms  DeleteObjects: 0.243000 ms)

Prepare: number of updated asset objects reloaded= 0
AssetImportParameters requested are different than current active one (requested -> active):
  custom:scripting/monoscript/fileName/GoSmoothedVector3.cs: 3a6ceb396859da913cbecdd1940e0aa2 -> 
  custom:scripting/monoscript/fileName/EulerAnglesTweenProperty.cs: 7a2321a8c63f28c3857aa33414a11270 -> 
  custom:video-decoder-webm-vp8: 9c59270c3fd7afecdb556c50c9e8de78 -> 
  custom:scripting/monoscript/fileName/IGenericProperty.cs: f404e27010d8ce1a25f7cc2ac06431ac -> 
  custom:scripting/monoscript/fileName/GoEaseSinusoidal.cs: e637d6b7456e2acd06dfd152f10b71d1 -> 
  custom:scripting/monoscript/fileName/GoSplineCatmullRomSolver.cs: 8bbd4e9dc2722b25540d14d500b88879 -> 
  custom:scripting/monoscript/fileName/IntTweenProperty.cs: 1f39418055dd7708ff3b9e75a86d93a1 -> 
  custom:scripting/monoscript/fileName/Vector3YTweenProperty.cs: 2b996e9222bddad772657bb084e9da48 -> 
  custom:scripting/monoscript/fileName/GoEaseQuintic.cs: 672086238d051af0856016e64ad97204 -> 
  custom:scripting/monoscript/fileName/GoEaseCubic.cs: 7d74fd43480e52f793e3086826193b77 -> 
  custom:SearchIndexIgnoredProperties: e643bd26f0fe6173181afceb89e7c659 -> 
  custom:scripting/monoscript/fileName/GoSmoothedQuaternion.cs: 92de95a3ce149743e526859a8d0255c5 -> 
  custom:container-demuxer-ogg: 62fdf1f143b41e24485cea50d1cbac27 -> 
  custom:AudioImporter_EditorPlatform: d09bf68614088b80899f8185d706f6e7 -> 
  custom:scripting/monoscript/fileName/ShakeTweenProperty.cs: fdb713005206085d3b49cdd6b2d15f80 -> 
  custom:scripting/monoscript/fileName/Vector2TweenProperty.cs: d7a25a544d56d947d9526019347f1f6e -> 
  custom:scripting/monoscript/fileName/GoKitTweenExtensions.cs: 28ee7421c4d34eb9c057646838e28859 -> 
  custom:scripting/monoscript/fileName/Vector3XTweenProperty.cs: 9592582ea2f541a8cf92ba7dd7dd85f2 -> 
  custom:scripting/monoscript/fileName/Go.cs: 840adb47e0f4be71eeea7168442feb7d -> 
  custom:scripting/monoscript/fileName/ColorTweenProperty.cs: 94ba4bee52d153d3fd58a82d4cf8ce0c -> 
  custom:scripting/monoscript/fileName/GoEaseLinear.cs: b690756fd76817f101a31dcd50ae4adc -> 
  custom:scripting/monoscript/fileName/GoEaseExponential.cs: 8f890ce1f0130e8014d1a219fa0d7904 -> 
  custom:scripting/monoscript/fileName/ScaleTweenProperty.cs: 068e501b322923caa36166fe86d472e5 -> 
  custom:video-decoder-ogg-theora: a1e56fd34408186e4bbccfd4996cb3dc -> 
  custom:scripting/monoscript/fileName/GoSpline.cs: 8039f73cfdc174dc6ffa15343c307f29 -> 
  custom:scripting/monoscript/fileName/GoTweenFlow.cs: ce7a11a1fb9e8397b83cab3847ba7970 -> 
  custom:scripting/monoscript/fileName/GoEaseQuartic.cs: d34853ce84f33fe9033901002d4ff793 -> 
  custom:framework-win-MediaFoundation: 216162199b28c13a410421893ffa2e32 -> 
  custom:scripting/monoscript/fileName/GoEaseBounce.cs: e71b365170d63025c159c4756b1910b2 -> 
  custom:scripting/monoscript/fileName/GoSplineQuadraticBezierSolver.cs: 44dee8c5fd496e5eb749f54d83d1397e -> 
  custom:scripting/monoscript/fileName/GoEaseQuadratic.cs: e3ed230c2d29b99c6f642587e4ad0e5d -> 
  custom:scripting/monoscript/fileName/MaterialColorTweenProperty.cs: f6d4ed9537ac95d7564838fa4e660e7d -> 
  custom:scripting/monoscript/fileName/GoEaseCircular.cs: 84a2009340e8431314db7056edf1bd68 -> 
  custom:scripting/monoscript/fileName/PositionPathTweenProperty.cs: efde40660de14fd7cd1ede2fa47e9837 -> 
  custom:video-encoder-webm-vp8: eb34c28f22e8b96e1ab97ce403110664 -> 
  custom:scripting/monoscript/fileName/FloatTweenProperty.cs: 48aea3a8bbe79ca6e0baa81dc186bdfd -> 
  custom:scripting/monoscript/fileName/GoTweenChain.cs: f9995827e6ddafabc43c1b0e0dcfd886 -> 
  custom:scripting/monoscript/fileName/GoTweenCollectionConfig.cs: 37c99bdc8dc674650bd69bc44bb2e57b -> 
  custom:audio-decoder-ogg-vorbis: bf7c407c2cedff20999df2af8eb42d56 -> 
  custom:scripting/monoscript/fileName/AbstractQuaternionTweenProperty.cs: 65ceda31db804ab1e0e34f0e48afa285 -> 
  custom:scripting/monoscript/fileName/AbstractColorTweenProperty.cs: bba0da230ed56fc0a25af92f6a3e377e -> 
  custom:scripting/monoscript/fileName/AbstractVector3TweenProperty.cs: 6aa4defef7531529f4ddc1516936e2e3 -> 
  custom:CustomObjectIndexerAttribute: 9a22284fe3817be447336de3de66b15e -> 
  custom:scripting/monoscript/fileName/Vector4TweenProperty.cs: 18bb73739ede80588b5bfadcee873907 -> 
  custom:scripting/monoscript/fileName/GoEaseBack.cs: 3f6e00793ada35f633abc2146480990e -> 
  custom:container-demuxer-webm: 4f35f7cbe854078d1ac9338744f61a02 -> 
  custom:scripting/monoscript/fileName/GoTweenConfig.cs: 5b3154c82824c20addf84e8652f51cfe -> 
  custom:scripting/monoscript/fileName/RotationQuaternionTweenProperty.cs: e0d94af0c913b0be4cd670833a2cda91 -> 
  custom:scripting/monoscript/fileName/GoTweenUtils.cs: 867d37edf69335bc6e54784197f28064 -> 
  custom:scripting/monoscript/fileName/GoSplineCubicBezierSolver.cs: 6d81419c64f7c334f4359254f1cbade0 -> 
  custom:audio-encoder-webm-vorbis: bf7c407c2cedff20999df2af8eb42d56 -> 
  custom:scripting/monoscript/fileName/ScalePathTweenProperty.cs: 816c1a788eca415c60d1b7e87fb103fe -> 
  custom:scripting/monoscript/fileName/GoEaseElastic.cs: f0cafb366ac4251d5c35fe413d3f62f6 -> 
  custom:scripting/monoscript/fileName/GoDummyPath.cs: a21201ab2fac2187e4faeaf08bb4ec90 -> 
  custom:scripting/monoscript/fileName/PositionTweenProperty.cs: e367a96b2cbc0b819bff5d0620f4b258 -> 
  custom:scripting/monoscript/fileName/Vector3TweenProperty.cs: 8e9f9d7bb7b15068d97f4d593f097c86 -> 
  custom:scripting/monoscript/fileName/AbstractGoTween.cs: 3bdc69e313ad58745cd33c4b74e6a709 -> 
  custom:scripting/monoscript/fileName/GoSplineStraightLineSolver.cs: b6a3907f2ead3ba9ac17ad3fdd121ec9 -> 
  custom:scripting/monoscript/fileName/AbstractGoTweenCollection.cs: 61d9f5f358696a7942516ed78ffe7e98 -> 
  custom:scripting/monoscript/fileName/Vector3PathTweenProperty.cs: 94848aa2e96060cfeaf83844ee158f0c -> 
  custom:scripting/monoscript/fileName/Vector3ZTweenProperty.cs: 35595634a87246c4e13691b1563178c5 -> 
  custom:scripting/monoscript/fileName/AbstractTweenProperty.cs: c71b2ece20cb4e1e30772e574c806625 -> 
  custom:container-muxer-webm: aa71ff27fc2769a1b78a27578f13a17b -> 
  custom:scripting/monoscript/fileName/AbstractGoSplineSolver.cs: 788a6b8052af6ee0371d3a464e692d1b -> 
  custom:scripting/monoscript/fileName/GoTween.cs: 4df5a8b9fefcbd8a2b5d6fe6223ee62f -> 
  custom:scripting/monoscript/fileName/RotationTweenProperty.cs: 13e7fbd741208cd89873755249a873a9 -> 
========================================================================
Received Prepare
Begin MonoManager ReloadAssembly
- Loaded All Assemblies, in  0.277 seconds
Refreshing native plugins compatible for Editor in 1.17 ms, found 1 plugins.
Native extension for WindowsStandalone target not found
Native extension for Android target not found
Mono: successfully reloaded assembly
- Finished resetting the current domain, in  0.350 seconds
Domain Reload Profiling: 627ms
	BeginReloadAssembly (107ms)
		ExecutionOrderSort (0ms)
		DisableScriptedObjects (4ms)
		BackupInstance (0ms)
		ReleaseScriptingObjects (0ms)
		CreateAndSetChildDomain (17ms)
	RebuildCommonClasses (27ms)
	RebuildNativeTypeToScriptingClass (8ms)
	initialDomainReloadingComplete (19ms)
	LoadAllAssembliesAndSetupDomain (115ms)
		LoadAssemblies (168ms)
		RebuildTransferFunctionScriptingTraits (0ms)
		AnalyzeDomain (9ms)
			TypeCache.Refresh (4ms)
				TypeCache.ScanAssembly (0ms)
			ScanForSourceGeneratedMonoScriptInfo (0ms)
			ResolveRequiredComponents (4ms)
	FinalizeReload (351ms)
		ReleaseScriptCaches (0ms)
		RebuildScriptCaches (0ms)
		SetupLoadedEditorAssemblies (172ms)
			LogAssemblyErrors (0ms)
			InitializePlatformSupportModulesInManaged (15ms)
			SetLoadedEditorAssemblies (2ms)
			RefreshPlugins (0ms)
			BeforeProcessingInitializeOnLoad (33ms)
			ProcessInitializeOnLoadAttributes (105ms)
			ProcessInitializeOnLoadMethodAttributes (14ms)
			AfterProcessingInitializeOnLoad (2ms)
			EditorAssembliesLoaded (0ms)
		ExecutionOrderSort2 (0ms)
		AwakeInstancesAfterBackupRestoration (5ms)
Refreshing native plugins compatible for Editor in 1.28 ms, found 1 plugins.
Preloading 0 native plugins for Editor in 0.00 ms.
Unloading 2319 Unused Serialized files (Serialized files now loaded: 0)
Unloading 33 unused Assets / (0.7 MB). Loaded Objects now: 2847.
Memory consumption went from 108.6 MB to 108.0 MB.
Total: 1.969300 ms (FindLiveObjects: 0.134100 ms CreateObjectMapping: 0.051700 ms MarkObjects: 1.541600 ms  DeleteObjects: 0.240500 ms)

Prepare: number of updated asset objects reloaded= 0
AssetImportParameters requested are different than current active one (requested -> active):
  custom:scripting/monoscript/fileName/GoSmoothedVector3.cs: 3a6ceb396859da913cbecdd1940e0aa2 -> 
  custom:scripting/monoscript/fileName/EulerAnglesTweenProperty.cs: 7a2321a8c63f28c3857aa33414a11270 -> 
  custom:video-decoder-webm-vp8: 9c59270c3fd7afecdb556c50c9e8de78 -> 
  custom:scripting/monoscript/fileName/IGenericProperty.cs: f404e27010d8ce1a25f7cc2ac06431ac -> 
  custom:scripting/monoscript/fileName/GoEaseSinusoidal.cs: e637d6b7456e2acd06dfd152f10b71d1 -> 
  custom:scripting/monoscript/fileName/GoSplineCatmullRomSolver.cs: 8bbd4e9dc2722b25540d14d500b88879 -> 
  custom:scripting/monoscript/fileName/IntTweenProperty.cs: 1f39418055dd7708ff3b9e75a86d93a1 -> 
  custom:scripting/monoscript/fileName/Vector3YTweenProperty.cs: 2b996e9222bddad772657bb084e9da48 -> 
  custom:scripting/monoscript/fileName/GoEaseQuintic.cs: 672086238d051af0856016e64ad97204 -> 
  custom:scripting/monoscript/fileName/GoEaseCubic.cs: 7d74fd43480e52f793e3086826193b77 -> 
  custom:SearchIndexIgnoredProperties: e643bd26f0fe6173181afceb89e7c659 -> 
  custom:scripting/monoscript/fileName/GoSmoothedQuaternion.cs: 92de95a3ce149743e526859a8d0255c5 -> 
  custom:container-demuxer-ogg: 62fdf1f143b41e24485cea50d1cbac27 -> 
  custom:AudioImporter_EditorPlatform: d09bf68614088b80899f8185d706f6e7 -> 
  custom:scripting/monoscript/fileName/ShakeTweenProperty.cs: fdb713005206085d3b49cdd6b2d15f80 -> 
  custom:scripting/monoscript/fileName/Vector2TweenProperty.cs: d7a25a544d56d947d9526019347f1f6e -> 
  custom:scripting/monoscript/fileName/GoKitTweenExtensions.cs: 28ee7421c4d34eb9c057646838e28859 -> 
  custom:scripting/monoscript/fileName/Vector3XTweenProperty.cs: 9592582ea2f541a8cf92ba7dd7dd85f2 -> 
  custom:scripting/monoscript/fileName/Go.cs: 840adb47e0f4be71eeea7168442feb7d -> 
  custom:scripting/monoscript/fileName/ColorTweenProperty.cs: 94ba4bee52d153d3fd58a82d4cf8ce0c -> 
  custom:scripting/monoscript/fileName/GoEaseLinear.cs: b690756fd76817f101a31dcd50ae4adc -> 
  custom:scripting/monoscript/fileName/GoEaseExponential.cs: 8f890ce1f0130e8014d1a219fa0d7904 -> 
  custom:scripting/monoscript/fileName/ScaleTweenProperty.cs: 068e501b322923caa36166fe86d472e5 -> 
  custom:video-decoder-ogg-theora: a1e56fd34408186e4bbccfd4996cb3dc -> 
  custom:scripting/monoscript/fileName/GoSpline.cs: 8039f73cfdc174dc6ffa15343c307f29 -> 
  custom:scripting/monoscript/fileName/GoTweenFlow.cs: ce7a11a1fb9e8397b83cab3847ba7970 -> 
  custom:scripting/monoscript/fileName/GoEaseQuartic.cs: d34853ce84f33fe9033901002d4ff793 -> 
  custom:framework-win-MediaFoundation: 216162199b28c13a410421893ffa2e32 -> 
  custom:scripting/monoscript/fileName/GoEaseBounce.cs: e71b365170d63025c159c4756b1910b2 -> 
  custom:scripting/monoscript/fileName/GoSplineQuadraticBezierSolver.cs: 44dee8c5fd496e5eb749f54d83d1397e -> 
  custom:scripting/monoscript/fileName/GoEaseQuadratic.cs: e3ed230c2d29b99c6f642587e4ad0e5d -> 
  custom:scripting/monoscript/fileName/MaterialColorTweenProperty.cs: f6d4ed9537ac95d7564838fa4e660e7d -> 
  custom:scripting/monoscript/fileName/GoEaseCircular.cs: 84a2009340e8431314db7056edf1bd68 -> 
  custom:scripting/monoscript/fileName/PositionPathTweenProperty.cs: efde40660de14fd7cd1ede2fa47e9837 -> 
  custom:video-encoder-webm-vp8: eb34c28f22e8b96e1ab97ce403110664 -> 
  custom:scripting/monoscript/fileName/FloatTweenProperty.cs: 48aea3a8bbe79ca6e0baa81dc186bdfd -> 
  custom:scripting/monoscript/fileName/GoTweenChain.cs: f9995827e6ddafabc43c1b0e0dcfd886 -> 
  custom:scripting/monoscript/fileName/GoTweenCollectionConfig.cs: 37c99bdc8dc674650bd69bc44bb2e57b -> 
  custom:audio-decoder-ogg-vorbis: bf7c407c2cedff20999df2af8eb42d56 -> 
  custom:scripting/monoscript/fileName/AbstractQuaternionTweenProperty.cs: 65ceda31db804ab1e0e34f0e48afa285 -> 
  custom:scripting/monoscript/fileName/AbstractColorTweenProperty.cs: bba0da230ed56fc0a25af92f6a3e377e -> 
  custom:scripting/monoscript/fileName/AbstractVector3TweenProperty.cs: 6aa4defef7531529f4ddc1516936e2e3 -> 
  custom:CustomObjectIndexerAttribute: 9a22284fe3817be447336de3de66b15e -> 
  custom:scripting/monoscript/fileName/Vector4TweenProperty.cs: 18bb73739ede80588b5bfadcee873907 -> 
  custom:scripting/monoscript/fileName/GoEaseBack.cs: 3f6e00793ada35f633abc2146480990e -> 
  custom:container-demuxer-webm: 4f35f7cbe854078d1ac9338744f61a02 -> 
  custom:scripting/monoscript/fileName/GoTweenConfig.cs: 5b3154c82824c20addf84e8652f51cfe -> 
  custom:scripting/monoscript/fileName/RotationQuaternionTweenProperty.cs: e0d94af0c913b0be4cd670833a2cda91 -> 
  custom:scripting/monoscript/fileName/GoTweenUtils.cs: 867d37edf69335bc6e54784197f28064 -> 
  custom:scripting/monoscript/fileName/GoSplineCubicBezierSolver.cs: 6d81419c64f7c334f4359254f1cbade0 -> 
  custom:audio-encoder-webm-vorbis: bf7c407c2cedff20999df2af8eb42d56 -> 
  custom:scripting/monoscript/fileName/ScalePathTweenProperty.cs: 816c1a788eca415c60d1b7e87fb103fe -> 
  custom:scripting/monoscript/fileName/GoEaseElastic.cs: f0cafb366ac4251d5c35fe413d3f62f6 -> 
  custom:scripting/monoscript/fileName/GoDummyPath.cs: a21201ab2fac2187e4faeaf08bb4ec90 -> 
  custom:scripting/monoscript/fileName/PositionTweenProperty.cs: e367a96b2cbc0b819bff5d0620f4b258 -> 
  custom:scripting/monoscript/fileName/Vector3TweenProperty.cs: 8e9f9d7bb7b15068d97f4d593f097c86 -> 
  custom:scripting/monoscript/fileName/AbstractGoTween.cs: 3bdc69e313ad58745cd33c4b74e6a709 -> 
  custom:scripting/monoscript/fileName/GoSplineStraightLineSolver.cs: b6a3907f2ead3ba9ac17ad3fdd121ec9 -> 
  custom:scripting/monoscript/fileName/AbstractGoTweenCollection.cs: 61d9f5f358696a7942516ed78ffe7e98 -> 
  custom:scripting/monoscript/fileName/Vector3PathTweenProperty.cs: 94848aa2e96060cfeaf83844ee158f0c -> 
  custom:scripting/monoscript/fileName/Vector3ZTweenProperty.cs: 35595634a87246c4e13691b1563178c5 -> 
  custom:scripting/monoscript/fileName/AbstractTweenProperty.cs: c71b2ece20cb4e1e30772e574c806625 -> 
  custom:container-muxer-webm: aa71ff27fc2769a1b78a27578f13a17b -> 
  custom:scripting/monoscript/fileName/AbstractGoSplineSolver.cs: 788a6b8052af6ee0371d3a464e692d1b -> 
  custom:scripting/monoscript/fileName/GoTween.cs: 4df5a8b9fefcbd8a2b5d6fe6223ee62f -> 
  custom:scripting/monoscript/fileName/RotationTweenProperty.cs: 13e7fbd741208cd89873755249a873a9 -> 
========================================================================
Received Prepare
Begin MonoManager ReloadAssembly
- Loaded All Assemblies, in  0.273 seconds
Refreshing native plugins compatible for Editor in 0.96 ms, found 1 plugins.
Native extension for WindowsStandalone target not found
Native extension for Android target not found
Mono: successfully reloaded assembly
- Finished resetting the current domain, in  0.360 seconds
Domain Reload Profiling: 633ms
	BeginReloadAssembly (109ms)
		ExecutionOrderSort (0ms)
		DisableScriptedObjects (4ms)
		BackupInstance (0ms)
		ReleaseScriptingObjects (0ms)
		CreateAndSetChildDomain (16ms)
	RebuildCommonClasses (23ms)
	RebuildNativeTypeToScriptingClass (8ms)
	initialDomainReloadingComplete (18ms)
	LoadAllAssembliesAndSetupDomain (115ms)
		LoadAssemblies (170ms)
		RebuildTransferFunctionScriptingTraits (0ms)
		AnalyzeDomain (9ms)
			TypeCache.Refresh (4ms)
				TypeCache.ScanAssembly (0ms)
			ScanForSourceGeneratedMonoScriptInfo (0ms)
			ResolveRequiredComponents (4ms)
	FinalizeReload (361ms)
		ReleaseScriptCaches (0ms)
		RebuildScriptCaches (0ms)
		SetupLoadedEditorAssemblies (185ms)
			LogAssemblyErrors (0ms)
			InitializePlatformSupportModulesInManaged (17ms)
			SetLoadedEditorAssemblies (2ms)
			RefreshPlugins (0ms)
			BeforeProcessingInitializeOnLoad (35ms)
			ProcessInitializeOnLoadAttributes (112ms)
			ProcessInitializeOnLoadMethodAttributes (18ms)
			AfterProcessingInitializeOnLoad (2ms)
			EditorAssembliesLoaded (0ms)
		ExecutionOrderSort2 (0ms)
		AwakeInstancesAfterBackupRestoration (5ms)
Refreshing native plugins compatible for Editor in 1.24 ms, found 1 plugins.
Preloading 0 native plugins for Editor in 0.00 ms.
Unloading 2319 Unused Serialized files (Serialized files now loaded: 0)
Unloading 33 unused Assets / (0.7 MB). Loaded Objects now: 2850.
Memory consumption went from 108.6 MB to 108.0 MB.
Total: 2.150200 ms (FindLiveObjects: 0.145900 ms CreateObjectMapping: 0.076900 ms MarkObjects: 1.644000 ms  DeleteObjects: 0.281800 ms)

Prepare: number of updated asset objects reloaded= 0
AssetImportParameters requested are different than current active one (requested -> active):
  custom:scripting/monoscript/fileName/GoSmoothedVector3.cs: 3a6ceb396859da913cbecdd1940e0aa2 -> 
  custom:scripting/monoscript/fileName/EulerAnglesTweenProperty.cs: 7a2321a8c63f28c3857aa33414a11270 -> 
  custom:video-decoder-webm-vp8: 9c59270c3fd7afecdb556c50c9e8de78 -> 
  custom:scripting/monoscript/fileName/IGenericProperty.cs: f404e27010d8ce1a25f7cc2ac06431ac -> 
  custom:scripting/monoscript/fileName/GoEaseSinusoidal.cs: e637d6b7456e2acd06dfd152f10b71d1 -> 
  custom:scripting/monoscript/fileName/GoSplineCatmullRomSolver.cs: 8bbd4e9dc2722b25540d14d500b88879 -> 
  custom:scripting/monoscript/fileName/IntTweenProperty.cs: 1f39418055dd7708ff3b9e75a86d93a1 -> 
  custom:scripting/monoscript/fileName/Vector3YTweenProperty.cs: 2b996e9222bddad772657bb084e9da48 -> 
  custom:scripting/monoscript/fileName/GoEaseQuintic.cs: 672086238d051af0856016e64ad97204 -> 
  custom:scripting/monoscript/fileName/GoEaseCubic.cs: 7d74fd43480e52f793e3086826193b77 -> 
  custom:SearchIndexIgnoredProperties: e643bd26f0fe6173181afceb89e7c659 -> 
  custom:scripting/monoscript/fileName/GoSmoothedQuaternion.cs: 92de95a3ce149743e526859a8d0255c5 -> 
  custom:container-demuxer-ogg: 62fdf1f143b41e24485cea50d1cbac27 -> 
  custom:AudioImporter_EditorPlatform: d09bf68614088b80899f8185d706f6e7 -> 
  custom:scripting/monoscript/fileName/ShakeTweenProperty.cs: fdb713005206085d3b49cdd6b2d15f80 -> 
  custom:scripting/monoscript/fileName/Vector2TweenProperty.cs: d7a25a544d56d947d9526019347f1f6e -> 
  custom:scripting/monoscript/fileName/GoKitTweenExtensions.cs: 28ee7421c4d34eb9c057646838e28859 -> 
  custom:scripting/monoscript/fileName/Vector3XTweenProperty.cs: 9592582ea2f541a8cf92ba7dd7dd85f2 -> 
  custom:scripting/monoscript/fileName/Go.cs: 840adb47e0f4be71eeea7168442feb7d -> 
  custom:scripting/monoscript/fileName/ColorTweenProperty.cs: 94ba4bee52d153d3fd58a82d4cf8ce0c -> 
  custom:scripting/monoscript/fileName/GoEaseLinear.cs: b690756fd76817f101a31dcd50ae4adc -> 
  custom:scripting/monoscript/fileName/GoEaseExponential.cs: 8f890ce1f0130e8014d1a219fa0d7904 -> 
  custom:scripting/monoscript/fileName/ScaleTweenProperty.cs: 068e501b322923caa36166fe86d472e5 -> 
  custom:video-decoder-ogg-theora: a1e56fd34408186e4bbccfd4996cb3dc -> 
  custom:scripting/monoscript/fileName/GoSpline.cs: 8039f73cfdc174dc6ffa15343c307f29 -> 
  custom:scripting/monoscript/fileName/GoTweenFlow.cs: ce7a11a1fb9e8397b83cab3847ba7970 -> 
  custom:scripting/monoscript/fileName/GoEaseQuartic.cs: d34853ce84f33fe9033901002d4ff793 -> 
  custom:framework-win-MediaFoundation: 216162199b28c13a410421893ffa2e32 -> 
  custom:scripting/monoscript/fileName/GoEaseBounce.cs: e71b365170d63025c159c4756b1910b2 -> 
  custom:scripting/monoscript/fileName/GoSplineQuadraticBezierSolver.cs: 44dee8c5fd496e5eb749f54d83d1397e -> 
  custom:scripting/monoscript/fileName/GoEaseQuadratic.cs: e3ed230c2d29b99c6f642587e4ad0e5d -> 
  custom:scripting/monoscript/fileName/MaterialColorTweenProperty.cs: f6d4ed9537ac95d7564838fa4e660e7d -> 
  custom:scripting/monoscript/fileName/GoEaseCircular.cs: 84a2009340e8431314db7056edf1bd68 -> 
  custom:scripting/monoscript/fileName/PositionPathTweenProperty.cs: efde40660de14fd7cd1ede2fa47e9837 -> 
  custom:video-encoder-webm-vp8: eb34c28f22e8b96e1ab97ce403110664 -> 
  custom:scripting/monoscript/fileName/FloatTweenProperty.cs: 48aea3a8bbe79ca6e0baa81dc186bdfd -> 
  custom:scripting/monoscript/fileName/GoTweenChain.cs: f9995827e6ddafabc43c1b0e0dcfd886 -> 
  custom:scripting/monoscript/fileName/GoTweenCollectionConfig.cs: 37c99bdc8dc674650bd69bc44bb2e57b -> 
  custom:audio-decoder-ogg-vorbis: bf7c407c2cedff20999df2af8eb42d56 -> 
  custom:scripting/monoscript/fileName/AbstractQuaternionTweenProperty.cs: 65ceda31db804ab1e0e34f0e48afa285 -> 
  custom:scripting/monoscript/fileName/AbstractColorTweenProperty.cs: bba0da230ed56fc0a25af92f6a3e377e -> 
  custom:scripting/monoscript/fileName/AbstractVector3TweenProperty.cs: 6aa4defef7531529f4ddc1516936e2e3 -> 
  custom:CustomObjectIndexerAttribute: 9a22284fe3817be447336de3de66b15e -> 
  custom:scripting/monoscript/fileName/Vector4TweenProperty.cs: 18bb73739ede80588b5bfadcee873907 -> 
  custom:scripting/monoscript/fileName/GoEaseBack.cs: 3f6e00793ada35f633abc2146480990e -> 
  custom:container-demuxer-webm: 4f35f7cbe854078d1ac9338744f61a02 -> 
  custom:scripting/monoscript/fileName/GoTweenConfig.cs: 5b3154c82824c20addf84e8652f51cfe -> 
  custom:scripting/monoscript/fileName/RotationQuaternionTweenProperty.cs: e0d94af0c913b0be4cd670833a2cda91 -> 
  custom:scripting/monoscript/fileName/GoTweenUtils.cs: 867d37edf69335bc6e54784197f28064 -> 
  custom:scripting/monoscript/fileName/GoSplineCubicBezierSolver.cs: 6d81419c64f7c334f4359254f1cbade0 -> 
  custom:audio-encoder-webm-vorbis: bf7c407c2cedff20999df2af8eb42d56 -> 
  custom:scripting/monoscript/fileName/ScalePathTweenProperty.cs: 816c1a788eca415c60d1b7e87fb103fe -> 
  custom:scripting/monoscript/fileName/GoEaseElastic.cs: f0cafb366ac4251d5c35fe413d3f62f6 -> 
  custom:scripting/monoscript/fileName/GoDummyPath.cs: a21201ab2fac2187e4faeaf08bb4ec90 -> 
  custom:scripting/monoscript/fileName/PositionTweenProperty.cs: e367a96b2cbc0b819bff5d0620f4b258 -> 
  custom:scripting/monoscript/fileName/Vector3TweenProperty.cs: 8e9f9d7bb7b15068d97f4d593f097c86 -> 
  custom:scripting/monoscript/fileName/AbstractGoTween.cs: 3bdc69e313ad58745cd33c4b74e6a709 -> 
  custom:scripting/monoscript/fileName/GoSplineStraightLineSolver.cs: b6a3907f2ead3ba9ac17ad3fdd121ec9 -> 
  custom:scripting/monoscript/fileName/AbstractGoTweenCollection.cs: 61d9f5f358696a7942516ed78ffe7e98 -> 
  custom:scripting/monoscript/fileName/Vector3PathTweenProperty.cs: 94848aa2e96060cfeaf83844ee158f0c -> 
  custom:scripting/monoscript/fileName/Vector3ZTweenProperty.cs: 35595634a87246c4e13691b1563178c5 -> 
  custom:scripting/monoscript/fileName/AbstractTweenProperty.cs: c71b2ece20cb4e1e30772e574c806625 -> 
  custom:container-muxer-webm: aa71ff27fc2769a1b78a27578f13a17b -> 
  custom:scripting/monoscript/fileName/AbstractGoSplineSolver.cs: 788a6b8052af6ee0371d3a464e692d1b -> 
  custom:scripting/monoscript/fileName/GoTween.cs: 4df5a8b9fefcbd8a2b5d6fe6223ee62f -> 
  custom:scripting/monoscript/fileName/RotationTweenProperty.cs: 13e7fbd741208cd89873755249a873a9 -> 
========================================================================
Received Import Request.
  Time since last request: 504.807828 seconds.
  path: Assets/Prefabs/Armor.prefab
  artifactKey: Guid(f035ced4b9e14ae45b87e74f22d1fc37) Importer(815301076,1909f56bfc062723c751e8b465ee728b)
Start importing Assets/Prefabs/Armor.prefab using Guid(f035ced4b9e14ae45b87e74f22d1fc37) Importer(815301076,1909f56bfc062723c751e8b465ee728b)  -> (artifact id: '30f80a7a126e6ad48abfed83f89d4967') in 0.088331 seconds
Number of updated asset objects reloaded before import = 0
Number of asset objects unloaded after import = 22
========================================================================
Received Import Request.
  Time since last request: 0.000021 seconds.
  path: Assets/Prefabs/Heart.prefab
  artifactKey: Guid(04eadc8c790030b44be3e2656c4435ea) Importer(815301076,1909f56bfc062723c751e8b465ee728b)
Start importing Assets/Prefabs/Heart.prefab using Guid(04eadc8c790030b44be3e2656c4435ea) Importer(815301076,1909f56bfc062723c751e8b465ee728b)  -> (artifact id: 'f1123f54e38caf7ed3ef21a4529ef0a8') in 0.019302 seconds
Number of updated asset objects reloaded before import = 0
Number of asset objects unloaded after import = 22
========================================================================
Received Import Request.
  Time since last request: 0.000020 seconds.
  path: Assets/Prefabs/Attack.prefab
  artifactKey: Guid(b70e5b7f61cc529439c8efdc6d72dab9) Importer(815301076,1909f56bfc062723c751e8b465ee728b)
Start importing Assets/Prefabs/Attack.prefab using Guid(b70e5b7f61cc529439c8efdc6d72dab9) Importer(815301076,1909f56bfc062723c751e8b465ee728b)  -> (artifact id: '4c21be4734b3241e3de6e61028ab2155') in 0.018470 seconds
Number of updated asset objects reloaded before import = 0
Number of asset objects unloaded after import = 22
========================================================================
Received Prepare
Begin MonoManager ReloadAssembly
- Loaded All Assemblies, in  0.280 seconds
Refreshing native plugins compatible for Editor in 1.36 ms, found 1 plugins.
Native extension for WindowsStandalone target not found
Native extension for Android target not found
Mono: successfully reloaded assembly
- Finished resetting the current domain, in  0.395 seconds
Domain Reload Profiling: 675ms
	BeginReloadAssembly (106ms)
		ExecutionOrderSort (0ms)
		DisableScriptedObjects (4ms)
		BackupInstance (0ms)
		ReleaseScriptingObjects (0ms)
		CreateAndSetChildDomain (20ms)
	RebuildCommonClasses (25ms)
	RebuildNativeTypeToScriptingClass (8ms)
	initialDomainReloadingComplete (17ms)
	LoadAllAssembliesAndSetupDomain (122ms)
		LoadAssemblies (172ms)
		RebuildTransferFunctionScriptingTraits (0ms)
		AnalyzeDomain (9ms)
			TypeCache.Refresh (4ms)
				TypeCache.ScanAssembly (0ms)
			ScanForSourceGeneratedMonoScriptInfo (0ms)
			ResolveRequiredComponents (4ms)
	FinalizeReload (395ms)
		ReleaseScriptCaches (0ms)
		RebuildScriptCaches (0ms)
		SetupLoadedEditorAssemblies (199ms)
			LogAssemblyErrors (0ms)
			InitializePlatformSupportModulesInManaged (19ms)
			SetLoadedEditorAssemblies (2ms)
			RefreshPlugins (0ms)
			BeforeProcessingInitializeOnLoad (34ms)
			ProcessInitializeOnLoadAttributes (127ms)
			ProcessInitializeOnLoadMethodAttributes (15ms)
			AfterProcessingInitializeOnLoad (2ms)
			EditorAssembliesLoaded (0ms)
		ExecutionOrderSort2 (0ms)
		AwakeInstancesAfterBackupRestoration (5ms)
Refreshing native plugins compatible for Editor in 0.95 ms, found 1 plugins.
Preloading 0 native plugins for Editor in 0.00 ms.
Unloading 2318 Unused Serialized files (Serialized files now loaded: 0)
Unloading 33 unused Assets / (0.7 MB). Loaded Objects now: 2853.
Memory consumption went from 108.4 MB to 107.7 MB.
Total: 2.079200 ms (FindLiveObjects: 0.138300 ms CreateObjectMapping: 0.045700 ms MarkObjects: 1.641600 ms  DeleteObjects: 0.252800 ms)

Prepare: number of updated asset objects reloaded= 0
AssetImportParameters requested are different than current active one (requested -> active):
  custom:scripting/monoscript/fileName/GoSmoothedVector3.cs: 3a6ceb396859da913cbecdd1940e0aa2 -> 
  custom:scripting/monoscript/fileName/EulerAnglesTweenProperty.cs: 7a2321a8c63f28c3857aa33414a11270 -> 
  custom:video-decoder-webm-vp8: 9c59270c3fd7afecdb556c50c9e8de78 -> 
  custom:scripting/monoscript/fileName/IGenericProperty.cs: f404e27010d8ce1a25f7cc2ac06431ac -> 
  custom:scripting/monoscript/fileName/GoEaseSinusoidal.cs: e637d6b7456e2acd06dfd152f10b71d1 -> 
  custom:scripting/monoscript/fileName/GoSplineCatmullRomSolver.cs: 8bbd4e9dc2722b25540d14d500b88879 -> 
  custom:scripting/monoscript/fileName/IntTweenProperty.cs: 1f39418055dd7708ff3b9e75a86d93a1 -> 
  custom:scripting/monoscript/fileName/Vector3YTweenProperty.cs: 2b996e9222bddad772657bb084e9da48 -> 
  custom:scripting/monoscript/fileName/GoEaseQuintic.cs: 672086238d051af0856016e64ad97204 -> 
  custom:scripting/monoscript/fileName/GoEaseCubic.cs: 7d74fd43480e52f793e3086826193b77 -> 
  custom:SearchIndexIgnoredProperties: e643bd26f0fe6173181afceb89e7c659 -> 
  custom:scripting/monoscript/fileName/GoSmoothedQuaternion.cs: 92de95a3ce149743e526859a8d0255c5 -> 
  custom:container-demuxer-ogg: 62fdf1f143b41e24485cea50d1cbac27 -> 
  custom:AudioImporter_EditorPlatform: d09bf68614088b80899f8185d706f6e7 -> 
  custom:scripting/monoscript/fileName/ShakeTweenProperty.cs: fdb713005206085d3b49cdd6b2d15f80 -> 
  custom:scripting/monoscript/fileName/Vector2TweenProperty.cs: d7a25a544d56d947d9526019347f1f6e -> 
  custom:scripting/monoscript/fileName/GoKitTweenExtensions.cs: 28ee7421c4d34eb9c057646838e28859 -> 
  custom:scripting/monoscript/fileName/Vector3XTweenProperty.cs: 9592582ea2f541a8cf92ba7dd7dd85f2 -> 
  custom:scripting/monoscript/fileName/Go.cs: 840adb47e0f4be71eeea7168442feb7d -> 
  custom:scripting/monoscript/fileName/ColorTweenProperty.cs: 94ba4bee52d153d3fd58a82d4cf8ce0c -> 
  custom:scripting/monoscript/fileName/GoEaseLinear.cs: b690756fd76817f101a31dcd50ae4adc -> 
  custom:scripting/monoscript/fileName/GoEaseExponential.cs: 8f890ce1f0130e8014d1a219fa0d7904 -> 
  custom:scripting/monoscript/fileName/ScaleTweenProperty.cs: 068e501b322923caa36166fe86d472e5 -> 
  custom:video-decoder-ogg-theora: a1e56fd34408186e4bbccfd4996cb3dc -> 
  custom:scripting/monoscript/fileName/GoSpline.cs: 8039f73cfdc174dc6ffa15343c307f29 -> 
  custom:scripting/monoscript/fileName/GoTweenFlow.cs: ce7a11a1fb9e8397b83cab3847ba7970 -> 
  custom:scripting/monoscript/fileName/GoEaseQuartic.cs: d34853ce84f33fe9033901002d4ff793 -> 
  custom:framework-win-MediaFoundation: 216162199b28c13a410421893ffa2e32 -> 
  custom:scripting/monoscript/fileName/GoEaseBounce.cs: e71b365170d63025c159c4756b1910b2 -> 
  custom:scripting/monoscript/fileName/GoSplineQuadraticBezierSolver.cs: 44dee8c5fd496e5eb749f54d83d1397e -> 
  custom:scripting/monoscript/fileName/GoEaseQuadratic.cs: e3ed230c2d29b99c6f642587e4ad0e5d -> 
  custom:scripting/monoscript/fileName/MaterialColorTweenProperty.cs: f6d4ed9537ac95d7564838fa4e660e7d -> 
  custom:scripting/monoscript/fileName/GoEaseCircular.cs: 84a2009340e8431314db7056edf1bd68 -> 
  custom:scripting/monoscript/fileName/PositionPathTweenProperty.cs: efde40660de14fd7cd1ede2fa47e9837 -> 
  custom:video-encoder-webm-vp8: eb34c28f22e8b96e1ab97ce403110664 -> 
  custom:scripting/monoscript/fileName/FloatTweenProperty.cs: 48aea3a8bbe79ca6e0baa81dc186bdfd -> 
  custom:scripting/monoscript/fileName/GoTweenChain.cs: f9995827e6ddafabc43c1b0e0dcfd886 -> 
  custom:scripting/monoscript/fileName/GoTweenCollectionConfig.cs: 37c99bdc8dc674650bd69bc44bb2e57b -> 
  custom:audio-decoder-ogg-vorbis: bf7c407c2cedff20999df2af8eb42d56 -> 
  custom:scripting/monoscript/fileName/AbstractQuaternionTweenProperty.cs: 65ceda31db804ab1e0e34f0e48afa285 -> 
  custom:scripting/monoscript/fileName/AbstractColorTweenProperty.cs: bba0da230ed56fc0a25af92f6a3e377e -> 
  custom:scripting/monoscript/fileName/AbstractVector3TweenProperty.cs: 6aa4defef7531529f4ddc1516936e2e3 -> 
  custom:CustomObjectIndexerAttribute: 9a22284fe3817be447336de3de66b15e -> 
  custom:scripting/monoscript/fileName/Vector4TweenProperty.cs: 18bb73739ede80588b5bfadcee873907 -> 
  custom:scripting/monoscript/fileName/GoEaseBack.cs: 3f6e00793ada35f633abc2146480990e -> 
  custom:container-demuxer-webm: 4f35f7cbe854078d1ac9338744f61a02 -> 
  custom:scripting/monoscript/fileName/GoTweenConfig.cs: 5b3154c82824c20addf84e8652f51cfe -> 
  custom:scripting/monoscript/fileName/RotationQuaternionTweenProperty.cs: e0d94af0c913b0be4cd670833a2cda91 -> 
  custom:scripting/monoscript/fileName/GoTweenUtils.cs: 867d37edf69335bc6e54784197f28064 -> 
  custom:scripting/monoscript/fileName/GoSplineCubicBezierSolver.cs: 6d81419c64f7c334f4359254f1cbade0 -> 
  custom:audio-encoder-webm-vorbis: bf7c407c2cedff20999df2af8eb42d56 -> 
  custom:scripting/monoscript/fileName/ScalePathTweenProperty.cs: 816c1a788eca415c60d1b7e87fb103fe -> 
  custom:scripting/monoscript/fileName/GoEaseElastic.cs: f0cafb366ac4251d5c35fe413d3f62f6 -> 
  custom:scripting/monoscript/fileName/GoDummyPath.cs: a21201ab2fac2187e4faeaf08bb4ec90 -> 
  custom:scripting/monoscript/fileName/PositionTweenProperty.cs: e367a96b2cbc0b819bff5d0620f4b258 -> 
  custom:scripting/monoscript/fileName/Vector3TweenProperty.cs: 8e9f9d7bb7b15068d97f4d593f097c86 -> 
  custom:scripting/monoscript/fileName/AbstractGoTween.cs: 3bdc69e313ad58745cd33c4b74e6a709 -> 
  custom:scripting/monoscript/fileName/GoSplineStraightLineSolver.cs: b6a3907f2ead3ba9ac17ad3fdd121ec9 -> 
  custom:scripting/monoscript/fileName/AbstractGoTweenCollection.cs: 61d9f5f358696a7942516ed78ffe7e98 -> 
  custom:scripting/monoscript/fileName/Vector3PathTweenProperty.cs: 94848aa2e96060cfeaf83844ee158f0c -> 
  custom:scripting/monoscript/fileName/Vector3ZTweenProperty.cs: 35595634a87246c4e13691b1563178c5 -> 
  custom:scripting/monoscript/fileName/AbstractTweenProperty.cs: c71b2ece20cb4e1e30772e574c806625 -> 
  custom:container-muxer-webm: aa71ff27fc2769a1b78a27578f13a17b -> 
  custom:scripting/monoscript/fileName/AbstractGoSplineSolver.cs: 788a6b8052af6ee0371d3a464e692d1b -> 
  custom:scripting/monoscript/fileName/GoTween.cs: 4df5a8b9fefcbd8a2b5d6fe6223ee62f -> 
  custom:scripting/monoscript/fileName/RotationTweenProperty.cs: 13e7fbd741208cd89873755249a873a9 -> 
========================================================================
Received Prepare
Begin MonoManager ReloadAssembly
- Loaded All Assemblies, in  0.411 seconds
Refreshing native plugins compatible for Editor in 1.73 ms, found 1 plugins.
Native extension for WindowsStandalone target not found
Native extension for Android target not found
Mono: successfully reloaded assembly
- Finished resetting the current domain, in  0.412 seconds
Domain Reload Profiling: 822ms
	BeginReloadAssembly (116ms)
		ExecutionOrderSort (0ms)
		DisableScriptedObjects (4ms)
		BackupInstance (0ms)
		ReleaseScriptingObjects (0ms)
		CreateAndSetChildDomain (21ms)
	RebuildCommonClasses (33ms)
	RebuildNativeTypeToScriptingClass (8ms)
	initialDomainReloadingComplete (22ms)
	LoadAllAssembliesAndSetupDomain (231ms)
		LoadAssemblies (277ms)
		RebuildTransferFunctionScriptingTraits (0ms)
		AnalyzeDomain (21ms)
			TypeCache.Refresh (9ms)
				TypeCache.ScanAssembly (1ms)
			ScanForSourceGeneratedMonoScriptInfo (4ms)
			ResolveRequiredComponents (7ms)
	FinalizeReload (412ms)
		ReleaseScriptCaches (0ms)
		RebuildScriptCaches (0ms)
		SetupLoadedEditorAssemblies (190ms)
			LogAssemblyErrors (0ms)
			InitializePlatformSupportModulesInManaged (18ms)
			SetLoadedEditorAssemblies (3ms)
			RefreshPlugins (0ms)
			BeforeProcessingInitializeOnLoad (35ms)
			ProcessInitializeOnLoadAttributes (113ms)
			ProcessInitializeOnLoadMethodAttributes (19ms)
			AfterProcessingInitializeOnLoad (2ms)
			EditorAssembliesLoaded (0ms)
		ExecutionOrderSort2 (0ms)
		AwakeInstancesAfterBackupRestoration (5ms)
Refreshing native plugins compatible for Editor in 1.53 ms, found 1 plugins.
Preloading 0 native plugins for Editor in 0.00 ms.
Unloading 2332 Unused Serialized files (Serialized files now loaded: 0)
Unloading 33 unused Assets / (0.7 MB). Loaded Objects now: 2869.
Memory consumption went from 108.9 MB to 108.2 MB.
Total: 2.046700 ms (FindLiveObjects: 0.149500 ms CreateObjectMapping: 0.058900 ms MarkObjects: 1.579000 ms  DeleteObjects: 0.258400 ms)

Prepare: number of updated asset objects reloaded= 0
AssetImportParameters requested are different than current active one (requested -> active):
  custom:scripting/monoscript/fileName/GoSmoothedVector3.cs: 3a6ceb396859da913cbecdd1940e0aa2 -> 
  custom:scripting/monoscript/fileName/EulerAnglesTweenProperty.cs: 7a2321a8c63f28c3857aa33414a11270 -> 
  custom:video-decoder-webm-vp8: 9c59270c3fd7afecdb556c50c9e8de78 -> 
  custom:scripting/monoscript/fileName/IGenericProperty.cs: f404e27010d8ce1a25f7cc2ac06431ac -> 
  custom:scripting/monoscript/fileName/GoEaseSinusoidal.cs: e637d6b7456e2acd06dfd152f10b71d1 -> 
  custom:scripting/monoscript/fileName/GoSplineCatmullRomSolver.cs: 8bbd4e9dc2722b25540d14d500b88879 -> 
  custom:scripting/monoscript/fileName/IntTweenProperty.cs: 1f39418055dd7708ff3b9e75a86d93a1 -> 
  custom:scripting/monoscript/fileName/Vector3YTweenProperty.cs: 2b996e9222bddad772657bb084e9da48 -> 
  custom:scripting/monoscript/fileName/GoEaseQuintic.cs: 672086238d051af0856016e64ad97204 -> 
  custom:scripting/monoscript/fileName/GoEaseCubic.cs: 7d74fd43480e52f793e3086826193b77 -> 
  custom:SearchIndexIgnoredProperties: e643bd26f0fe6173181afceb89e7c659 -> 
  custom:scripting/monoscript/fileName/GoSmoothedQuaternion.cs: 92de95a3ce149743e526859a8d0255c5 -> 
  custom:container-demuxer-ogg: 62fdf1f143b41e24485cea50d1cbac27 -> 
  custom:AudioImporter_EditorPlatform: d09bf68614088b80899f8185d706f6e7 -> 
  custom:scripting/monoscript/fileName/ShakeTweenProperty.cs: fdb713005206085d3b49cdd6b2d15f80 -> 
  custom:scripting/monoscript/fileName/Vector2TweenProperty.cs: d7a25a544d56d947d9526019347f1f6e -> 
  custom:scripting/monoscript/fileName/GoKitTweenExtensions.cs: 28ee7421c4d34eb9c057646838e28859 -> 
  custom:scripting/monoscript/fileName/Vector3XTweenProperty.cs: 9592582ea2f541a8cf92ba7dd7dd85f2 -> 
  custom:scripting/monoscript/fileName/Go.cs: 840adb47e0f4be71eeea7168442feb7d -> 
  custom:scripting/monoscript/fileName/ColorTweenProperty.cs: 94ba4bee52d153d3fd58a82d4cf8ce0c -> 
  custom:scripting/monoscript/fileName/GoEaseLinear.cs: b690756fd76817f101a31dcd50ae4adc -> 
  custom:scripting/monoscript/fileName/GoEaseExponential.cs: 8f890ce1f0130e8014d1a219fa0d7904 -> 
  custom:scripting/monoscript/fileName/ScaleTweenProperty.cs: 068e501b322923caa36166fe86d472e5 -> 
  custom:video-decoder-ogg-theora: a1e56fd34408186e4bbccfd4996cb3dc -> 
  custom:scripting/monoscript/fileName/GoSpline.cs: 8039f73cfdc174dc6ffa15343c307f29 -> 
  custom:scripting/monoscript/fileName/GoTweenFlow.cs: ce7a11a1fb9e8397b83cab3847ba7970 -> 
  custom:scripting/monoscript/fileName/GoEaseQuartic.cs: d34853ce84f33fe9033901002d4ff793 -> 
  custom:framework-win-MediaFoundation: 216162199b28c13a410421893ffa2e32 -> 
  custom:scripting/monoscript/fileName/GoEaseBounce.cs: e71b365170d63025c159c4756b1910b2 -> 
  custom:scripting/monoscript/fileName/GoSplineQuadraticBezierSolver.cs: 44dee8c5fd496e5eb749f54d83d1397e -> 
  custom:scripting/monoscript/fileName/GoEaseQuadratic.cs: e3ed230c2d29b99c6f642587e4ad0e5d -> 
  custom:scripting/monoscript/fileName/MaterialColorTweenProperty.cs: f6d4ed9537ac95d7564838fa4e660e7d -> 
  custom:scripting/monoscript/fileName/GoEaseCircular.cs: 84a2009340e8431314db7056edf1bd68 -> 
  custom:scripting/monoscript/fileName/PositionPathTweenProperty.cs: efde40660de14fd7cd1ede2fa47e9837 -> 
  custom:video-encoder-webm-vp8: eb34c28f22e8b96e1ab97ce403110664 -> 
  custom:scripting/monoscript/fileName/FloatTweenProperty.cs: 48aea3a8bbe79ca6e0baa81dc186bdfd -> 
  custom:scripting/monoscript/fileName/GoTweenChain.cs: f9995827e6ddafabc43c1b0e0dcfd886 -> 
  custom:scripting/monoscript/fileName/GoTweenCollectionConfig.cs: 37c99bdc8dc674650bd69bc44bb2e57b -> 
  custom:audio-decoder-ogg-vorbis: bf7c407c2cedff20999df2af8eb42d56 -> 
  custom:scripting/monoscript/fileName/AbstractQuaternionTweenProperty.cs: 65ceda31db804ab1e0e34f0e48afa285 -> 
  custom:scripting/monoscript/fileName/AbstractColorTweenProperty.cs: bba0da230ed56fc0a25af92f6a3e377e -> 
  custom:scripting/monoscript/fileName/AbstractVector3TweenProperty.cs: 6aa4defef7531529f4ddc1516936e2e3 -> 
  custom:CustomObjectIndexerAttribute: 9a22284fe3817be447336de3de66b15e -> 
  custom:scripting/monoscript/fileName/Vector4TweenProperty.cs: 18bb73739ede80588b5bfadcee873907 -> 
  custom:scripting/monoscript/fileName/GoEaseBack.cs: 3f6e00793ada35f633abc2146480990e -> 
  custom:container-demuxer-webm: 4f35f7cbe854078d1ac9338744f61a02 -> 
  custom:scripting/monoscript/fileName/GoTweenConfig.cs: 5b3154c82824c20addf84e8652f51cfe -> 
  custom:scripting/monoscript/fileName/RotationQuaternionTweenProperty.cs: e0d94af0c913b0be4cd670833a2cda91 -> 
  custom:scripting/monoscript/fileName/GoTweenUtils.cs: 867d37edf69335bc6e54784197f28064 -> 
  custom:scripting/monoscript/fileName/GoSplineCubicBezierSolver.cs: 6d81419c64f7c334f4359254f1cbade0 -> 
  custom:audio-encoder-webm-vorbis: bf7c407c2cedff20999df2af8eb42d56 -> 
  custom:scripting/monoscript/fileName/ScalePathTweenProperty.cs: 816c1a788eca415c60d1b7e87fb103fe -> 
  custom:scripting/monoscript/fileName/GoEaseElastic.cs: f0cafb366ac4251d5c35fe413d3f62f6 -> 
  custom:scripting/monoscript/fileName/GoDummyPath.cs: a21201ab2fac2187e4faeaf08bb4ec90 -> 
  custom:scripting/monoscript/fileName/PositionTweenProperty.cs: e367a96b2cbc0b819bff5d0620f4b258 -> 
  custom:scripting/monoscript/fileName/Vector3TweenProperty.cs: 8e9f9d7bb7b15068d97f4d593f097c86 -> 
  custom:scripting/monoscript/fileName/AbstractGoTween.cs: 3bdc69e313ad58745cd33c4b74e6a709 -> 
  custom:scripting/monoscript/fileName/GoSplineStraightLineSolver.cs: b6a3907f2ead3ba9ac17ad3fdd121ec9 -> 
  custom:scripting/monoscript/fileName/AbstractGoTweenCollection.cs: 61d9f5f358696a7942516ed78ffe7e98 -> 
  custom:scripting/monoscript/fileName/Vector3PathTweenProperty.cs: 94848aa2e96060cfeaf83844ee158f0c -> 
  custom:scripting/monoscript/fileName/Vector3ZTweenProperty.cs: 35595634a87246c4e13691b1563178c5 -> 
  custom:scripting/monoscript/fileName/AbstractTweenProperty.cs: c71b2ece20cb4e1e30772e574c806625 -> 
  custom:container-muxer-webm: aa71ff27fc2769a1b78a27578f13a17b -> 
  custom:scripting/monoscript/fileName/AbstractGoSplineSolver.cs: 788a6b8052af6ee0371d3a464e692d1b -> 
  custom:scripting/monoscript/fileName/GoTween.cs: 4df5a8b9fefcbd8a2b5d6fe6223ee62f -> 
  custom:scripting/monoscript/fileName/RotationTweenProperty.cs: 13e7fbd741208cd89873755249a873a9 -> 
========================================================================
Received Prepare
Begin MonoManager ReloadAssembly
- Loaded All Assemblies, in  0.284 seconds
Refreshing native plugins compatible for Editor in 1.10 ms, found 1 plugins.
Native extension for WindowsStandalone target not found
Native extension for Android target not found
Mono: successfully reloaded assembly
- Finished resetting the current domain, in  0.352 seconds
Domain Reload Profiling: 636ms
	BeginReloadAssembly (107ms)
		ExecutionOrderSort (0ms)
		DisableScriptedObjects (4ms)
		BackupInstance (0ms)
		ReleaseScriptingObjects (0ms)
		CreateAndSetChildDomain (18ms)
	RebuildCommonClasses (23ms)
	RebuildNativeTypeToScriptingClass (8ms)
	initialDomainReloadingComplete (23ms)
	LoadAllAssembliesAndSetupDomain (122ms)
		LoadAssemblies (168ms)
		RebuildTransferFunctionScriptingTraits (0ms)
		AnalyzeDomain (12ms)
			TypeCache.Refresh (5ms)
				TypeCache.ScanAssembly (0ms)
			ScanForSourceGeneratedMonoScriptInfo (2ms)
			ResolveRequiredComponents (4ms)
	FinalizeReload (352ms)
		ReleaseScriptCaches (0ms)
		RebuildScriptCaches (0ms)
		SetupLoadedEditorAssemblies (172ms)
			LogAssemblyErrors (0ms)
			InitializePlatformSupportModulesInManaged (16ms)
			SetLoadedEditorAssemblies (2ms)
			RefreshPlugins (0ms)
			BeforeProcessingInitializeOnLoad (35ms)
			ProcessInitializeOnLoadAttributes (103ms)
			ProcessInitializeOnLoadMethodAttributes (15ms)
			AfterProcessingInitializeOnLoad (2ms)
			EditorAssembliesLoaded (0ms)
		ExecutionOrderSort2 (0ms)
		AwakeInstancesAfterBackupRestoration (4ms)
Refreshing native plugins compatible for Editor in 1.02 ms, found 1 plugins.
Preloading 0 native plugins for Editor in 0.00 ms.
Unloading 2332 Unused Serialized files (Serialized files now loaded: 0)
Unloading 33 unused Assets / (0.7 MB). Loaded Objects now: 2872.
Memory consumption went from 108.9 MB to 108.2 MB.
Total: 1.928000 ms (FindLiveObjects: 0.136500 ms CreateObjectMapping: 0.053100 ms MarkObjects: 1.506500 ms  DeleteObjects: 0.231100 ms)

Prepare: number of updated asset objects reloaded= 0
AssetImportParameters requested are different than current active one (requested -> active):
  custom:scripting/monoscript/fileName/GoSmoothedVector3.cs: 3a6ceb396859da913cbecdd1940e0aa2 -> 
  custom:scripting/monoscript/fileName/EulerAnglesTweenProperty.cs: 7a2321a8c63f28c3857aa33414a11270 -> 
  custom:video-decoder-webm-vp8: 9c59270c3fd7afecdb556c50c9e8de78 -> 
  custom:scripting/monoscript/fileName/IGenericProperty.cs: f404e27010d8ce1a25f7cc2ac06431ac -> 
  custom:scripting/monoscript/fileName/GoEaseSinusoidal.cs: e637d6b7456e2acd06dfd152f10b71d1 -> 
  custom:scripting/monoscript/fileName/GoSplineCatmullRomSolver.cs: 8bbd4e9dc2722b25540d14d500b88879 -> 
  custom:scripting/monoscript/fileName/IntTweenProperty.cs: 1f39418055dd7708ff3b9e75a86d93a1 -> 
  custom:scripting/monoscript/fileName/Vector3YTweenProperty.cs: 2b996e9222bddad772657bb084e9da48 -> 
  custom:scripting/monoscript/fileName/GoEaseQuintic.cs: 672086238d051af0856016e64ad97204 -> 
  custom:scripting/monoscript/fileName/GoEaseCubic.cs: 7d74fd43480e52f793e3086826193b77 -> 
  custom:SearchIndexIgnoredProperties: e643bd26f0fe6173181afceb89e7c659 -> 
  custom:scripting/monoscript/fileName/GoSmoothedQuaternion.cs: 92de95a3ce149743e526859a8d0255c5 -> 
  custom:container-demuxer-ogg: 62fdf1f143b41e24485cea50d1cbac27 -> 
  custom:AudioImporter_EditorPlatform: d09bf68614088b80899f8185d706f6e7 -> 
  custom:scripting/monoscript/fileName/ShakeTweenProperty.cs: fdb713005206085d3b49cdd6b2d15f80 -> 
  custom:scripting/monoscript/fileName/Vector2TweenProperty.cs: d7a25a544d56d947d9526019347f1f6e -> 
  custom:scripting/monoscript/fileName/GoKitTweenExtensions.cs: 28ee7421c4d34eb9c057646838e28859 -> 
  custom:scripting/monoscript/fileName/Vector3XTweenProperty.cs: 9592582ea2f541a8cf92ba7dd7dd85f2 -> 
  custom:scripting/monoscript/fileName/Go.cs: 840adb47e0f4be71eeea7168442feb7d -> 
  custom:scripting/monoscript/fileName/ColorTweenProperty.cs: 94ba4bee52d153d3fd58a82d4cf8ce0c -> 
  custom:scripting/monoscript/fileName/GoEaseLinear.cs: b690756fd76817f101a31dcd50ae4adc -> 
  custom:scripting/monoscript/fileName/GoEaseExponential.cs: 8f890ce1f0130e8014d1a219fa0d7904 -> 
  custom:scripting/monoscript/fileName/ScaleTweenProperty.cs: 068e501b322923caa36166fe86d472e5 -> 
  custom:video-decoder-ogg-theora: a1e56fd34408186e4bbccfd4996cb3dc -> 
  custom:scripting/monoscript/fileName/GoSpline.cs: 8039f73cfdc174dc6ffa15343c307f29 -> 
  custom:scripting/monoscript/fileName/GoTweenFlow.cs: ce7a11a1fb9e8397b83cab3847ba7970 -> 
  custom:scripting/monoscript/fileName/GoEaseQuartic.cs: d34853ce84f33fe9033901002d4ff793 -> 
  custom:framework-win-MediaFoundation: 216162199b28c13a410421893ffa2e32 -> 
  custom:scripting/monoscript/fileName/GoEaseBounce.cs: e71b365170d63025c159c4756b1910b2 -> 
  custom:scripting/monoscript/fileName/GoSplineQuadraticBezierSolver.cs: 44dee8c5fd496e5eb749f54d83d1397e -> 
  custom:scripting/monoscript/fileName/GoEaseQuadratic.cs: e3ed230c2d29b99c6f642587e4ad0e5d -> 
  custom:scripting/monoscript/fileName/MaterialColorTweenProperty.cs: f6d4ed9537ac95d7564838fa4e660e7d -> 
  custom:scripting/monoscript/fileName/GoEaseCircular.cs: 84a2009340e8431314db7056edf1bd68 -> 
  custom:scripting/monoscript/fileName/PositionPathTweenProperty.cs: efde40660de14fd7cd1ede2fa47e9837 -> 
  custom:video-encoder-webm-vp8: eb34c28f22e8b96e1ab97ce403110664 -> 
  custom:scripting/monoscript/fileName/FloatTweenProperty.cs: 48aea3a8bbe79ca6e0baa81dc186bdfd -> 
  custom:scripting/monoscript/fileName/GoTweenChain.cs: f9995827e6ddafabc43c1b0e0dcfd886 -> 
  custom:scripting/monoscript/fileName/GoTweenCollectionConfig.cs: 37c99bdc8dc674650bd69bc44bb2e57b -> 
  custom:audio-decoder-ogg-vorbis: bf7c407c2cedff20999df2af8eb42d56 -> 
  custom:scripting/monoscript/fileName/AbstractQuaternionTweenProperty.cs: 65ceda31db804ab1e0e34f0e48afa285 -> 
  custom:scripting/monoscript/fileName/AbstractColorTweenProperty.cs: bba0da230ed56fc0a25af92f6a3e377e -> 
  custom:scripting/monoscript/fileName/AbstractVector3TweenProperty.cs: 6aa4defef7531529f4ddc1516936e2e3 -> 
  custom:CustomObjectIndexerAttribute: 9a22284fe3817be447336de3de66b15e -> 
  custom:scripting/monoscript/fileName/Vector4TweenProperty.cs: 18bb73739ede80588b5bfadcee873907 -> 
  custom:scripting/monoscript/fileName/GoEaseBack.cs: 3f6e00793ada35f633abc2146480990e -> 
  custom:container-demuxer-webm: 4f35f7cbe854078d1ac9338744f61a02 -> 
  custom:scripting/monoscript/fileName/GoTweenConfig.cs: 5b3154c82824c20addf84e8652f51cfe -> 
  custom:scripting/monoscript/fileName/RotationQuaternionTweenProperty.cs: e0d94af0c913b0be4cd670833a2cda91 -> 
  custom:scripting/monoscript/fileName/GoTweenUtils.cs: 867d37edf69335bc6e54784197f28064 -> 
  custom:scripting/monoscript/fileName/GoSplineCubicBezierSolver.cs: 6d81419c64f7c334f4359254f1cbade0 -> 
  custom:audio-encoder-webm-vorbis: bf7c407c2cedff20999df2af8eb42d56 -> 
  custom:scripting/monoscript/fileName/ScalePathTweenProperty.cs: 816c1a788eca415c60d1b7e87fb103fe -> 
  custom:scripting/monoscript/fileName/GoEaseElastic.cs: f0cafb366ac4251d5c35fe413d3f62f6 -> 
  custom:scripting/monoscript/fileName/GoDummyPath.cs: a21201ab2fac2187e4faeaf08bb4ec90 -> 
  custom:scripting/monoscript/fileName/PositionTweenProperty.cs: e367a96b2cbc0b819bff5d0620f4b258 -> 
  custom:scripting/monoscript/fileName/Vector3TweenProperty.cs: 8e9f9d7bb7b15068d97f4d593f097c86 -> 
  custom:scripting/monoscript/fileName/AbstractGoTween.cs: 3bdc69e313ad58745cd33c4b74e6a709 -> 
  custom:scripting/monoscript/fileName/GoSplineStraightLineSolver.cs: b6a3907f2ead3ba9ac17ad3fdd121ec9 -> 
  custom:scripting/monoscript/fileName/AbstractGoTweenCollection.cs: 61d9f5f358696a7942516ed78ffe7e98 -> 
  custom:scripting/monoscript/fileName/Vector3PathTweenProperty.cs: 94848aa2e96060cfeaf83844ee158f0c -> 
  custom:scripting/monoscript/fileName/Vector3ZTweenProperty.cs: 35595634a87246c4e13691b1563178c5 -> 
  custom:scripting/monoscript/fileName/AbstractTweenProperty.cs: c71b2ece20cb4e1e30772e574c806625 -> 
  custom:container-muxer-webm: aa71ff27fc2769a1b78a27578f13a17b -> 
  custom:scripting/monoscript/fileName/AbstractGoSplineSolver.cs: 788a6b8052af6ee0371d3a464e692d1b -> 
  custom:scripting/monoscript/fileName/GoTween.cs: 4df5a8b9fefcbd8a2b5d6fe6223ee62f -> 
  custom:scripting/monoscript/fileName/RotationTweenProperty.cs: 13e7fbd741208cd89873755249a873a9 -> 
========================================================================
Received Import Request.
  Time since last request: 1254.137446 seconds.
  path: Assets/Prefabs/Angry.prefab
  artifactKey: Guid(4eb62dabad9387e4dbd05020eb045905) Importer(815301076,1909f56bfc062723c751e8b465ee728b)
Start importing Assets/Prefabs/Angry.prefab using Guid(4eb62dabad9387e4dbd05020eb045905) Importer(815301076,1909f56bfc062723c751e8b465ee728b)  -> (artifact id: '16112d376f75062ecaf41bb5aba18a4f') in 0.099066 seconds
Number of updated asset objects reloaded before import = 0
Number of asset objects unloaded after import = 22
========================================================================
Received Import Request.
  Time since last request: 0.000024 seconds.
  path: Assets/Prefabs/Attack.prefab
  artifactKey: Guid(b70e5b7f61cc529439c8efdc6d72dab9) Importer(815301076,1909f56bfc062723c751e8b465ee728b)
Start importing Assets/Prefabs/Attack.prefab using Guid(b70e5b7f61cc529439c8efdc6d72dab9) Importer(815301076,1909f56bfc062723c751e8b465ee728b)  -> (artifact id: '7dbffce803fabb40ac411e3fa0731463') in 0.022037 seconds
Number of updated asset objects reloaded before import = 0
Number of asset objects unloaded after import = 22
========================================================================
Received Prepare
Begin MonoManager ReloadAssembly
- Loaded All Assemblies, in  0.278 seconds
Refreshing native plugins compatible for Editor in 1.20 ms, found 1 plugins.
Native extension for WindowsStandalone target not found
Native extension for Android target not found
Mono: successfully reloaded assembly
- Finished resetting the current domain, in  0.351 seconds
Domain Reload Profiling: 629ms
	BeginReloadAssembly (107ms)
		ExecutionOrderSort (0ms)
		DisableScriptedObjects (3ms)
		BackupInstance (0ms)
		ReleaseScriptingObjects (0ms)
		CreateAndSetChildDomain (22ms)
	RebuildCommonClasses (22ms)
	RebuildNativeTypeToScriptingClass (8ms)
	initialDomainReloadingComplete (18ms)
	LoadAllAssembliesAndSetupDomain (123ms)
		LoadAssemblies (174ms)
		RebuildTransferFunctionScriptingTraits (0ms)
		AnalyzeDomain (8ms)
			TypeCache.Refresh (4ms)
				TypeCache.ScanAssembly (0ms)
			ScanForSourceGeneratedMonoScriptInfo (0ms)
			ResolveRequiredComponents (4ms)
	FinalizeReload (351ms)
		ReleaseScriptCaches (0ms)
		RebuildScriptCaches (0ms)
		SetupLoadedEditorAssemblies (175ms)
			LogAssemblyErrors (0ms)
			InitializePlatformSupportModulesInManaged (16ms)
			SetLoadedEditorAssemblies (2ms)
			RefreshPlugins (0ms)
			BeforeProcessingInitializeOnLoad (33ms)
			ProcessInitializeOnLoadAttributes (107ms)
			ProcessInitializeOnLoadMethodAttributes (15ms)
			AfterProcessingInitializeOnLoad (2ms)
			EditorAssembliesLoaded (0ms)
		ExecutionOrderSort2 (0ms)
		AwakeInstancesAfterBackupRestoration (4ms)
Refreshing native plugins compatible for Editor in 1.55 ms, found 1 plugins.
Preloading 0 native plugins for Editor in 0.00 ms.
Unloading 2331 Unused Serialized files (Serialized files now loaded: 0)
Unloading 33 unused Assets / (0.7 MB). Loaded Objects now: 2875.
Memory consumption went from 108.6 MB to 108.0 MB.
Total: 2.211700 ms (FindLiveObjects: 0.153400 ms CreateObjectMapping: 0.056900 ms MarkObjects: 1.687600 ms  DeleteObjects: 0.313000 ms)

Prepare: number of updated asset objects reloaded= 0
AssetImportParameters requested are different than current active one (requested -> active):
  custom:scripting/monoscript/fileName/GoSmoothedVector3.cs: 3a6ceb396859da913cbecdd1940e0aa2 -> 
  custom:scripting/monoscript/fileName/EulerAnglesTweenProperty.cs: 7a2321a8c63f28c3857aa33414a11270 -> 
  custom:video-decoder-webm-vp8: 9c59270c3fd7afecdb556c50c9e8de78 -> 
  custom:scripting/monoscript/fileName/IGenericProperty.cs: f404e27010d8ce1a25f7cc2ac06431ac -> 
  custom:scripting/monoscript/fileName/GoEaseSinusoidal.cs: e637d6b7456e2acd06dfd152f10b71d1 -> 
  custom:scripting/monoscript/fileName/GoSplineCatmullRomSolver.cs: 8bbd4e9dc2722b25540d14d500b88879 -> 
  custom:scripting/monoscript/fileName/IntTweenProperty.cs: 1f39418055dd7708ff3b9e75a86d93a1 -> 
  custom:scripting/monoscript/fileName/Vector3YTweenProperty.cs: 2b996e9222bddad772657bb084e9da48 -> 
  custom:scripting/monoscript/fileName/GoEaseQuintic.cs: 672086238d051af0856016e64ad97204 -> 
  custom:scripting/monoscript/fileName/GoEaseCubic.cs: 7d74fd43480e52f793e3086826193b77 -> 
  custom:SearchIndexIgnoredProperties: e643bd26f0fe6173181afceb89e7c659 -> 
  custom:scripting/monoscript/fileName/GoSmoothedQuaternion.cs: 92de95a3ce149743e526859a8d0255c5 -> 
  custom:container-demuxer-ogg: 62fdf1f143b41e24485cea50d1cbac27 -> 
  custom:AudioImporter_EditorPlatform: d09bf68614088b80899f8185d706f6e7 -> 
  custom:scripting/monoscript/fileName/ShakeTweenProperty.cs: fdb713005206085d3b49cdd6b2d15f80 -> 
  custom:scripting/monoscript/fileName/Vector2TweenProperty.cs: d7a25a544d56d947d9526019347f1f6e -> 
  custom:scripting/monoscript/fileName/GoKitTweenExtensions.cs: 28ee7421c4d34eb9c057646838e28859 -> 
  custom:scripting/monoscript/fileName/Vector3XTweenProperty.cs: 9592582ea2f541a8cf92ba7dd7dd85f2 -> 
  custom:scripting/monoscript/fileName/Go.cs: 840adb47e0f4be71eeea7168442feb7d -> 
  custom:scripting/monoscript/fileName/ColorTweenProperty.cs: 94ba4bee52d153d3fd58a82d4cf8ce0c -> 
  custom:scripting/monoscript/fileName/GoEaseLinear.cs: b690756fd76817f101a31dcd50ae4adc -> 
  custom:scripting/monoscript/fileName/GoEaseExponential.cs: 8f890ce1f0130e8014d1a219fa0d7904 -> 
  custom:scripting/monoscript/fileName/ScaleTweenProperty.cs: 068e501b322923caa36166fe86d472e5 -> 
  custom:video-decoder-ogg-theora: a1e56fd34408186e4bbccfd4996cb3dc -> 
  custom:scripting/monoscript/fileName/GoSpline.cs: 8039f73cfdc174dc6ffa15343c307f29 -> 
  custom:scripting/monoscript/fileName/GoTweenFlow.cs: ce7a11a1fb9e8397b83cab3847ba7970 -> 
  custom:scripting/monoscript/fileName/GoEaseQuartic.cs: d34853ce84f33fe9033901002d4ff793 -> 
  custom:framework-win-MediaFoundation: 216162199b28c13a410421893ffa2e32 -> 
  custom:scripting/monoscript/fileName/GoEaseBounce.cs: e71b365170d63025c159c4756b1910b2 -> 
  custom:scripting/monoscript/fileName/GoSplineQuadraticBezierSolver.cs: 44dee8c5fd496e5eb749f54d83d1397e -> 
  custom:scripting/monoscript/fileName/GoEaseQuadratic.cs: e3ed230c2d29b99c6f642587e4ad0e5d -> 
  custom:scripting/monoscript/fileName/MaterialColorTweenProperty.cs: f6d4ed9537ac95d7564838fa4e660e7d -> 
  custom:scripting/monoscript/fileName/GoEaseCircular.cs: 84a2009340e8431314db7056edf1bd68 -> 
  custom:scripting/monoscript/fileName/PositionPathTweenProperty.cs: efde40660de14fd7cd1ede2fa47e9837 -> 
  custom:video-encoder-webm-vp8: eb34c28f22e8b96e1ab97ce403110664 -> 
  custom:scripting/monoscript/fileName/FloatTweenProperty.cs: 48aea3a8bbe79ca6e0baa81dc186bdfd -> 
  custom:scripting/monoscript/fileName/GoTweenChain.cs: f9995827e6ddafabc43c1b0e0dcfd886 -> 
  custom:scripting/monoscript/fileName/GoTweenCollectionConfig.cs: 37c99bdc8dc674650bd69bc44bb2e57b -> 
  custom:audio-decoder-ogg-vorbis: bf7c407c2cedff20999df2af8eb42d56 -> 
  custom:scripting/monoscript/fileName/AbstractQuaternionTweenProperty.cs: 65ceda31db804ab1e0e34f0e48afa285 -> 
  custom:scripting/monoscript/fileName/AbstractColorTweenProperty.cs: bba0da230ed56fc0a25af92f6a3e377e -> 
  custom:scripting/monoscript/fileName/AbstractVector3TweenProperty.cs: 6aa4defef7531529f4ddc1516936e2e3 -> 
  custom:CustomObjectIndexerAttribute: 9a22284fe3817be447336de3de66b15e -> 
  custom:scripting/monoscript/fileName/Vector4TweenProperty.cs: 18bb73739ede80588b5bfadcee873907 -> 
  custom:scripting/monoscript/fileName/GoEaseBack.cs: 3f6e00793ada35f633abc2146480990e -> 
  custom:container-demuxer-webm: 4f35f7cbe854078d1ac9338744f61a02 -> 
  custom:scripting/monoscript/fileName/GoTweenConfig.cs: 5b3154c82824c20addf84e8652f51cfe -> 
  custom:scripting/monoscript/fileName/RotationQuaternionTweenProperty.cs: e0d94af0c913b0be4cd670833a2cda91 -> 
  custom:scripting/monoscript/fileName/GoTweenUtils.cs: 867d37edf69335bc6e54784197f28064 -> 
  custom:scripting/monoscript/fileName/GoSplineCubicBezierSolver.cs: 6d81419c64f7c334f4359254f1cbade0 -> 
  custom:audio-encoder-webm-vorbis: bf7c407c2cedff20999df2af8eb42d56 -> 
  custom:scripting/monoscript/fileName/ScalePathTweenProperty.cs: 816c1a788eca415c60d1b7e87fb103fe -> 
  custom:scripting/monoscript/fileName/GoEaseElastic.cs: f0cafb366ac4251d5c35fe413d3f62f6 -> 
  custom:scripting/monoscript/fileName/GoDummyPath.cs: a21201ab2fac2187e4faeaf08bb4ec90 -> 
  custom:scripting/monoscript/fileName/PositionTweenProperty.cs: e367a96b2cbc0b819bff5d0620f4b258 -> 
  custom:scripting/monoscript/fileName/Vector3TweenProperty.cs: 8e9f9d7bb7b15068d97f4d593f097c86 -> 
  custom:scripting/monoscript/fileName/AbstractGoTween.cs: 3bdc69e313ad58745cd33c4b74e6a709 -> 
  custom:scripting/monoscript/fileName/GoSplineStraightLineSolver.cs: b6a3907f2ead3ba9ac17ad3fdd121ec9 -> 
  custom:scripting/monoscript/fileName/AbstractGoTweenCollection.cs: 61d9f5f358696a7942516ed78ffe7e98 -> 
  custom:scripting/monoscript/fileName/Vector3PathTweenProperty.cs: 94848aa2e96060cfeaf83844ee158f0c -> 
  custom:scripting/monoscript/fileName/Vector3ZTweenProperty.cs: 35595634a87246c4e13691b1563178c5 -> 
  custom:scripting/monoscript/fileName/AbstractTweenProperty.cs: c71b2ece20cb4e1e30772e574c806625 -> 
  custom:container-muxer-webm: aa71ff27fc2769a1b78a27578f13a17b -> 
  custom:scripting/monoscript/fileName/AbstractGoSplineSolver.cs: 788a6b8052af6ee0371d3a464e692d1b -> 
  custom:scripting/monoscript/fileName/GoTween.cs: 4df5a8b9fefcbd8a2b5d6fe6223ee62f -> 
  custom:scripting/monoscript/fileName/RotationTweenProperty.cs: 13e7fbd741208cd89873755249a873a9 -> 
========================================================================
Received Prepare
Begin MonoManager ReloadAssembly
- Loaded All Assemblies, in  0.269 seconds
Refreshing native plugins compatible for Editor in 1.01 ms, found 1 plugins.
Native extension for WindowsStandalone target not found
Native extension for Android target not found
Mono: successfully reloaded assembly
- Finished resetting the current domain, in  0.360 seconds
Domain Reload Profiling: 629ms
	BeginReloadAssembly (106ms)
		ExecutionOrderSort (0ms)
		DisableScriptedObjects (4ms)
		BackupInstance (0ms)
		ReleaseScriptingObjects (0ms)
		CreateAndSetChildDomain (17ms)
	RebuildCommonClasses (24ms)
	RebuildNativeTypeToScriptingClass (8ms)
	initialDomainReloadingComplete (18ms)
	LoadAllAssembliesAndSetupDomain (113ms)
		LoadAssemblies (164ms)
		RebuildTransferFunctionScriptingTraits (0ms)
		AnalyzeDomain (11ms)
			TypeCache.Refresh (4ms)
				TypeCache.ScanAssembly (0ms)
			ScanForSourceGeneratedMonoScriptInfo (0ms)
			ResolveRequiredComponents (6ms)
	FinalizeReload (361ms)
		ReleaseScriptCaches (0ms)
		RebuildScriptCaches (0ms)
		SetupLoadedEditorAssemblies (177ms)
			LogAssemblyErrors (0ms)
			InitializePlatformSupportModulesInManaged (17ms)
			SetLoadedEditorAssemblies (2ms)
			RefreshPlugins (0ms)
			BeforeProcessingInitializeOnLoad (33ms)
			ProcessInitializeOnLoadAttributes (108ms)
			ProcessInitializeOnLoadMethodAttributes (14ms)
			AfterProcessingInitializeOnLoad (2ms)
			EditorAssembliesLoaded (0ms)
		ExecutionOrderSort2 (0ms)
		AwakeInstancesAfterBackupRestoration (4ms)
Refreshing native plugins compatible for Editor in 1.37 ms, found 1 plugins.
Preloading 0 native plugins for Editor in 0.00 ms.
Unloading 2332 Unused Serialized files (Serialized files now loaded: 0)
Unloading 33 unused Assets / (0.7 MB). Loaded Objects now: 2878.
Memory consumption went from 108.9 MB to 108.3 MB.
Total: 2.119900 ms (FindLiveObjects: 0.168200 ms CreateObjectMapping: 0.057500 ms MarkObjects: 1.618600 ms  DeleteObjects: 0.274000 ms)

Prepare: number of updated asset objects reloaded= 0
AssetImportParameters requested are different than current active one (requested -> active):
  custom:scripting/monoscript/fileName/GoSmoothedVector3.cs: 3a6ceb396859da913cbecdd1940e0aa2 -> 
  custom:scripting/monoscript/fileName/EulerAnglesTweenProperty.cs: 7a2321a8c63f28c3857aa33414a11270 -> 
  custom:video-decoder-webm-vp8: 9c59270c3fd7afecdb556c50c9e8de78 -> 
  custom:scripting/monoscript/fileName/IGenericProperty.cs: f404e27010d8ce1a25f7cc2ac06431ac -> 
  custom:scripting/monoscript/fileName/GoEaseSinusoidal.cs: e637d6b7456e2acd06dfd152f10b71d1 -> 
  custom:scripting/monoscript/fileName/GoSplineCatmullRomSolver.cs: 8bbd4e9dc2722b25540d14d500b88879 -> 
  custom:scripting/monoscript/fileName/IntTweenProperty.cs: 1f39418055dd7708ff3b9e75a86d93a1 -> 
  custom:scripting/monoscript/fileName/Vector3YTweenProperty.cs: 2b996e9222bddad772657bb084e9da48 -> 
  custom:scripting/monoscript/fileName/GoEaseQuintic.cs: 672086238d051af0856016e64ad97204 -> 
  custom:scripting/monoscript/fileName/GoEaseCubic.cs: 7d74fd43480e52f793e3086826193b77 -> 
  custom:SearchIndexIgnoredProperties: e643bd26f0fe6173181afceb89e7c659 -> 
  custom:scripting/monoscript/fileName/GoSmoothedQuaternion.cs: 92de95a3ce149743e526859a8d0255c5 -> 
  custom:container-demuxer-ogg: 62fdf1f143b41e24485cea50d1cbac27 -> 
  custom:AudioImporter_EditorPlatform: d09bf68614088b80899f8185d706f6e7 -> 
  custom:scripting/monoscript/fileName/ShakeTweenProperty.cs: fdb713005206085d3b49cdd6b2d15f80 -> 
  custom:scripting/monoscript/fileName/Vector2TweenProperty.cs: d7a25a544d56d947d9526019347f1f6e -> 
  custom:scripting/monoscript/fileName/GoKitTweenExtensions.cs: 28ee7421c4d34eb9c057646838e28859 -> 
  custom:scripting/monoscript/fileName/Vector3XTweenProperty.cs: 9592582ea2f541a8cf92ba7dd7dd85f2 -> 
  custom:scripting/monoscript/fileName/Go.cs: 840adb47e0f4be71eeea7168442feb7d -> 
  custom:scripting/monoscript/fileName/ColorTweenProperty.cs: 94ba4bee52d153d3fd58a82d4cf8ce0c -> 
  custom:scripting/monoscript/fileName/GoEaseLinear.cs: b690756fd76817f101a31dcd50ae4adc -> 
  custom:scripting/monoscript/fileName/GoEaseExponential.cs: 8f890ce1f0130e8014d1a219fa0d7904 -> 
  custom:scripting/monoscript/fileName/ScaleTweenProperty.cs: 068e501b322923caa36166fe86d472e5 -> 
  custom:video-decoder-ogg-theora: a1e56fd34408186e4bbccfd4996cb3dc -> 
  custom:scripting/monoscript/fileName/GoSpline.cs: 8039f73cfdc174dc6ffa15343c307f29 -> 
  custom:scripting/monoscript/fileName/GoTweenFlow.cs: ce7a11a1fb9e8397b83cab3847ba7970 -> 
  custom:scripting/monoscript/fileName/GoEaseQuartic.cs: d34853ce84f33fe9033901002d4ff793 -> 
  custom:framework-win-MediaFoundation: 216162199b28c13a410421893ffa2e32 -> 
  custom:scripting/monoscript/fileName/GoEaseBounce.cs: e71b365170d63025c159c4756b1910b2 -> 
  custom:scripting/monoscript/fileName/GoSplineQuadraticBezierSolver.cs: 44dee8c5fd496e5eb749f54d83d1397e -> 
  custom:scripting/monoscript/fileName/GoEaseQuadratic.cs: e3ed230c2d29b99c6f642587e4ad0e5d -> 
  custom:scripting/monoscript/fileName/MaterialColorTweenProperty.cs: f6d4ed9537ac95d7564838fa4e660e7d -> 
  custom:scripting/monoscript/fileName/GoEaseCircular.cs: 84a2009340e8431314db7056edf1bd68 -> 
  custom:scripting/monoscript/fileName/PositionPathTweenProperty.cs: efde40660de14fd7cd1ede2fa47e9837 -> 
  custom:video-encoder-webm-vp8: eb34c28f22e8b96e1ab97ce403110664 -> 
  custom:scripting/monoscript/fileName/FloatTweenProperty.cs: 48aea3a8bbe79ca6e0baa81dc186bdfd -> 
  custom:scripting/monoscript/fileName/GoTweenChain.cs: f9995827e6ddafabc43c1b0e0dcfd886 -> 
  custom:scripting/monoscript/fileName/GoTweenCollectionConfig.cs: 37c99bdc8dc674650bd69bc44bb2e57b -> 
  custom:audio-decoder-ogg-vorbis: bf7c407c2cedff20999df2af8eb42d56 -> 
  custom:scripting/monoscript/fileName/AbstractQuaternionTweenProperty.cs: 65ceda31db804ab1e0e34f0e48afa285 -> 
  custom:scripting/monoscript/fileName/AbstractColorTweenProperty.cs: bba0da230ed56fc0a25af92f6a3e377e -> 
  custom:scripting/monoscript/fileName/AbstractVector3TweenProperty.cs: 6aa4defef7531529f4ddc1516936e2e3 -> 
  custom:CustomObjectIndexerAttribute: 9a22284fe3817be447336de3de66b15e -> 
  custom:scripting/monoscript/fileName/Vector4TweenProperty.cs: 18bb73739ede80588b5bfadcee873907 -> 
  custom:scripting/monoscript/fileName/GoEaseBack.cs: 3f6e00793ada35f633abc2146480990e -> 
  custom:container-demuxer-webm: 4f35f7cbe854078d1ac9338744f61a02 -> 
  custom:scripting/monoscript/fileName/GoTweenConfig.cs: 5b3154c82824c20addf84e8652f51cfe -> 
  custom:scripting/monoscript/fileName/RotationQuaternionTweenProperty.cs: e0d94af0c913b0be4cd670833a2cda91 -> 
  custom:scripting/monoscript/fileName/GoTweenUtils.cs: 867d37edf69335bc6e54784197f28064 -> 
  custom:scripting/monoscript/fileName/GoSplineCubicBezierSolver.cs: 6d81419c64f7c334f4359254f1cbade0 -> 
  custom:audio-encoder-webm-vorbis: bf7c407c2cedff20999df2af8eb42d56 -> 
  custom:scripting/monoscript/fileName/ScalePathTweenProperty.cs: 816c1a788eca415c60d1b7e87fb103fe -> 
  custom:scripting/monoscript/fileName/GoEaseElastic.cs: f0cafb366ac4251d5c35fe413d3f62f6 -> 
  custom:scripting/monoscript/fileName/GoDummyPath.cs: a21201ab2fac2187e4faeaf08bb4ec90 -> 
  custom:scripting/monoscript/fileName/PositionTweenProperty.cs: e367a96b2cbc0b819bff5d0620f4b258 -> 
  custom:scripting/monoscript/fileName/Vector3TweenProperty.cs: 8e9f9d7bb7b15068d97f4d593f097c86 -> 
  custom:scripting/monoscript/fileName/AbstractGoTween.cs: 3bdc69e313ad58745cd33c4b74e6a709 -> 
  custom:scripting/monoscript/fileName/GoSplineStraightLineSolver.cs: b6a3907f2ead3ba9ac17ad3fdd121ec9 -> 
  custom:scripting/monoscript/fileName/AbstractGoTweenCollection.cs: 61d9f5f358696a7942516ed78ffe7e98 -> 
  custom:scripting/monoscript/fileName/Vector3PathTweenProperty.cs: 94848aa2e96060cfeaf83844ee158f0c -> 
  custom:scripting/monoscript/fileName/Vector3ZTweenProperty.cs: 35595634a87246c4e13691b1563178c5 -> 
  custom:scripting/monoscript/fileName/AbstractTweenProperty.cs: c71b2ece20cb4e1e30772e574c806625 -> 
  custom:container-muxer-webm: aa71ff27fc2769a1b78a27578f13a17b -> 
  custom:scripting/monoscript/fileName/AbstractGoSplineSolver.cs: 788a6b8052af6ee0371d3a464e692d1b -> 
  custom:scripting/monoscript/fileName/GoTween.cs: 4df5a8b9fefcbd8a2b5d6fe6223ee62f -> 
  custom:scripting/monoscript/fileName/RotationTweenProperty.cs: 13e7fbd741208cd89873755249a873a9 -> 
========================================================================
Received Prepare
Begin MonoManager ReloadAssembly
- Loaded All Assemblies, in  0.287 seconds
Refreshing native plugins compatible for Editor in 1.05 ms, found 1 plugins.
Native extension for WindowsStandalone target not found
Native extension for Android target not found
Mono: successfully reloaded assembly
- Finished resetting the current domain, in  0.347 seconds
Domain Reload Profiling: 634ms
	BeginReloadAssembly (106ms)
		ExecutionOrderSort (0ms)
		DisableScriptedObjects (4ms)
		BackupInstance (0ms)
		ReleaseScriptingObjects (0ms)
		CreateAndSetChildDomain (20ms)
	RebuildCommonClasses (23ms)
	RebuildNativeTypeToScriptingClass (8ms)
	initialDomainReloadingComplete (19ms)
	LoadAllAssembliesAndSetupDomain (131ms)
		LoadAssemblies (181ms)
		RebuildTransferFunctionScriptingTraits (0ms)
		AnalyzeDomain (8ms)
			TypeCache.Refresh (3ms)
				TypeCache.ScanAssembly (0ms)
			ScanForSourceGeneratedMonoScriptInfo (0ms)
			ResolveRequiredComponents (4ms)
	FinalizeReload (347ms)
		ReleaseScriptCaches (0ms)
		RebuildScriptCaches (0ms)
		SetupLoadedEditorAssemblies (174ms)
			LogAssemblyErrors (0ms)
			InitializePlatformSupportModulesInManaged (17ms)
			SetLoadedEditorAssemblies (2ms)
			RefreshPlugins (0ms)
			BeforeProcessingInitializeOnLoad (33ms)
			ProcessInitializeOnLoadAttributes (105ms)
			ProcessInitializeOnLoadMethodAttributes (14ms)
			AfterProcessingInitializeOnLoad (2ms)
			EditorAssembliesLoaded (0ms)
		ExecutionOrderSort2 (0ms)
		AwakeInstancesAfterBackupRestoration (4ms)
Refreshing native plugins compatible for Editor in 1.39 ms, found 1 plugins.
Preloading 0 native plugins for Editor in 0.00 ms.
Unloading 2332 Unused Serialized files (Serialized files now loaded: 0)
Unloading 33 unused Assets / (0.7 MB). Loaded Objects now: 2881.
Memory consumption went from 108.9 MB to 108.3 MB.
Total: 2.048200 ms (FindLiveObjects: 0.148200 ms CreateObjectMapping: 0.063700 ms MarkObjects: 1.579200 ms  DeleteObjects: 0.256300 ms)

Prepare: number of updated asset objects reloaded= 0
AssetImportParameters requested are different than current active one (requested -> active):
  custom:scripting/monoscript/fileName/GoSmoothedVector3.cs: 3a6ceb396859da913cbecdd1940e0aa2 -> 
  custom:scripting/monoscript/fileName/EulerAnglesTweenProperty.cs: 7a2321a8c63f28c3857aa33414a11270 -> 
  custom:video-decoder-webm-vp8: 9c59270c3fd7afecdb556c50c9e8de78 -> 
  custom:scripting/monoscript/fileName/IGenericProperty.cs: f404e27010d8ce1a25f7cc2ac06431ac -> 
  custom:scripting/monoscript/fileName/GoEaseSinusoidal.cs: e637d6b7456e2acd06dfd152f10b71d1 -> 
  custom:scripting/monoscript/fileName/GoSplineCatmullRomSolver.cs: 8bbd4e9dc2722b25540d14d500b88879 -> 
  custom:scripting/monoscript/fileName/IntTweenProperty.cs: 1f39418055dd7708ff3b9e75a86d93a1 -> 
  custom:scripting/monoscript/fileName/Vector3YTweenProperty.cs: 2b996e9222bddad772657bb084e9da48 -> 
  custom:scripting/monoscript/fileName/GoEaseQuintic.cs: 672086238d051af0856016e64ad97204 -> 
  custom:scripting/monoscript/fileName/GoEaseCubic.cs: 7d74fd43480e52f793e3086826193b77 -> 
  custom:SearchIndexIgnoredProperties: e643bd26f0fe6173181afceb89e7c659 -> 
  custom:scripting/monoscript/fileName/GoSmoothedQuaternion.cs: 92de95a3ce149743e526859a8d0255c5 -> 
  custom:container-demuxer-ogg: 62fdf1f143b41e24485cea50d1cbac27 -> 
  custom:AudioImporter_EditorPlatform: d09bf68614088b80899f8185d706f6e7 -> 
  custom:scripting/monoscript/fileName/ShakeTweenProperty.cs: fdb713005206085d3b49cdd6b2d15f80 -> 
  custom:scripting/monoscript/fileName/Vector2TweenProperty.cs: d7a25a544d56d947d9526019347f1f6e -> 
  custom:scripting/monoscript/fileName/GoKitTweenExtensions.cs: 28ee7421c4d34eb9c057646838e28859 -> 
  custom:scripting/monoscript/fileName/Vector3XTweenProperty.cs: 9592582ea2f541a8cf92ba7dd7dd85f2 -> 
  custom:scripting/monoscript/fileName/Go.cs: 840adb47e0f4be71eeea7168442feb7d -> 
  custom:scripting/monoscript/fileName/ColorTweenProperty.cs: 94ba4bee52d153d3fd58a82d4cf8ce0c -> 
  custom:scripting/monoscript/fileName/GoEaseLinear.cs: b690756fd76817f101a31dcd50ae4adc -> 
  custom:scripting/monoscript/fileName/GoEaseExponential.cs: 8f890ce1f0130e8014d1a219fa0d7904 -> 
  custom:scripting/monoscript/fileName/ScaleTweenProperty.cs: 068e501b322923caa36166fe86d472e5 -> 
  custom:video-decoder-ogg-theora: a1e56fd34408186e4bbccfd4996cb3dc -> 
  custom:scripting/monoscript/fileName/GoSpline.cs: 8039f73cfdc174dc6ffa15343c307f29 -> 
  custom:scripting/monoscript/fileName/GoTweenFlow.cs: ce7a11a1fb9e8397b83cab3847ba7970 -> 
  custom:scripting/monoscript/fileName/GoEaseQuartic.cs: d34853ce84f33fe9033901002d4ff793 -> 
  custom:framework-win-MediaFoundation: 216162199b28c13a410421893ffa2e32 -> 
  custom:scripting/monoscript/fileName/GoEaseBounce.cs: e71b365170d63025c159c4756b1910b2 -> 
  custom:scripting/monoscript/fileName/GoSplineQuadraticBezierSolver.cs: 44dee8c5fd496e5eb749f54d83d1397e -> 
  custom:scripting/monoscript/fileName/GoEaseQuadratic.cs: e3ed230c2d29b99c6f642587e4ad0e5d -> 
  custom:scripting/monoscript/fileName/MaterialColorTweenProperty.cs: f6d4ed9537ac95d7564838fa4e660e7d -> 
  custom:scripting/monoscript/fileName/GoEaseCircular.cs: 84a2009340e8431314db7056edf1bd68 -> 
  custom:scripting/monoscript/fileName/PositionPathTweenProperty.cs: efde40660de14fd7cd1ede2fa47e9837 -> 
  custom:video-encoder-webm-vp8: eb34c28f22e8b96e1ab97ce403110664 -> 
  custom:scripting/monoscript/fileName/FloatTweenProperty.cs: 48aea3a8bbe79ca6e0baa81dc186bdfd -> 
  custom:scripting/monoscript/fileName/GoTweenChain.cs: f9995827e6ddafabc43c1b0e0dcfd886 -> 
  custom:scripting/monoscript/fileName/GoTweenCollectionConfig.cs: 37c99bdc8dc674650bd69bc44bb2e57b -> 
  custom:audio-decoder-ogg-vorbis: bf7c407c2cedff20999df2af8eb42d56 -> 
  custom:scripting/monoscript/fileName/AbstractQuaternionTweenProperty.cs: 65ceda31db804ab1e0e34f0e48afa285 -> 
  custom:scripting/monoscript/fileName/AbstractColorTweenProperty.cs: bba0da230ed56fc0a25af92f6a3e377e -> 
  custom:scripting/monoscript/fileName/AbstractVector3TweenProperty.cs: 6aa4defef7531529f4ddc1516936e2e3 -> 
  custom:CustomObjectIndexerAttribute: 9a22284fe3817be447336de3de66b15e -> 
  custom:scripting/monoscript/fileName/Vector4TweenProperty.cs: 18bb73739ede80588b5bfadcee873907 -> 
  custom:scripting/monoscript/fileName/GoEaseBack.cs: 3f6e00793ada35f633abc2146480990e -> 
  custom:container-demuxer-webm: 4f35f7cbe854078d1ac9338744f61a02 -> 
  custom:scripting/monoscript/fileName/GoTweenConfig.cs: 5b3154c82824c20addf84e8652f51cfe -> 
  custom:scripting/monoscript/fileName/RotationQuaternionTweenProperty.cs: e0d94af0c913b0be4cd670833a2cda91 -> 
  custom:scripting/monoscript/fileName/GoTweenUtils.cs: 867d37edf69335bc6e54784197f28064 -> 
  custom:scripting/monoscript/fileName/GoSplineCubicBezierSolver.cs: 6d81419c64f7c334f4359254f1cbade0 -> 
  custom:audio-encoder-webm-vorbis: bf7c407c2cedff20999df2af8eb42d56 -> 
  custom:scripting/monoscript/fileName/ScalePathTweenProperty.cs: 816c1a788eca415c60d1b7e87fb103fe -> 
  custom:scripting/monoscript/fileName/GoEaseElastic.cs: f0cafb366ac4251d5c35fe413d3f62f6 -> 
  custom:scripting/monoscript/fileName/GoDummyPath.cs: a21201ab2fac2187e4faeaf08bb4ec90 -> 
  custom:scripting/monoscript/fileName/PositionTweenProperty.cs: e367a96b2cbc0b819bff5d0620f4b258 -> 
  custom:scripting/monoscript/fileName/Vector3TweenProperty.cs: 8e9f9d7bb7b15068d97f4d593f097c86 -> 
  custom:scripting/monoscript/fileName/AbstractGoTween.cs: 3bdc69e313ad58745cd33c4b74e6a709 -> 
  custom:scripting/monoscript/fileName/GoSplineStraightLineSolver.cs: b6a3907f2ead3ba9ac17ad3fdd121ec9 -> 
  custom:scripting/monoscript/fileName/AbstractGoTweenCollection.cs: 61d9f5f358696a7942516ed78ffe7e98 -> 
  custom:scripting/monoscript/fileName/Vector3PathTweenProperty.cs: 94848aa2e96060cfeaf83844ee158f0c -> 
  custom:scripting/monoscript/fileName/Vector3ZTweenProperty.cs: 35595634a87246c4e13691b1563178c5 -> 
  custom:scripting/monoscript/fileName/AbstractTweenProperty.cs: c71b2ece20cb4e1e30772e574c806625 -> 
  custom:container-muxer-webm: aa71ff27fc2769a1b78a27578f13a17b -> 
  custom:scripting/monoscript/fileName/AbstractGoSplineSolver.cs: 788a6b8052af6ee0371d3a464e692d1b -> 
  custom:scripting/monoscript/fileName/GoTween.cs: 4df5a8b9fefcbd8a2b5d6fe6223ee62f -> 
  custom:scripting/monoscript/fileName/RotationTweenProperty.cs: 13e7fbd741208cd89873755249a873a9 -> 
========================================================================
Received Prepare
Begin MonoManager ReloadAssembly
- Loaded All Assemblies, in  0.315 seconds
Refreshing native plugins compatible for Editor in 1.07 ms, found 1 plugins.
Native extension for WindowsStandalone target not found
Native extension for Android target not found
Mono: successfully reloaded assembly
- Finished resetting the current domain, in  0.437 seconds
Domain Reload Profiling: 752ms
	BeginReloadAssembly (117ms)
		ExecutionOrderSort (0ms)
		DisableScriptedObjects (6ms)
		BackupInstance (0ms)
		ReleaseScriptingObjects (0ms)
		CreateAndSetChildDomain (21ms)
	RebuildCommonClasses (34ms)
	RebuildNativeTypeToScriptingClass (10ms)
	initialDomainReloadingComplete (23ms)
	LoadAllAssembliesAndSetupDomain (130ms)
		LoadAssemblies (183ms)
		RebuildTransferFunctionScriptingTraits (0ms)
		AnalyzeDomain (13ms)
			TypeCache.Refresh (6ms)
				TypeCache.ScanAssembly (0ms)
			ScanForSourceGeneratedMonoScriptInfo (2ms)
			ResolveRequiredComponents (4ms)
	FinalizeReload (437ms)
		ReleaseScriptCaches (0ms)
		RebuildScriptCaches (0ms)
		SetupLoadedEditorAssemblies (198ms)
			LogAssemblyErrors (0ms)
			InitializePlatformSupportModulesInManaged (23ms)
			SetLoadedEditorAssemblies (2ms)
			RefreshPlugins (0ms)
			BeforeProcessingInitializeOnLoad (37ms)
			ProcessInitializeOnLoadAttributes (118ms)
			ProcessInitializeOnLoadMethodAttributes (16ms)
			AfterProcessingInitializeOnLoad (2ms)
			EditorAssembliesLoaded (0ms)
		ExecutionOrderSort2 (0ms)
		AwakeInstancesAfterBackupRestoration (6ms)
Refreshing native plugins compatible for Editor in 1.15 ms, found 1 plugins.
Preloading 0 native plugins for Editor in 0.00 ms.
Unloading 2332 Unused Serialized files (Serialized files now loaded: 0)
Unloading 33 unused Assets / (0.7 MB). Loaded Objects now: 2884.
Memory consumption went from 108.9 MB to 108.3 MB.
Total: 3.457700 ms (FindLiveObjects: 0.151200 ms CreateObjectMapping: 0.189900 ms MarkObjects: 2.635000 ms  DeleteObjects: 0.480600 ms)

Prepare: number of updated asset objects reloaded= 0
AssetImportParameters requested are different than current active one (requested -> active):
  custom:scripting/monoscript/fileName/GoSmoothedVector3.cs: 3a6ceb396859da913cbecdd1940e0aa2 -> 
  custom:scripting/monoscript/fileName/EulerAnglesTweenProperty.cs: 7a2321a8c63f28c3857aa33414a11270 -> 
  custom:video-decoder-webm-vp8: 9c59270c3fd7afecdb556c50c9e8de78 -> 
  custom:scripting/monoscript/fileName/IGenericProperty.cs: f404e27010d8ce1a25f7cc2ac06431ac -> 
  custom:scripting/monoscript/fileName/GoEaseSinusoidal.cs: e637d6b7456e2acd06dfd152f10b71d1 -> 
  custom:scripting/monoscript/fileName/GoSplineCatmullRomSolver.cs: 8bbd4e9dc2722b25540d14d500b88879 -> 
  custom:scripting/monoscript/fileName/IntTweenProperty.cs: 1f39418055dd7708ff3b9e75a86d93a1 -> 
  custom:scripting/monoscript/fileName/Vector3YTweenProperty.cs: 2b996e9222bddad772657bb084e9da48 -> 
  custom:scripting/monoscript/fileName/GoEaseQuintic.cs: 672086238d051af0856016e64ad97204 -> 
  custom:scripting/monoscript/fileName/GoEaseCubic.cs: 7d74fd43480e52f793e3086826193b77 -> 
  custom:SearchIndexIgnoredProperties: e643bd26f0fe6173181afceb89e7c659 -> 
  custom:scripting/monoscript/fileName/GoSmoothedQuaternion.cs: 92de95a3ce149743e526859a8d0255c5 -> 
  custom:container-demuxer-ogg: 62fdf1f143b41e24485cea50d1cbac27 -> 
  custom:AudioImporter_EditorPlatform: d09bf68614088b80899f8185d706f6e7 -> 
  custom:scripting/monoscript/fileName/ShakeTweenProperty.cs: fdb713005206085d3b49cdd6b2d15f80 -> 
  custom:scripting/monoscript/fileName/Vector2TweenProperty.cs: d7a25a544d56d947d9526019347f1f6e -> 
  custom:scripting/monoscript/fileName/GoKitTweenExtensions.cs: 28ee7421c4d34eb9c057646838e28859 -> 
  custom:scripting/monoscript/fileName/Vector3XTweenProperty.cs: 9592582ea2f541a8cf92ba7dd7dd85f2 -> 
  custom:scripting/monoscript/fileName/Go.cs: 840adb47e0f4be71eeea7168442feb7d -> 
  custom:scripting/monoscript/fileName/ColorTweenProperty.cs: 94ba4bee52d153d3fd58a82d4cf8ce0c -> 
  custom:scripting/monoscript/fileName/GoEaseLinear.cs: b690756fd76817f101a31dcd50ae4adc -> 
  custom:scripting/monoscript/fileName/GoEaseExponential.cs: 8f890ce1f0130e8014d1a219fa0d7904 -> 
  custom:scripting/monoscript/fileName/ScaleTweenProperty.cs: 068e501b322923caa36166fe86d472e5 -> 
  custom:video-decoder-ogg-theora: a1e56fd34408186e4bbccfd4996cb3dc -> 
  custom:scripting/monoscript/fileName/GoSpline.cs: 8039f73cfdc174dc6ffa15343c307f29 -> 
  custom:scripting/monoscript/fileName/GoTweenFlow.cs: ce7a11a1fb9e8397b83cab3847ba7970 -> 
  custom:scripting/monoscript/fileName/GoEaseQuartic.cs: d34853ce84f33fe9033901002d4ff793 -> 
  custom:framework-win-MediaFoundation: 216162199b28c13a410421893ffa2e32 -> 
  custom:scripting/monoscript/fileName/GoEaseBounce.cs: e71b365170d63025c159c4756b1910b2 -> 
  custom:scripting/monoscript/fileName/GoSplineQuadraticBezierSolver.cs: 44dee8c5fd496e5eb749f54d83d1397e -> 
  custom:scripting/monoscript/fileName/GoEaseQuadratic.cs: e3ed230c2d29b99c6f642587e4ad0e5d -> 
  custom:scripting/monoscript/fileName/MaterialColorTweenProperty.cs: f6d4ed9537ac95d7564838fa4e660e7d -> 
  custom:scripting/monoscript/fileName/GoEaseCircular.cs: 84a2009340e8431314db7056edf1bd68 -> 
  custom:scripting/monoscript/fileName/PositionPathTweenProperty.cs: efde40660de14fd7cd1ede2fa47e9837 -> 
  custom:video-encoder-webm-vp8: eb34c28f22e8b96e1ab97ce403110664 -> 
  custom:scripting/monoscript/fileName/FloatTweenProperty.cs: 48aea3a8bbe79ca6e0baa81dc186bdfd -> 
  custom:scripting/monoscript/fileName/GoTweenChain.cs: f9995827e6ddafabc43c1b0e0dcfd886 -> 
  custom:scripting/monoscript/fileName/GoTweenCollectionConfig.cs: 37c99bdc8dc674650bd69bc44bb2e57b -> 
  custom:audio-decoder-ogg-vorbis: bf7c407c2cedff20999df2af8eb42d56 -> 
  custom:scripting/monoscript/fileName/AbstractQuaternionTweenProperty.cs: 65ceda31db804ab1e0e34f0e48afa285 -> 
  custom:scripting/monoscript/fileName/AbstractColorTweenProperty.cs: bba0da230ed56fc0a25af92f6a3e377e -> 
  custom:scripting/monoscript/fileName/AbstractVector3TweenProperty.cs: 6aa4defef7531529f4ddc1516936e2e3 -> 
  custom:CustomObjectIndexerAttribute: 9a22284fe3817be447336de3de66b15e -> 
  custom:scripting/monoscript/fileName/Vector4TweenProperty.cs: 18bb73739ede80588b5bfadcee873907 -> 
  custom:scripting/monoscript/fileName/GoEaseBack.cs: 3f6e00793ada35f633abc2146480990e -> 
  custom:container-demuxer-webm: 4f35f7cbe854078d1ac9338744f61a02 -> 
  custom:scripting/monoscript/fileName/GoTweenConfig.cs: 5b3154c82824c20addf84e8652f51cfe -> 
  custom:scripting/monoscript/fileName/RotationQuaternionTweenProperty.cs: e0d94af0c913b0be4cd670833a2cda91 -> 
  custom:scripting/monoscript/fileName/GoTweenUtils.cs: 867d37edf69335bc6e54784197f28064 -> 
  custom:scripting/monoscript/fileName/GoSplineCubicBezierSolver.cs: 6d81419c64f7c334f4359254f1cbade0 -> 
  custom:audio-encoder-webm-vorbis: bf7c407c2cedff20999df2af8eb42d56 -> 
  custom:scripting/monoscript/fileName/ScalePathTweenProperty.cs: 816c1a788eca415c60d1b7e87fb103fe -> 
  custom:scripting/monoscript/fileName/GoEaseElastic.cs: f0cafb366ac4251d5c35fe413d3f62f6 -> 
  custom:scripting/monoscript/fileName/GoDummyPath.cs: a21201ab2fac2187e4faeaf08bb4ec90 -> 
  custom:scripting/monoscript/fileName/PositionTweenProperty.cs: e367a96b2cbc0b819bff5d0620f4b258 -> 
  custom:scripting/monoscript/fileName/Vector3TweenProperty.cs: 8e9f9d7bb7b15068d97f4d593f097c86 -> 
  custom:scripting/monoscript/fileName/AbstractGoTween.cs: 3bdc69e313ad58745cd33c4b74e6a709 -> 
  custom:scripting/monoscript/fileName/GoSplineStraightLineSolver.cs: b6a3907f2ead3ba9ac17ad3fdd121ec9 -> 
  custom:scripting/monoscript/fileName/AbstractGoTweenCollection.cs: 61d9f5f358696a7942516ed78ffe7e98 -> 
  custom:scripting/monoscript/fileName/Vector3PathTweenProperty.cs: 94848aa2e96060cfeaf83844ee158f0c -> 
  custom:scripting/monoscript/fileName/Vector3ZTweenProperty.cs: 35595634a87246c4e13691b1563178c5 -> 
  custom:scripting/monoscript/fileName/AbstractTweenProperty.cs: c71b2ece20cb4e1e30772e574c806625 -> 
  custom:container-muxer-webm: aa71ff27fc2769a1b78a27578f13a17b -> 
  custom:scripting/monoscript/fileName/AbstractGoSplineSolver.cs: 788a6b8052af6ee0371d3a464e692d1b -> 
  custom:scripting/monoscript/fileName/GoTween.cs: 4df5a8b9fefcbd8a2b5d6fe6223ee62f -> 
  custom:scripting/monoscript/fileName/RotationTweenProperty.cs: 13e7fbd741208cd89873755249a873a9 -> 
========================================================================
Received Import Request.
  Time since last request: 442.994509 seconds.
  path: Assets/Prefabs/Armor.prefab
  artifactKey: Guid(f035ced4b9e14ae45b87e74f22d1fc37) Importer(815301076,1909f56bfc062723c751e8b465ee728b)
Start importing Assets/Prefabs/Armor.prefab using Guid(f035ced4b9e14ae45b87e74f22d1fc37) Importer(815301076,1909f56bfc062723c751e8b465ee728b)  -> (artifact id: '8937624d379028544dcada65b7bf3bf5') in 0.098339 seconds
Number of updated asset objects reloaded before import = 0
Number of asset objects unloaded after import = 22
========================================================================
Received Import Request.
  Time since last request: 0.000027 seconds.
  path: Assets/Prefabs/Attack.prefab
  artifactKey: Guid(b70e5b7f61cc529439c8efdc6d72dab9) Importer(815301076,1909f56bfc062723c751e8b465ee728b)
Start importing Assets/Prefabs/Attack.prefab using Guid(b70e5b7f61cc529439c8efdc6d72dab9) Importer(815301076,1909f56bfc062723c751e8b465ee728b)  -> (artifact id: '64190e81fece0fa82c26d7e529ead9d4') in 0.025370 seconds
Number of updated asset objects reloaded before import = 0
Number of asset objects unloaded after import = 22
========================================================================
Received Import Request.
  Time since last request: 24.782226 seconds.
  path: Assets/Prefabs/Armor.prefab
  artifactKey: Guid(f035ced4b9e14ae45b87e74f22d1fc37) Importer(815301076,1909f56bfc062723c751e8b465ee728b)
Start importing Assets/Prefabs/Armor.prefab using Guid(f035ced4b9e14ae45b87e74f22d1fc37) Importer(815301076,1909f56bfc062723c751e8b465ee728b)  -> (artifact id: 'fd159a1f3c060216d9eb5091574d92fd') in 0.040423 seconds
Number of updated asset objects reloaded before import = 0
Number of asset objects unloaded after import = 22
========================================================================
Received Import Request.
  Time since last request: 0.000014 seconds.
  path: Assets/Prefabs/Mana.prefab
  artifactKey: Guid(c739f479e38193b4d9e8e5f64d6fe48d) Importer(815301076,1909f56bfc062723c751e8b465ee728b)
Start importing Assets/Prefabs/Mana.prefab using Guid(c739f479e38193b4d9e8e5f64d6fe48d) Importer(815301076,1909f56bfc062723c751e8b465ee728b)  -> (artifact id: 'f20bc029a39af63d0fa74bb25f521dc5') in 0.020014 seconds
Number of updated asset objects reloaded before import = 0
Number of asset objects unloaded after import = 22
========================================================================
Received Prepare
Begin MonoManager ReloadAssembly
- Loaded All Assemblies, in  0.303 seconds
Refreshing native plugins compatible for Editor in 1.05 ms, found 1 plugins.
Native extension for WindowsStandalone target not found
Native extension for Android target not found
Mono: successfully reloaded assembly
- Finished resetting the current domain, in  0.383 seconds
Domain Reload Profiling: 686ms
	BeginReloadAssembly (121ms)
		ExecutionOrderSort (0ms)
		DisableScriptedObjects (3ms)
		BackupInstance (0ms)
		ReleaseScriptingObjects (0ms)
		CreateAndSetChildDomain (22ms)
	RebuildCommonClasses (36ms)
	RebuildNativeTypeToScriptingClass (8ms)
	initialDomainReloadingComplete (17ms)
	LoadAllAssembliesAndSetupDomain (120ms)
		LoadAssemblies (183ms)
		RebuildTransferFunctionScriptingTraits (0ms)
		AnalyzeDomain (9ms)
			TypeCache.Refresh (4ms)
				TypeCache.ScanAssembly (0ms)
			ScanForSourceGeneratedMonoScriptInfo (0ms)
			ResolveRequiredComponents (4ms)
	FinalizeReload (383ms)
		ReleaseScriptCaches (0ms)
		RebuildScriptCaches (0ms)
		SetupLoadedEditorAssemblies (191ms)
			LogAssemblyErrors (0ms)
			InitializePlatformSupportModulesInManaged (16ms)
			SetLoadedEditorAssemblies (2ms)
			RefreshPlugins (0ms)
			BeforeProcessingInitializeOnLoad (33ms)
			ProcessInitializeOnLoadAttributes (119ms)
			ProcessInitializeOnLoadMethodAttributes (18ms)
			AfterProcessingInitializeOnLoad (2ms)
			EditorAssembliesLoaded (0ms)
		ExecutionOrderSort2 (0ms)
		AwakeInstancesAfterBackupRestoration (5ms)
Refreshing native plugins compatible for Editor in 1.03 ms, found 1 plugins.
Preloading 0 native plugins for Editor in 0.00 ms.
Unloading 2331 Unused Serialized files (Serialized files now loaded: 0)
Unloading 33 unused Assets / (0.7 MB). Loaded Objects now: 2887.
Memory consumption went from 108.7 MB to 108.0 MB.
Total: 2.183800 ms (FindLiveObjects: 0.164700 ms CreateObjectMapping: 0.057500 ms MarkObjects: 1.684100 ms  DeleteObjects: 0.275900 ms)

Prepare: number of updated asset objects reloaded= 0
AssetImportParameters requested are different than current active one (requested -> active):
  custom:scripting/monoscript/fileName/GoSmoothedVector3.cs: 3a6ceb396859da913cbecdd1940e0aa2 -> 
  custom:scripting/monoscript/fileName/EulerAnglesTweenProperty.cs: 7a2321a8c63f28c3857aa33414a11270 -> 
  custom:video-decoder-webm-vp8: 9c59270c3fd7afecdb556c50c9e8de78 -> 
  custom:scripting/monoscript/fileName/IGenericProperty.cs: f404e27010d8ce1a25f7cc2ac06431ac -> 
  custom:scripting/monoscript/fileName/GoEaseSinusoidal.cs: e637d6b7456e2acd06dfd152f10b71d1 -> 
  custom:scripting/monoscript/fileName/GoSplineCatmullRomSolver.cs: 8bbd4e9dc2722b25540d14d500b88879 -> 
  custom:scripting/monoscript/fileName/IntTweenProperty.cs: 1f39418055dd7708ff3b9e75a86d93a1 -> 
  custom:scripting/monoscript/fileName/Vector3YTweenProperty.cs: 2b996e9222bddad772657bb084e9da48 -> 
  custom:scripting/monoscript/fileName/GoEaseQuintic.cs: 672086238d051af0856016e64ad97204 -> 
  custom:scripting/monoscript/fileName/GoEaseCubic.cs: 7d74fd43480e52f793e3086826193b77 -> 
  custom:SearchIndexIgnoredProperties: e643bd26f0fe6173181afceb89e7c659 -> 
  custom:scripting/monoscript/fileName/GoSmoothedQuaternion.cs: 92de95a3ce149743e526859a8d0255c5 -> 
  custom:container-demuxer-ogg: 62fdf1f143b41e24485cea50d1cbac27 -> 
  custom:AudioImporter_EditorPlatform: d09bf68614088b80899f8185d706f6e7 -> 
  custom:scripting/monoscript/fileName/ShakeTweenProperty.cs: fdb713005206085d3b49cdd6b2d15f80 -> 
  custom:scripting/monoscript/fileName/Vector2TweenProperty.cs: d7a25a544d56d947d9526019347f1f6e -> 
  custom:scripting/monoscript/fileName/GoKitTweenExtensions.cs: 28ee7421c4d34eb9c057646838e28859 -> 
  custom:scripting/monoscript/fileName/Vector3XTweenProperty.cs: 9592582ea2f541a8cf92ba7dd7dd85f2 -> 
  custom:scripting/monoscript/fileName/Go.cs: 840adb47e0f4be71eeea7168442feb7d -> 
  custom:scripting/monoscript/fileName/ColorTweenProperty.cs: 94ba4bee52d153d3fd58a82d4cf8ce0c -> 
  custom:scripting/monoscript/fileName/GoEaseLinear.cs: b690756fd76817f101a31dcd50ae4adc -> 
  custom:scripting/monoscript/fileName/GoEaseExponential.cs: 8f890ce1f0130e8014d1a219fa0d7904 -> 
  custom:scripting/monoscript/fileName/ScaleTweenProperty.cs: 068e501b322923caa36166fe86d472e5 -> 
  custom:video-decoder-ogg-theora: a1e56fd34408186e4bbccfd4996cb3dc -> 
  custom:scripting/monoscript/fileName/GoSpline.cs: 8039f73cfdc174dc6ffa15343c307f29 -> 
  custom:scripting/monoscript/fileName/GoTweenFlow.cs: ce7a11a1fb9e8397b83cab3847ba7970 -> 
  custom:scripting/monoscript/fileName/GoEaseQuartic.cs: d34853ce84f33fe9033901002d4ff793 -> 
  custom:framework-win-MediaFoundation: 216162199b28c13a410421893ffa2e32 -> 
  custom:scripting/monoscript/fileName/GoEaseBounce.cs: e71b365170d63025c159c4756b1910b2 -> 
  custom:scripting/monoscript/fileName/GoSplineQuadraticBezierSolver.cs: 44dee8c5fd496e5eb749f54d83d1397e -> 
  custom:scripting/monoscript/fileName/GoEaseQuadratic.cs: e3ed230c2d29b99c6f642587e4ad0e5d -> 
  custom:scripting/monoscript/fileName/MaterialColorTweenProperty.cs: f6d4ed9537ac95d7564838fa4e660e7d -> 
  custom:scripting/monoscript/fileName/GoEaseCircular.cs: 84a2009340e8431314db7056edf1bd68 -> 
  custom:scripting/monoscript/fileName/PositionPathTweenProperty.cs: efde40660de14fd7cd1ede2fa47e9837 -> 
  custom:video-encoder-webm-vp8: eb34c28f22e8b96e1ab97ce403110664 -> 
  custom:scripting/monoscript/fileName/FloatTweenProperty.cs: 48aea3a8bbe79ca6e0baa81dc186bdfd -> 
  custom:scripting/monoscript/fileName/GoTweenChain.cs: f9995827e6ddafabc43c1b0e0dcfd886 -> 
  custom:scripting/monoscript/fileName/GoTweenCollectionConfig.cs: 37c99bdc8dc674650bd69bc44bb2e57b -> 
  custom:audio-decoder-ogg-vorbis: bf7c407c2cedff20999df2af8eb42d56 -> 
  custom:scripting/monoscript/fileName/AbstractQuaternionTweenProperty.cs: 65ceda31db804ab1e0e34f0e48afa285 -> 
  custom:scripting/monoscript/fileName/AbstractColorTweenProperty.cs: bba0da230ed56fc0a25af92f6a3e377e -> 
  custom:scripting/monoscript/fileName/AbstractVector3TweenProperty.cs: 6aa4defef7531529f4ddc1516936e2e3 -> 
  custom:CustomObjectIndexerAttribute: 9a22284fe3817be447336de3de66b15e -> 
  custom:scripting/monoscript/fileName/Vector4TweenProperty.cs: 18bb73739ede80588b5bfadcee873907 -> 
  custom:scripting/monoscript/fileName/GoEaseBack.cs: 3f6e00793ada35f633abc2146480990e -> 
  custom:container-demuxer-webm: 4f35f7cbe854078d1ac9338744f61a02 -> 
  custom:scripting/monoscript/fileName/GoTweenConfig.cs: 5b3154c82824c20addf84e8652f51cfe -> 
  custom:scripting/monoscript/fileName/RotationQuaternionTweenProperty.cs: e0d94af0c913b0be4cd670833a2cda91 -> 
  custom:scripting/monoscript/fileName/GoTweenUtils.cs: 867d37edf69335bc6e54784197f28064 -> 
  custom:scripting/monoscript/fileName/GoSplineCubicBezierSolver.cs: 6d81419c64f7c334f4359254f1cbade0 -> 
  custom:audio-encoder-webm-vorbis: bf7c407c2cedff20999df2af8eb42d56 -> 
  custom:scripting/monoscript/fileName/ScalePathTweenProperty.cs: 816c1a788eca415c60d1b7e87fb103fe -> 
  custom:scripting/monoscript/fileName/GoEaseElastic.cs: f0cafb366ac4251d5c35fe413d3f62f6 -> 
  custom:scripting/monoscript/fileName/GoDummyPath.cs: a21201ab2fac2187e4faeaf08bb4ec90 -> 
  custom:scripting/monoscript/fileName/PositionTweenProperty.cs: e367a96b2cbc0b819bff5d0620f4b258 -> 
  custom:scripting/monoscript/fileName/Vector3TweenProperty.cs: 8e9f9d7bb7b15068d97f4d593f097c86 -> 
  custom:scripting/monoscript/fileName/AbstractGoTween.cs: 3bdc69e313ad58745cd33c4b74e6a709 -> 
  custom:scripting/monoscript/fileName/GoSplineStraightLineSolver.cs: b6a3907f2ead3ba9ac17ad3fdd121ec9 -> 
  custom:scripting/monoscript/fileName/AbstractGoTweenCollection.cs: 61d9f5f358696a7942516ed78ffe7e98 -> 
  custom:scripting/monoscript/fileName/Vector3PathTweenProperty.cs: 94848aa2e96060cfeaf83844ee158f0c -> 
  custom:scripting/monoscript/fileName/Vector3ZTweenProperty.cs: 35595634a87246c4e13691b1563178c5 -> 
  custom:scripting/monoscript/fileName/AbstractTweenProperty.cs: c71b2ece20cb4e1e30772e574c806625 -> 
  custom:container-muxer-webm: aa71ff27fc2769a1b78a27578f13a17b -> 
  custom:scripting/monoscript/fileName/AbstractGoSplineSolver.cs: 788a6b8052af6ee0371d3a464e692d1b -> 
  custom:scripting/monoscript/fileName/GoTween.cs: 4df5a8b9fefcbd8a2b5d6fe6223ee62f -> 
  custom:scripting/monoscript/fileName/RotationTweenProperty.cs: 13e7fbd741208cd89873755249a873a9 -> 
========================================================================
Received Prepare
Begin MonoManager ReloadAssembly
- Loaded All Assemblies, in  0.300 seconds
Refreshing native plugins compatible for Editor in 1.51 ms, found 1 plugins.
Native extension for WindowsStandalone target not found
Native extension for Android target not found
Mono: successfully reloaded assembly
- Finished resetting the current domain, in  0.381 seconds
Domain Reload Profiling: 681ms
	BeginReloadAssembly (113ms)
		ExecutionOrderSort (0ms)
		DisableScriptedObjects (4ms)
		BackupInstance (0ms)
		ReleaseScriptingObjects (0ms)
		CreateAndSetChildDomain (21ms)
	RebuildCommonClasses (31ms)
	RebuildNativeTypeToScriptingClass (14ms)
	initialDomainReloadingComplete (18ms)
	LoadAllAssembliesAndSetupDomain (125ms)
		LoadAssemblies (177ms)
		RebuildTransferFunctionScriptingTraits (0ms)
		AnalyzeDomain (11ms)
			TypeCache.Refresh (4ms)
				TypeCache.ScanAssembly (0ms)
			ScanForSourceGeneratedMonoScriptInfo (0ms)
			ResolveRequiredComponents (6ms)
	FinalizeReload (381ms)
		ReleaseScriptCaches (0ms)
		RebuildScriptCaches (0ms)
		SetupLoadedEditorAssemblies (182ms)
			LogAssemblyErrors (0ms)
			InitializePlatformSupportModulesInManaged (16ms)
			SetLoadedEditorAssemblies (2ms)
			RefreshPlugins (0ms)
			BeforeProcessingInitializeOnLoad (34ms)
			ProcessInitializeOnLoadAttributes (114ms)
			ProcessInitializeOnLoadMethodAttributes (15ms)
			AfterProcessingInitializeOnLoad (2ms)
			EditorAssembliesLoaded (0ms)
		ExecutionOrderSort2 (0ms)
		AwakeInstancesAfterBackupRestoration (5ms)
Refreshing native plugins compatible for Editor in 1.28 ms, found 1 plugins.
Preloading 0 native plugins for Editor in 0.00 ms.
Unloading 2332 Unused Serialized files (Serialized files now loaded: 0)
Unloading 33 unused Assets / (0.7 MB). Loaded Objects now: 2890.
Memory consumption went from 108.9 MB to 108.2 MB.
Total: 2.140900 ms (FindLiveObjects: 0.208400 ms CreateObjectMapping: 0.106000 ms MarkObjects: 1.563400 ms  DeleteObjects: 0.262300 ms)

Prepare: number of updated asset objects reloaded= 0
AssetImportParameters requested are different than current active one (requested -> active):
  custom:scripting/monoscript/fileName/GoSmoothedVector3.cs: 3a6ceb396859da913cbecdd1940e0aa2 -> 
  custom:scripting/monoscript/fileName/EulerAnglesTweenProperty.cs: 7a2321a8c63f28c3857aa33414a11270 -> 
  custom:video-decoder-webm-vp8: 9c59270c3fd7afecdb556c50c9e8de78 -> 
  custom:scripting/monoscript/fileName/IGenericProperty.cs: f404e27010d8ce1a25f7cc2ac06431ac -> 
  custom:scripting/monoscript/fileName/GoEaseSinusoidal.cs: e637d6b7456e2acd06dfd152f10b71d1 -> 
  custom:scripting/monoscript/fileName/GoSplineCatmullRomSolver.cs: 8bbd4e9dc2722b25540d14d500b88879 -> 
  custom:scripting/monoscript/fileName/IntTweenProperty.cs: 1f39418055dd7708ff3b9e75a86d93a1 -> 
  custom:scripting/monoscript/fileName/Vector3YTweenProperty.cs: 2b996e9222bddad772657bb084e9da48 -> 
  custom:scripting/monoscript/fileName/GoEaseQuintic.cs: 672086238d051af0856016e64ad97204 -> 
  custom:scripting/monoscript/fileName/GoEaseCubic.cs: 7d74fd43480e52f793e3086826193b77 -> 
  custom:SearchIndexIgnoredProperties: e643bd26f0fe6173181afceb89e7c659 -> 
  custom:scripting/monoscript/fileName/GoSmoothedQuaternion.cs: 92de95a3ce149743e526859a8d0255c5 -> 
  custom:container-demuxer-ogg: 62fdf1f143b41e24485cea50d1cbac27 -> 
  custom:AudioImporter_EditorPlatform: d09bf68614088b80899f8185d706f6e7 -> 
  custom:scripting/monoscript/fileName/ShakeTweenProperty.cs: fdb713005206085d3b49cdd6b2d15f80 -> 
  custom:scripting/monoscript/fileName/Vector2TweenProperty.cs: d7a25a544d56d947d9526019347f1f6e -> 
  custom:scripting/monoscript/fileName/GoKitTweenExtensions.cs: 28ee7421c4d34eb9c057646838e28859 -> 
  custom:scripting/monoscript/fileName/Vector3XTweenProperty.cs: 9592582ea2f541a8cf92ba7dd7dd85f2 -> 
  custom:scripting/monoscript/fileName/Go.cs: 840adb47e0f4be71eeea7168442feb7d -> 
  custom:scripting/monoscript/fileName/ColorTweenProperty.cs: 94ba4bee52d153d3fd58a82d4cf8ce0c -> 
  custom:scripting/monoscript/fileName/GoEaseLinear.cs: b690756fd76817f101a31dcd50ae4adc -> 
  custom:scripting/monoscript/fileName/GoEaseExponential.cs: 8f890ce1f0130e8014d1a219fa0d7904 -> 
  custom:scripting/monoscript/fileName/ScaleTweenProperty.cs: 068e501b322923caa36166fe86d472e5 -> 
  custom:video-decoder-ogg-theora: a1e56fd34408186e4bbccfd4996cb3dc -> 
  custom:scripting/monoscript/fileName/GoSpline.cs: 8039f73cfdc174dc6ffa15343c307f29 -> 
  custom:scripting/monoscript/fileName/GoTweenFlow.cs: ce7a11a1fb9e8397b83cab3847ba7970 -> 
  custom:scripting/monoscript/fileName/GoEaseQuartic.cs: d34853ce84f33fe9033901002d4ff793 -> 
  custom:framework-win-MediaFoundation: 216162199b28c13a410421893ffa2e32 -> 
  custom:scripting/monoscript/fileName/GoEaseBounce.cs: e71b365170d63025c159c4756b1910b2 -> 
  custom:scripting/monoscript/fileName/GoSplineQuadraticBezierSolver.cs: 44dee8c5fd496e5eb749f54d83d1397e -> 
  custom:scripting/monoscript/fileName/GoEaseQuadratic.cs: e3ed230c2d29b99c6f642587e4ad0e5d -> 
  custom:scripting/monoscript/fileName/MaterialColorTweenProperty.cs: f6d4ed9537ac95d7564838fa4e660e7d -> 
  custom:scripting/monoscript/fileName/GoEaseCircular.cs: 84a2009340e8431314db7056edf1bd68 -> 
  custom:scripting/monoscript/fileName/PositionPathTweenProperty.cs: efde40660de14fd7cd1ede2fa47e9837 -> 
  custom:video-encoder-webm-vp8: eb34c28f22e8b96e1ab97ce403110664 -> 
  custom:scripting/monoscript/fileName/FloatTweenProperty.cs: 48aea3a8bbe79ca6e0baa81dc186bdfd -> 
  custom:scripting/monoscript/fileName/GoTweenChain.cs: f9995827e6ddafabc43c1b0e0dcfd886 -> 
  custom:scripting/monoscript/fileName/GoTweenCollectionConfig.cs: 37c99bdc8dc674650bd69bc44bb2e57b -> 
  custom:audio-decoder-ogg-vorbis: bf7c407c2cedff20999df2af8eb42d56 -> 
  custom:scripting/monoscript/fileName/AbstractQuaternionTweenProperty.cs: 65ceda31db804ab1e0e34f0e48afa285 -> 
  custom:scripting/monoscript/fileName/AbstractColorTweenProperty.cs: bba0da230ed56fc0a25af92f6a3e377e -> 
  custom:scripting/monoscript/fileName/AbstractVector3TweenProperty.cs: 6aa4defef7531529f4ddc1516936e2e3 -> 
  custom:CustomObjectIndexerAttribute: 9a22284fe3817be447336de3de66b15e -> 
  custom:scripting/monoscript/fileName/Vector4TweenProperty.cs: 18bb73739ede80588b5bfadcee873907 -> 
  custom:scripting/monoscript/fileName/GoEaseBack.cs: 3f6e00793ada35f633abc2146480990e -> 
  custom:container-demuxer-webm: 4f35f7cbe854078d1ac9338744f61a02 -> 
  custom:scripting/monoscript/fileName/GoTweenConfig.cs: 5b3154c82824c20addf84e8652f51cfe -> 
  custom:scripting/monoscript/fileName/RotationQuaternionTweenProperty.cs: e0d94af0c913b0be4cd670833a2cda91 -> 
  custom:scripting/monoscript/fileName/GoTweenUtils.cs: 867d37edf69335bc6e54784197f28064 -> 
  custom:scripting/monoscript/fileName/GoSplineCubicBezierSolver.cs: 6d81419c64f7c334f4359254f1cbade0 -> 
  custom:audio-encoder-webm-vorbis: bf7c407c2cedff20999df2af8eb42d56 -> 
  custom:scripting/monoscript/fileName/ScalePathTweenProperty.cs: 816c1a788eca415c60d1b7e87fb103fe -> 
  custom:scripting/monoscript/fileName/GoEaseElastic.cs: f0cafb366ac4251d5c35fe413d3f62f6 -> 
  custom:scripting/monoscript/fileName/GoDummyPath.cs: a21201ab2fac2187e4faeaf08bb4ec90 -> 
  custom:scripting/monoscript/fileName/PositionTweenProperty.cs: e367a96b2cbc0b819bff5d0620f4b258 -> 
  custom:scripting/monoscript/fileName/Vector3TweenProperty.cs: 8e9f9d7bb7b15068d97f4d593f097c86 -> 
  custom:scripting/monoscript/fileName/AbstractGoTween.cs: 3bdc69e313ad58745cd33c4b74e6a709 -> 
  custom:scripting/monoscript/fileName/GoSplineStraightLineSolver.cs: b6a3907f2ead3ba9ac17ad3fdd121ec9 -> 
  custom:scripting/monoscript/fileName/AbstractGoTweenCollection.cs: 61d9f5f358696a7942516ed78ffe7e98 -> 
  custom:scripting/monoscript/fileName/Vector3PathTweenProperty.cs: 94848aa2e96060cfeaf83844ee158f0c -> 
  custom:scripting/monoscript/fileName/Vector3ZTweenProperty.cs: 35595634a87246c4e13691b1563178c5 -> 
  custom:scripting/monoscript/fileName/AbstractTweenProperty.cs: c71b2ece20cb4e1e30772e574c806625 -> 
  custom:container-muxer-webm: aa71ff27fc2769a1b78a27578f13a17b -> 
  custom:scripting/monoscript/fileName/AbstractGoSplineSolver.cs: 788a6b8052af6ee0371d3a464e692d1b -> 
  custom:scripting/monoscript/fileName/GoTween.cs: 4df5a8b9fefcbd8a2b5d6fe6223ee62f -> 
  custom:scripting/monoscript/fileName/RotationTweenProperty.cs: 13e7fbd741208cd89873755249a873a9 -> 
========================================================================
Received Import Request.
  Time since last request: 31.215213 seconds.
  path: Assets/Plugins/Demigiant/DemiLib/Core/Editor/Imgs/whiteDot_whiteBorderAlpha.png
  artifactKey: Guid(039dc89c76661c344b7776f8a47cc5a4) Importer(815301076,1909f56bfc062723c751e8b465ee728b)
Start importing Assets/Plugins/Demigiant/DemiLib/Core/Editor/Imgs/whiteDot_whiteBorderAlpha.png using Guid(039dc89c76661c344b7776f8a47cc5a4) Importer(815301076,1909f56bfc062723c751e8b465ee728b)  -> (artifact id: '6ff4267ab183a7f21e3a7f5351f0857b') in 0.044582 seconds
Number of updated asset objects reloaded before import = 0
Number of asset objects unloaded after import = 2
========================================================================
Received Import Request.
  Time since last request: 0.000019 seconds.
  path: Assets/Plugins/Demigiant/DemiLib/Core/Editor/Imgs/whiteSquare_fadeOut_bt.png
  artifactKey: Guid(a40dc0d6372a9084fb45976308087290) Importer(815301076,1909f56bfc062723c751e8b465ee728b)
Start importing Assets/Plugins/Demigiant/DemiLib/Core/Editor/Imgs/whiteSquare_fadeOut_bt.png using Guid(a40dc0d6372a9084fb45976308087290) Importer(815301076,1909f56bfc062723c751e8b465ee728b)  -> (artifact id: '04041e03c04ab63dc3d9acc037ab1b92') in 0.004372 seconds
Number of updated asset objects reloaded before import = 0
Number of asset objects unloaded after import = 2
========================================================================
Received Import Request.
  Time since last request: 0.000013 seconds.
  path: Assets/Plugins/Demigiant/DemiLib/Core/Editor/Imgs/whiteSquareAlpha15.png
  artifactKey: Guid(5510cdd48a6aaaa439c95ef5b2fe9e28) Importer(815301076,1909f56bfc062723c751e8b465ee728b)
Start importing Assets/Plugins/Demigiant/DemiLib/Core/Editor/Imgs/whiteSquareAlpha15.png using Guid(5510cdd48a6aaaa439c95ef5b2fe9e28) Importer(815301076,1909f56bfc062723c751e8b465ee728b)  -> (artifact id: 'ae7fa85c4ec3c0d6e998127206f6e888') in 0.004039 seconds
Number of updated asset objects reloaded before import = 0
Number of asset objects unloaded after import = 2
========================================================================
Received Import Request.
  Time since last request: 0.000019 seconds.
  path: Assets/Plugins/Demigiant/DemiLib/Core/Editor/Imgs/whiteSquareCurved02.png
  artifactKey: Guid(282d742ce2ddf9f458812ab84ea6fa88) Importer(815301076,1909f56bfc062723c751e8b465ee728b)
Start importing Assets/Plugins/Demigiant/DemiLib/Core/Editor/Imgs/whiteSquareCurved02.png using Guid(282d742ce2ddf9f458812ab84ea6fa88) Importer(815301076,1909f56bfc062723c751e8b465ee728b)  -> (artifact id: '9d9d127d5ed907d7da505705356b3e3e') in 0.009084 seconds
Number of updated asset objects reloaded before import = 0
Number of asset objects unloaded after import = 2
========================================================================
Received Prepare
Begin MonoManager ReloadAssembly
- Loaded All Assemblies, in  0.296 seconds
Refreshing native plugins compatible for Editor in 1.13 ms, found 1 plugins.
Native extension for WindowsStandalone target not found
Native extension for Android target not found
Mono: successfully reloaded assembly
- Finished resetting the current domain, in  0.396 seconds
Domain Reload Profiling: 692ms
	BeginReloadAssembly (110ms)
		ExecutionOrderSort (0ms)
		DisableScriptedObjects (5ms)
		BackupInstance (0ms)
		ReleaseScriptingObjects (0ms)
		CreateAndSetChildDomain (21ms)
	RebuildCommonClasses (26ms)
	RebuildNativeTypeToScriptingClass (9ms)
	initialDomainReloadingComplete (21ms)
	LoadAllAssembliesAndSetupDomain (130ms)
		LoadAssemblies (179ms)
		RebuildTransferFunctionScriptingTraits (0ms)
		AnalyzeDomain (13ms)
			TypeCache.Refresh (6ms)
				TypeCache.ScanAssembly (1ms)
			ScanForSourceGeneratedMonoScriptInfo (2ms)
			ResolveRequiredComponents (4ms)
	FinalizeReload (396ms)
		ReleaseScriptCaches (0ms)
		RebuildScriptCaches (0ms)
		SetupLoadedEditorAssemblies (182ms)
			LogAssemblyErrors (0ms)
			InitializePlatformSupportModulesInManaged (19ms)
			SetLoadedEditorAssemblies (3ms)
			RefreshPlugins (0ms)
			BeforeProcessingInitializeOnLoad (35ms)
			ProcessInitializeOnLoadAttributes (108ms)
			ProcessInitializeOnLoadMethodAttributes (16ms)
			AfterProcessingInitializeOnLoad (2ms)
			EditorAssembliesLoaded (0ms)
		ExecutionOrderSort2 (0ms)
		AwakeInstancesAfterBackupRestoration (5ms)
Refreshing native plugins compatible for Editor in 0.97 ms, found 1 plugins.
Preloading 0 native plugins for Editor in 0.00 ms.
Unloading 2331 Unused Serialized files (Serialized files now loaded: 0)
Unloading 33 unused Assets / (0.7 MB). Loaded Objects now: 2896.
Memory consumption went from 108.7 MB to 108.0 MB.
Total: 2.031800 ms (FindLiveObjects: 0.153800 ms CreateObjectMapping: 0.055700 ms MarkObjects: 1.563700 ms  DeleteObjects: 0.257800 ms)

Prepare: number of updated asset objects reloaded= 0
AssetImportParameters requested are different than current active one (requested -> active):
  custom:scripting/monoscript/fileName/GoSmoothedVector3.cs: 3a6ceb396859da913cbecdd1940e0aa2 -> 
  custom:scripting/monoscript/fileName/EulerAnglesTweenProperty.cs: 7a2321a8c63f28c3857aa33414a11270 -> 
  custom:video-decoder-webm-vp8: 9c59270c3fd7afecdb556c50c9e8de78 -> 
  custom:scripting/monoscript/fileName/IGenericProperty.cs: f404e27010d8ce1a25f7cc2ac06431ac -> 
  custom:scripting/monoscript/fileName/GoEaseSinusoidal.cs: e637d6b7456e2acd06dfd152f10b71d1 -> 
  custom:scripting/monoscript/fileName/GoSplineCatmullRomSolver.cs: 8bbd4e9dc2722b25540d14d500b88879 -> 
  custom:scripting/monoscript/fileName/IntTweenProperty.cs: 1f39418055dd7708ff3b9e75a86d93a1 -> 
  custom:scripting/monoscript/fileName/Vector3YTweenProperty.cs: 2b996e9222bddad772657bb084e9da48 -> 
  custom:scripting/monoscript/fileName/GoEaseQuintic.cs: 672086238d051af0856016e64ad97204 -> 
  custom:scripting/monoscript/fileName/GoEaseCubic.cs: 7d74fd43480e52f793e3086826193b77 -> 
  custom:SearchIndexIgnoredProperties: e643bd26f0fe6173181afceb89e7c659 -> 
  custom:scripting/monoscript/fileName/GoSmoothedQuaternion.cs: 92de95a3ce149743e526859a8d0255c5 -> 
  custom:container-demuxer-ogg: 62fdf1f143b41e24485cea50d1cbac27 -> 
  custom:AudioImporter_EditorPlatform: d09bf68614088b80899f8185d706f6e7 -> 
  custom:scripting/monoscript/fileName/ShakeTweenProperty.cs: fdb713005206085d3b49cdd6b2d15f80 -> 
  custom:scripting/monoscript/fileName/Vector2TweenProperty.cs: d7a25a544d56d947d9526019347f1f6e -> 
  custom:scripting/monoscript/fileName/GoKitTweenExtensions.cs: 28ee7421c4d34eb9c057646838e28859 -> 
  custom:scripting/monoscript/fileName/Vector3XTweenProperty.cs: 9592582ea2f541a8cf92ba7dd7dd85f2 -> 
  custom:scripting/monoscript/fileName/Go.cs: 840adb47e0f4be71eeea7168442feb7d -> 
  custom:scripting/monoscript/fileName/ColorTweenProperty.cs: 94ba4bee52d153d3fd58a82d4cf8ce0c -> 
  custom:scripting/monoscript/fileName/GoEaseLinear.cs: b690756fd76817f101a31dcd50ae4adc -> 
  custom:scripting/monoscript/fileName/GoEaseExponential.cs: 8f890ce1f0130e8014d1a219fa0d7904 -> 
  custom:scripting/monoscript/fileName/ScaleTweenProperty.cs: 068e501b322923caa36166fe86d472e5 -> 
  custom:video-decoder-ogg-theora: a1e56fd34408186e4bbccfd4996cb3dc -> 
  custom:scripting/monoscript/fileName/GoSpline.cs: 8039f73cfdc174dc6ffa15343c307f29 -> 
  custom:scripting/monoscript/fileName/GoTweenFlow.cs: ce7a11a1fb9e8397b83cab3847ba7970 -> 
  custom:scripting/monoscript/fileName/GoEaseQuartic.cs: d34853ce84f33fe9033901002d4ff793 -> 
  custom:framework-win-MediaFoundation: 216162199b28c13a410421893ffa2e32 -> 
  custom:scripting/monoscript/fileName/GoEaseBounce.cs: e71b365170d63025c159c4756b1910b2 -> 
  custom:scripting/monoscript/fileName/GoSplineQuadraticBezierSolver.cs: 44dee8c5fd496e5eb749f54d83d1397e -> 
  custom:scripting/monoscript/fileName/GoEaseQuadratic.cs: e3ed230c2d29b99c6f642587e4ad0e5d -> 
  custom:scripting/monoscript/fileName/MaterialColorTweenProperty.cs: f6d4ed9537ac95d7564838fa4e660e7d -> 
  custom:scripting/monoscript/fileName/GoEaseCircular.cs: 84a2009340e8431314db7056edf1bd68 -> 
  custom:scripting/monoscript/fileName/PositionPathTweenProperty.cs: efde40660de14fd7cd1ede2fa47e9837 -> 
  custom:video-encoder-webm-vp8: eb34c28f22e8b96e1ab97ce403110664 -> 
  custom:scripting/monoscript/fileName/FloatTweenProperty.cs: 48aea3a8bbe79ca6e0baa81dc186bdfd -> 
  custom:scripting/monoscript/fileName/GoTweenChain.cs: f9995827e6ddafabc43c1b0e0dcfd886 -> 
  custom:scripting/monoscript/fileName/GoTweenCollectionConfig.cs: 37c99bdc8dc674650bd69bc44bb2e57b -> 
  custom:audio-decoder-ogg-vorbis: bf7c407c2cedff20999df2af8eb42d56 -> 
  custom:scripting/monoscript/fileName/AbstractQuaternionTweenProperty.cs: 65ceda31db804ab1e0e34f0e48afa285 -> 
  custom:scripting/monoscript/fileName/AbstractColorTweenProperty.cs: bba0da230ed56fc0a25af92f6a3e377e -> 
  custom:scripting/monoscript/fileName/AbstractVector3TweenProperty.cs: 6aa4defef7531529f4ddc1516936e2e3 -> 
  custom:CustomObjectIndexerAttribute: 9a22284fe3817be447336de3de66b15e -> 
  custom:scripting/monoscript/fileName/Vector4TweenProperty.cs: 18bb73739ede80588b5bfadcee873907 -> 
  custom:scripting/monoscript/fileName/GoEaseBack.cs: 3f6e00793ada35f633abc2146480990e -> 
  custom:container-demuxer-webm: 4f35f7cbe854078d1ac9338744f61a02 -> 
  custom:scripting/monoscript/fileName/GoTweenConfig.cs: 5b3154c82824c20addf84e8652f51cfe -> 
  custom:scripting/monoscript/fileName/RotationQuaternionTweenProperty.cs: e0d94af0c913b0be4cd670833a2cda91 -> 
  custom:scripting/monoscript/fileName/GoTweenUtils.cs: 867d37edf69335bc6e54784197f28064 -> 
  custom:scripting/monoscript/fileName/GoSplineCubicBezierSolver.cs: 6d81419c64f7c334f4359254f1cbade0 -> 
  custom:audio-encoder-webm-vorbis: bf7c407c2cedff20999df2af8eb42d56 -> 
  custom:scripting/monoscript/fileName/ScalePathTweenProperty.cs: 816c1a788eca415c60d1b7e87fb103fe -> 
  custom:scripting/monoscript/fileName/GoEaseElastic.cs: f0cafb366ac4251d5c35fe413d3f62f6 -> 
  custom:scripting/monoscript/fileName/GoDummyPath.cs: a21201ab2fac2187e4faeaf08bb4ec90 -> 
  custom:scripting/monoscript/fileName/PositionTweenProperty.cs: e367a96b2cbc0b819bff5d0620f4b258 -> 
  custom:scripting/monoscript/fileName/Vector3TweenProperty.cs: 8e9f9d7bb7b15068d97f4d593f097c86 -> 
  custom:scripting/monoscript/fileName/AbstractGoTween.cs: 3bdc69e313ad58745cd33c4b74e6a709 -> 
  custom:scripting/monoscript/fileName/GoSplineStraightLineSolver.cs: b6a3907f2ead3ba9ac17ad3fdd121ec9 -> 
  custom:scripting/monoscript/fileName/AbstractGoTweenCollection.cs: 61d9f5f358696a7942516ed78ffe7e98 -> 
  custom:scripting/monoscript/fileName/Vector3PathTweenProperty.cs: 94848aa2e96060cfeaf83844ee158f0c -> 
  custom:scripting/monoscript/fileName/Vector3ZTweenProperty.cs: 35595634a87246c4e13691b1563178c5 -> 
  custom:scripting/monoscript/fileName/AbstractTweenProperty.cs: c71b2ece20cb4e1e30772e574c806625 -> 
  custom:container-muxer-webm: aa71ff27fc2769a1b78a27578f13a17b -> 
  custom:scripting/monoscript/fileName/AbstractGoSplineSolver.cs: 788a6b8052af6ee0371d3a464e692d1b -> 
  custom:scripting/monoscript/fileName/GoTween.cs: 4df5a8b9fefcbd8a2b5d6fe6223ee62f -> 
  custom:scripting/monoscript/fileName/RotationTweenProperty.cs: 13e7fbd741208cd89873755249a873a9 -> 
========================================================================
Received Prepare
Begin MonoManager ReloadAssembly
- Loaded All Assemblies, in  0.271 seconds
Refreshing native plugins compatible for Editor in 0.99 ms, found 1 plugins.
Native extension for WindowsStandalone target not found
Native extension for Android target not found
Mono: successfully reloaded assembly
- Finished resetting the current domain, in  0.350 seconds
Domain Reload Profiling: 621ms
	BeginReloadAssembly (102ms)
		ExecutionOrderSort (0ms)
		DisableScriptedObjects (4ms)
		BackupInstance (0ms)
		ReleaseScriptingObjects (0ms)
		CreateAndSetChildDomain (16ms)
	RebuildCommonClasses (23ms)
	RebuildNativeTypeToScriptingClass (7ms)
	initialDomainReloadingComplete (18ms)
	LoadAllAssembliesAndSetupDomain (120ms)
		LoadAssemblies (167ms)
		RebuildTransferFunctionScriptingTraits (0ms)
		AnalyzeDomain (12ms)
			TypeCache.Refresh (4ms)
				TypeCache.ScanAssembly (0ms)
			ScanForSourceGeneratedMonoScriptInfo (0ms)
			ResolveRequiredComponents (6ms)
	FinalizeReload (350ms)
		ReleaseScriptCaches (0ms)
		RebuildScriptCaches (0ms)
		SetupLoadedEditorAssemblies (176ms)
			LogAssemblyErrors (0ms)
			InitializePlatformSupportModulesInManaged (16ms)
			SetLoadedEditorAssemblies (2ms)
			RefreshPlugins (0ms)
			BeforeProcessingInitializeOnLoad (34ms)
			ProcessInitializeOnLoadAttributes (107ms)
			ProcessInitializeOnLoadMethodAttributes (15ms)
			AfterProcessingInitializeOnLoad (2ms)
			EditorAssembliesLoaded (0ms)
		ExecutionOrderSort2 (0ms)
		AwakeInstancesAfterBackupRestoration (4ms)
Refreshing native plugins compatible for Editor in 1.13 ms, found 1 plugins.
Preloading 0 native plugins for Editor in 0.00 ms.
Unloading 2332 Unused Serialized files (Serialized files now loaded: 0)
Unloading 33 unused Assets / (0.7 MB). Loaded Objects now: 2899.
Memory consumption went from 108.9 MB to 108.2 MB.
Total: 2.078500 ms (FindLiveObjects: 0.143000 ms CreateObjectMapping: 0.080000 ms MarkObjects: 1.585900 ms  DeleteObjects: 0.268700 ms)

Prepare: number of updated asset objects reloaded= 0
AssetImportParameters requested are different than current active one (requested -> active):
  custom:scripting/monoscript/fileName/GoSmoothedVector3.cs: 3a6ceb396859da913cbecdd1940e0aa2 -> 
  custom:scripting/monoscript/fileName/EulerAnglesTweenProperty.cs: 7a2321a8c63f28c3857aa33414a11270 -> 
  custom:video-decoder-webm-vp8: 9c59270c3fd7afecdb556c50c9e8de78 -> 
  custom:scripting/monoscript/fileName/IGenericProperty.cs: f404e27010d8ce1a25f7cc2ac06431ac -> 
  custom:scripting/monoscript/fileName/GoEaseSinusoidal.cs: e637d6b7456e2acd06dfd152f10b71d1 -> 
  custom:scripting/monoscript/fileName/GoSplineCatmullRomSolver.cs: 8bbd4e9dc2722b25540d14d500b88879 -> 
  custom:scripting/monoscript/fileName/IntTweenProperty.cs: 1f39418055dd7708ff3b9e75a86d93a1 -> 
  custom:scripting/monoscript/fileName/Vector3YTweenProperty.cs: 2b996e9222bddad772657bb084e9da48 -> 
  custom:scripting/monoscript/fileName/GoEaseQuintic.cs: 672086238d051af0856016e64ad97204 -> 
  custom:scripting/monoscript/fileName/GoEaseCubic.cs: 7d74fd43480e52f793e3086826193b77 -> 
  custom:SearchIndexIgnoredProperties: e643bd26f0fe6173181afceb89e7c659 -> 
  custom:scripting/monoscript/fileName/GoSmoothedQuaternion.cs: 92de95a3ce149743e526859a8d0255c5 -> 
  custom:container-demuxer-ogg: 62fdf1f143b41e24485cea50d1cbac27 -> 
  custom:AudioImporter_EditorPlatform: d09bf68614088b80899f8185d706f6e7 -> 
  custom:scripting/monoscript/fileName/ShakeTweenProperty.cs: fdb713005206085d3b49cdd6b2d15f80 -> 
  custom:scripting/monoscript/fileName/Vector2TweenProperty.cs: d7a25a544d56d947d9526019347f1f6e -> 
  custom:scripting/monoscript/fileName/GoKitTweenExtensions.cs: 28ee7421c4d34eb9c057646838e28859 -> 
  custom:scripting/monoscript/fileName/Vector3XTweenProperty.cs: 9592582ea2f541a8cf92ba7dd7dd85f2 -> 
  custom:scripting/monoscript/fileName/Go.cs: 840adb47e0f4be71eeea7168442feb7d -> 
  custom:scripting/monoscript/fileName/ColorTweenProperty.cs: 94ba4bee52d153d3fd58a82d4cf8ce0c -> 
  custom:scripting/monoscript/fileName/GoEaseLinear.cs: b690756fd76817f101a31dcd50ae4adc -> 
  custom:scripting/monoscript/fileName/GoEaseExponential.cs: 8f890ce1f0130e8014d1a219fa0d7904 -> 
  custom:scripting/monoscript/fileName/ScaleTweenProperty.cs: 068e501b322923caa36166fe86d472e5 -> 
  custom:video-decoder-ogg-theora: a1e56fd34408186e4bbccfd4996cb3dc -> 
  custom:scripting/monoscript/fileName/GoSpline.cs: 8039f73cfdc174dc6ffa15343c307f29 -> 
  custom:scripting/monoscript/fileName/GoTweenFlow.cs: ce7a11a1fb9e8397b83cab3847ba7970 -> 
  custom:scripting/monoscript/fileName/GoEaseQuartic.cs: d34853ce84f33fe9033901002d4ff793 -> 
  custom:framework-win-MediaFoundation: 216162199b28c13a410421893ffa2e32 -> 
  custom:scripting/monoscript/fileName/GoEaseBounce.cs: e71b365170d63025c159c4756b1910b2 -> 
  custom:scripting/monoscript/fileName/GoSplineQuadraticBezierSolver.cs: 44dee8c5fd496e5eb749f54d83d1397e -> 
  custom:scripting/monoscript/fileName/GoEaseQuadratic.cs: e3ed230c2d29b99c6f642587e4ad0e5d -> 
  custom:scripting/monoscript/fileName/MaterialColorTweenProperty.cs: f6d4ed9537ac95d7564838fa4e660e7d -> 
  custom:scripting/monoscript/fileName/GoEaseCircular.cs: 84a2009340e8431314db7056edf1bd68 -> 
  custom:scripting/monoscript/fileName/PositionPathTweenProperty.cs: efde40660de14fd7cd1ede2fa47e9837 -> 
  custom:video-encoder-webm-vp8: eb34c28f22e8b96e1ab97ce403110664 -> 
  custom:scripting/monoscript/fileName/FloatTweenProperty.cs: 48aea3a8bbe79ca6e0baa81dc186bdfd -> 
  custom:scripting/monoscript/fileName/GoTweenChain.cs: f9995827e6ddafabc43c1b0e0dcfd886 -> 
  custom:scripting/monoscript/fileName/GoTweenCollectionConfig.cs: 37c99bdc8dc674650bd69bc44bb2e57b -> 
  custom:audio-decoder-ogg-vorbis: bf7c407c2cedff20999df2af8eb42d56 -> 
  custom:scripting/monoscript/fileName/AbstractQuaternionTweenProperty.cs: 65ceda31db804ab1e0e34f0e48afa285 -> 
  custom:scripting/monoscript/fileName/AbstractColorTweenProperty.cs: bba0da230ed56fc0a25af92f6a3e377e -> 
  custom:scripting/monoscript/fileName/AbstractVector3TweenProperty.cs: 6aa4defef7531529f4ddc1516936e2e3 -> 
  custom:CustomObjectIndexerAttribute: 9a22284fe3817be447336de3de66b15e -> 
  custom:scripting/monoscript/fileName/Vector4TweenProperty.cs: 18bb73739ede80588b5bfadcee873907 -> 
  custom:scripting/monoscript/fileName/GoEaseBack.cs: 3f6e00793ada35f633abc2146480990e -> 
  custom:container-demuxer-webm: 4f35f7cbe854078d1ac9338744f61a02 -> 
  custom:scripting/monoscript/fileName/GoTweenConfig.cs: 5b3154c82824c20addf84e8652f51cfe -> 
  custom:scripting/monoscript/fileName/RotationQuaternionTweenProperty.cs: e0d94af0c913b0be4cd670833a2cda91 -> 
  custom:scripting/monoscript/fileName/GoTweenUtils.cs: 867d37edf69335bc6e54784197f28064 -> 
  custom:scripting/monoscript/fileName/GoSplineCubicBezierSolver.cs: 6d81419c64f7c334f4359254f1cbade0 -> 
  custom:audio-encoder-webm-vorbis: bf7c407c2cedff20999df2af8eb42d56 -> 
  custom:scripting/monoscript/fileName/ScalePathTweenProperty.cs: 816c1a788eca415c60d1b7e87fb103fe -> 
  custom:scripting/monoscript/fileName/GoEaseElastic.cs: f0cafb366ac4251d5c35fe413d3f62f6 -> 
  custom:scripting/monoscript/fileName/GoDummyPath.cs: a21201ab2fac2187e4faeaf08bb4ec90 -> 
  custom:scripting/monoscript/fileName/PositionTweenProperty.cs: e367a96b2cbc0b819bff5d0620f4b258 -> 
  custom:scripting/monoscript/fileName/Vector3TweenProperty.cs: 8e9f9d7bb7b15068d97f4d593f097c86 -> 
  custom:scripting/monoscript/fileName/AbstractGoTween.cs: 3bdc69e313ad58745cd33c4b74e6a709 -> 
  custom:scripting/monoscript/fileName/GoSplineStraightLineSolver.cs: b6a3907f2ead3ba9ac17ad3fdd121ec9 -> 
  custom:scripting/monoscript/fileName/AbstractGoTweenCollection.cs: 61d9f5f358696a7942516ed78ffe7e98 -> 
  custom:scripting/monoscript/fileName/Vector3PathTweenProperty.cs: 94848aa2e96060cfeaf83844ee158f0c -> 
  custom:scripting/monoscript/fileName/Vector3ZTweenProperty.cs: 35595634a87246c4e13691b1563178c5 -> 
  custom:scripting/monoscript/fileName/AbstractTweenProperty.cs: c71b2ece20cb4e1e30772e574c806625 -> 
  custom:container-muxer-webm: aa71ff27fc2769a1b78a27578f13a17b -> 
  custom:scripting/monoscript/fileName/AbstractGoSplineSolver.cs: 788a6b8052af6ee0371d3a464e692d1b -> 
  custom:scripting/monoscript/fileName/GoTween.cs: 4df5a8b9fefcbd8a2b5d6fe6223ee62f -> 
  custom:scripting/monoscript/fileName/RotationTweenProperty.cs: 13e7fbd741208cd89873755249a873a9 -> 
========================================================================
Received Prepare
Begin MonoManager ReloadAssembly
- Loaded All Assemblies, in  0.290 seconds
Refreshing native plugins compatible for Editor in 1.05 ms, found 1 plugins.
Native extension for WindowsStandalone target not found
Native extension for Android target not found
Mono: successfully reloaded assembly
- Finished resetting the current domain, in  0.367 seconds
Domain Reload Profiling: 656ms
	BeginReloadAssembly (108ms)
		ExecutionOrderSort (0ms)
		DisableScriptedObjects (4ms)
		BackupInstance (0ms)
		ReleaseScriptingObjects (0ms)
		CreateAndSetChildDomain (20ms)
	RebuildCommonClasses (23ms)
	RebuildNativeTypeToScriptingClass (10ms)
	initialDomainReloadingComplete (21ms)
	LoadAllAssembliesAndSetupDomain (126ms)
		LoadAssemblies (175ms)
		RebuildTransferFunctionScriptingTraits (0ms)
		AnalyzeDomain (12ms)
			TypeCache.Refresh (5ms)
				TypeCache.ScanAssembly (0ms)
			ScanForSourceGeneratedMonoScriptInfo (2ms)
			ResolveRequiredComponents (4ms)
	FinalizeReload (367ms)
		ReleaseScriptCaches (0ms)
		RebuildScriptCaches (0ms)
		SetupLoadedEditorAssemblies (185ms)
			LogAssemblyErrors (0ms)
			InitializePlatformSupportModulesInManaged (16ms)
			SetLoadedEditorAssemblies (2ms)
			RefreshPlugins (0ms)
			BeforeProcessingInitializeOnLoad (36ms)
			ProcessInitializeOnLoadAttributes (110ms)
			ProcessInitializeOnLoadMethodAttributes (18ms)
			AfterProcessingInitializeOnLoad (3ms)
			EditorAssembliesLoaded (0ms)
		ExecutionOrderSort2 (0ms)
		AwakeInstancesAfterBackupRestoration (8ms)
Refreshing native plugins compatible for Editor in 1.03 ms, found 1 plugins.
Preloading 0 native plugins for Editor in 0.00 ms.
Unloading 2332 Unused Serialized files (Serialized files now loaded: 0)
Unloading 33 unused Assets / (0.7 MB). Loaded Objects now: 2902.
Memory consumption went from 108.9 MB to 108.3 MB.
Total: 2.008000 ms (FindLiveObjects: 0.149100 ms CreateObjectMapping: 0.057700 ms MarkObjects: 1.564200 ms  DeleteObjects: 0.236400 ms)

Prepare: number of updated asset objects reloaded= 0
AssetImportParameters requested are different than current active one (requested -> active):
  custom:scripting/monoscript/fileName/GoSmoothedVector3.cs: 3a6ceb396859da913cbecdd1940e0aa2 -> 
  custom:scripting/monoscript/fileName/EulerAnglesTweenProperty.cs: 7a2321a8c63f28c3857aa33414a11270 -> 
  custom:video-decoder-webm-vp8: 9c59270c3fd7afecdb556c50c9e8de78 -> 
  custom:scripting/monoscript/fileName/IGenericProperty.cs: f404e27010d8ce1a25f7cc2ac06431ac -> 
  custom:scripting/monoscript/fileName/GoEaseSinusoidal.cs: e637d6b7456e2acd06dfd152f10b71d1 -> 
  custom:scripting/monoscript/fileName/GoSplineCatmullRomSolver.cs: 8bbd4e9dc2722b25540d14d500b88879 -> 
  custom:scripting/monoscript/fileName/IntTweenProperty.cs: 1f39418055dd7708ff3b9e75a86d93a1 -> 
  custom:scripting/monoscript/fileName/Vector3YTweenProperty.cs: 2b996e9222bddad772657bb084e9da48 -> 
  custom:scripting/monoscript/fileName/GoEaseQuintic.cs: 672086238d051af0856016e64ad97204 -> 
  custom:scripting/monoscript/fileName/GoEaseCubic.cs: 7d74fd43480e52f793e3086826193b77 -> 
  custom:SearchIndexIgnoredProperties: e643bd26f0fe6173181afceb89e7c659 -> 
  custom:scripting/monoscript/fileName/GoSmoothedQuaternion.cs: 92de95a3ce149743e526859a8d0255c5 -> 
  custom:container-demuxer-ogg: 62fdf1f143b41e24485cea50d1cbac27 -> 
  custom:AudioImporter_EditorPlatform: d09bf68614088b80899f8185d706f6e7 -> 
  custom:scripting/monoscript/fileName/ShakeTweenProperty.cs: fdb713005206085d3b49cdd6b2d15f80 -> 
  custom:scripting/monoscript/fileName/Vector2TweenProperty.cs: d7a25a544d56d947d9526019347f1f6e -> 
  custom:scripting/monoscript/fileName/GoKitTweenExtensions.cs: 28ee7421c4d34eb9c057646838e28859 -> 
  custom:scripting/monoscript/fileName/Vector3XTweenProperty.cs: 9592582ea2f541a8cf92ba7dd7dd85f2 -> 
  custom:scripting/monoscript/fileName/Go.cs: 840adb47e0f4be71eeea7168442feb7d -> 
  custom:scripting/monoscript/fileName/ColorTweenProperty.cs: 94ba4bee52d153d3fd58a82d4cf8ce0c -> 
  custom:scripting/monoscript/fileName/GoEaseLinear.cs: b690756fd76817f101a31dcd50ae4adc -> 
  custom:scripting/monoscript/fileName/GoEaseExponential.cs: 8f890ce1f0130e8014d1a219fa0d7904 -> 
  custom:scripting/monoscript/fileName/ScaleTweenProperty.cs: 068e501b322923caa36166fe86d472e5 -> 
  custom:video-decoder-ogg-theora: a1e56fd34408186e4bbccfd4996cb3dc -> 
  custom:scripting/monoscript/fileName/GoSpline.cs: 8039f73cfdc174dc6ffa15343c307f29 -> 
  custom:scripting/monoscript/fileName/GoTweenFlow.cs: ce7a11a1fb9e8397b83cab3847ba7970 -> 
  custom:scripting/monoscript/fileName/GoEaseQuartic.cs: d34853ce84f33fe9033901002d4ff793 -> 
  custom:framework-win-MediaFoundation: 216162199b28c13a410421893ffa2e32 -> 
  custom:scripting/monoscript/fileName/GoEaseBounce.cs: e71b365170d63025c159c4756b1910b2 -> 
  custom:scripting/monoscript/fileName/GoSplineQuadraticBezierSolver.cs: 44dee8c5fd496e5eb749f54d83d1397e -> 
  custom:scripting/monoscript/fileName/GoEaseQuadratic.cs: e3ed230c2d29b99c6f642587e4ad0e5d -> 
  custom:scripting/monoscript/fileName/MaterialColorTweenProperty.cs: f6d4ed9537ac95d7564838fa4e660e7d -> 
  custom:scripting/monoscript/fileName/GoEaseCircular.cs: 84a2009340e8431314db7056edf1bd68 -> 
  custom:scripting/monoscript/fileName/PositionPathTweenProperty.cs: efde40660de14fd7cd1ede2fa47e9837 -> 
  custom:video-encoder-webm-vp8: eb34c28f22e8b96e1ab97ce403110664 -> 
  custom:scripting/monoscript/fileName/FloatTweenProperty.cs: 48aea3a8bbe79ca6e0baa81dc186bdfd -> 
  custom:scripting/monoscript/fileName/GoTweenChain.cs: f9995827e6ddafabc43c1b0e0dcfd886 -> 
  custom:scripting/monoscript/fileName/GoTweenCollectionConfig.cs: 37c99bdc8dc674650bd69bc44bb2e57b -> 
  custom:audio-decoder-ogg-vorbis: bf7c407c2cedff20999df2af8eb42d56 -> 
  custom:scripting/monoscript/fileName/AbstractQuaternionTweenProperty.cs: 65ceda31db804ab1e0e34f0e48afa285 -> 
  custom:scripting/monoscript/fileName/AbstractColorTweenProperty.cs: bba0da230ed56fc0a25af92f6a3e377e -> 
  custom:scripting/monoscript/fileName/AbstractVector3TweenProperty.cs: 6aa4defef7531529f4ddc1516936e2e3 -> 
  custom:CustomObjectIndexerAttribute: 9a22284fe3817be447336de3de66b15e -> 
  custom:scripting/monoscript/fileName/Vector4TweenProperty.cs: 18bb73739ede80588b5bfadcee873907 -> 
  custom:scripting/monoscript/fileName/GoEaseBack.cs: 3f6e00793ada35f633abc2146480990e -> 
  custom:container-demuxer-webm: 4f35f7cbe854078d1ac9338744f61a02 -> 
  custom:scripting/monoscript/fileName/GoTweenConfig.cs: 5b3154c82824c20addf84e8652f51cfe -> 
  custom:scripting/monoscript/fileName/RotationQuaternionTweenProperty.cs: e0d94af0c913b0be4cd670833a2cda91 -> 
  custom:scripting/monoscript/fileName/GoTweenUtils.cs: 867d37edf69335bc6e54784197f28064 -> 
  custom:scripting/monoscript/fileName/GoSplineCubicBezierSolver.cs: 6d81419c64f7c334f4359254f1cbade0 -> 
  custom:audio-encoder-webm-vorbis: bf7c407c2cedff20999df2af8eb42d56 -> 
  custom:scripting/monoscript/fileName/ScalePathTweenProperty.cs: 816c1a788eca415c60d1b7e87fb103fe -> 
  custom:scripting/monoscript/fileName/GoEaseElastic.cs: f0cafb366ac4251d5c35fe413d3f62f6 -> 
  custom:scripting/monoscript/fileName/GoDummyPath.cs: a21201ab2fac2187e4faeaf08bb4ec90 -> 
  custom:scripting/monoscript/fileName/PositionTweenProperty.cs: e367a96b2cbc0b819bff5d0620f4b258 -> 
  custom:scripting/monoscript/fileName/Vector3TweenProperty.cs: 8e9f9d7bb7b15068d97f4d593f097c86 -> 
  custom:scripting/monoscript/fileName/AbstractGoTween.cs: 3bdc69e313ad58745cd33c4b74e6a709 -> 
  custom:scripting/monoscript/fileName/GoSplineStraightLineSolver.cs: b6a3907f2ead3ba9ac17ad3fdd121ec9 -> 
  custom:scripting/monoscript/fileName/AbstractGoTweenCollection.cs: 61d9f5f358696a7942516ed78ffe7e98 -> 
  custom:scripting/monoscript/fileName/Vector3PathTweenProperty.cs: 94848aa2e96060cfeaf83844ee158f0c -> 
  custom:scripting/monoscript/fileName/Vector3ZTweenProperty.cs: 35595634a87246c4e13691b1563178c5 -> 
  custom:scripting/monoscript/fileName/AbstractTweenProperty.cs: c71b2ece20cb4e1e30772e574c806625 -> 
  custom:container-muxer-webm: aa71ff27fc2769a1b78a27578f13a17b -> 
  custom:scripting/monoscript/fileName/AbstractGoSplineSolver.cs: 788a6b8052af6ee0371d3a464e692d1b -> 
  custom:scripting/monoscript/fileName/GoTween.cs: 4df5a8b9fefcbd8a2b5d6fe6223ee62f -> 
  custom:scripting/monoscript/fileName/RotationTweenProperty.cs: 13e7fbd741208cd89873755249a873a9 -> 
========================================================================
Received Prepare
Begin MonoManager ReloadAssembly
- Loaded All Assemblies, in  0.280 seconds
Refreshing native plugins compatible for Editor in 1.02 ms, found 1 plugins.
Native extension for WindowsStandalone target not found
Native extension for Android target not found
Mono: successfully reloaded assembly
- Finished resetting the current domain, in  0.360 seconds
Domain Reload Profiling: 641ms
	BeginReloadAssembly (111ms)
		ExecutionOrderSort (0ms)
		DisableScriptedObjects (4ms)
		BackupInstance (0ms)
		ReleaseScriptingObjects (0ms)
		CreateAndSetChildDomain (16ms)
	RebuildCommonClasses (22ms)
	RebuildNativeTypeToScriptingClass (8ms)
	initialDomainReloadingComplete (17ms)
	LoadAllAssembliesAndSetupDomain (123ms)
		LoadAssemblies (181ms)
		RebuildTransferFunctionScriptingTraits (0ms)
		AnalyzeDomain (9ms)
			TypeCache.Refresh (4ms)
				TypeCache.ScanAssembly (0ms)
			ScanForSourceGeneratedMonoScriptInfo (0ms)
			ResolveRequiredComponents (4ms)
	FinalizeReload (361ms)
		ReleaseScriptCaches (0ms)
		RebuildScriptCaches (0ms)
		SetupLoadedEditorAssemblies (177ms)
			LogAssemblyErrors (0ms)
			InitializePlatformSupportModulesInManaged (15ms)
			SetLoadedEditorAssemblies (2ms)
			RefreshPlugins (0ms)
			BeforeProcessingInitializeOnLoad (34ms)
			ProcessInitializeOnLoadAttributes (104ms)
			ProcessInitializeOnLoadMethodAttributes (20ms)
			AfterProcessingInitializeOnLoad (2ms)
			EditorAssembliesLoaded (0ms)
		ExecutionOrderSort2 (0ms)
		AwakeInstancesAfterBackupRestoration (4ms)
Refreshing native plugins compatible for Editor in 1.53 ms, found 1 plugins.
Preloading 0 native plugins for Editor in 0.00 ms.
Unloading 2332 Unused Serialized files (Serialized files now loaded: 0)
Unloading 33 unused Assets / (0.7 MB). Loaded Objects now: 2905.
Memory consumption went from 108.9 MB to 108.3 MB.
Total: 1.964500 ms (FindLiveObjects: 0.145800 ms CreateObjectMapping: 0.053900 ms MarkObjects: 1.506900 ms  DeleteObjects: 0.256600 ms)

Prepare: number of updated asset objects reloaded= 0
AssetImportParameters requested are different than current active one (requested -> active):
  custom:scripting/monoscript/fileName/GoSmoothedVector3.cs: 3a6ceb396859da913cbecdd1940e0aa2 -> 
  custom:scripting/monoscript/fileName/EulerAnglesTweenProperty.cs: 7a2321a8c63f28c3857aa33414a11270 -> 
  custom:video-decoder-webm-vp8: 9c59270c3fd7afecdb556c50c9e8de78 -> 
  custom:scripting/monoscript/fileName/IGenericProperty.cs: f404e27010d8ce1a25f7cc2ac06431ac -> 
  custom:scripting/monoscript/fileName/GoEaseSinusoidal.cs: e637d6b7456e2acd06dfd152f10b71d1 -> 
  custom:scripting/monoscript/fileName/GoSplineCatmullRomSolver.cs: 8bbd4e9dc2722b25540d14d500b88879 -> 
  custom:scripting/monoscript/fileName/IntTweenProperty.cs: 1f39418055dd7708ff3b9e75a86d93a1 -> 
  custom:scripting/monoscript/fileName/Vector3YTweenProperty.cs: 2b996e9222bddad772657bb084e9da48 -> 
  custom:scripting/monoscript/fileName/GoEaseQuintic.cs: 672086238d051af0856016e64ad97204 -> 
  custom:scripting/monoscript/fileName/GoEaseCubic.cs: 7d74fd43480e52f793e3086826193b77 -> 
  custom:SearchIndexIgnoredProperties: e643bd26f0fe6173181afceb89e7c659 -> 
  custom:scripting/monoscript/fileName/GoSmoothedQuaternion.cs: 92de95a3ce149743e526859a8d0255c5 -> 
  custom:container-demuxer-ogg: 62fdf1f143b41e24485cea50d1cbac27 -> 
  custom:AudioImporter_EditorPlatform: d09bf68614088b80899f8185d706f6e7 -> 
  custom:scripting/monoscript/fileName/ShakeTweenProperty.cs: fdb713005206085d3b49cdd6b2d15f80 -> 
  custom:scripting/monoscript/fileName/Vector2TweenProperty.cs: d7a25a544d56d947d9526019347f1f6e -> 
  custom:scripting/monoscript/fileName/GoKitTweenExtensions.cs: 28ee7421c4d34eb9c057646838e28859 -> 
  custom:scripting/monoscript/fileName/Vector3XTweenProperty.cs: 9592582ea2f541a8cf92ba7dd7dd85f2 -> 
  custom:scripting/monoscript/fileName/Go.cs: 840adb47e0f4be71eeea7168442feb7d -> 
  custom:scripting/monoscript/fileName/ColorTweenProperty.cs: 94ba4bee52d153d3fd58a82d4cf8ce0c -> 
  custom:scripting/monoscript/fileName/GoEaseLinear.cs: b690756fd76817f101a31dcd50ae4adc -> 
  custom:scripting/monoscript/fileName/GoEaseExponential.cs: 8f890ce1f0130e8014d1a219fa0d7904 -> 
  custom:scripting/monoscript/fileName/ScaleTweenProperty.cs: 068e501b322923caa36166fe86d472e5 -> 
  custom:video-decoder-ogg-theora: a1e56fd34408186e4bbccfd4996cb3dc -> 
  custom:scripting/monoscript/fileName/GoSpline.cs: 8039f73cfdc174dc6ffa15343c307f29 -> 
  custom:scripting/monoscript/fileName/GoTweenFlow.cs: ce7a11a1fb9e8397b83cab3847ba7970 -> 
  custom:scripting/monoscript/fileName/GoEaseQuartic.cs: d34853ce84f33fe9033901002d4ff793 -> 
  custom:framework-win-MediaFoundation: 216162199b28c13a410421893ffa2e32 -> 
  custom:scripting/monoscript/fileName/GoEaseBounce.cs: e71b365170d63025c159c4756b1910b2 -> 
  custom:scripting/monoscript/fileName/GoSplineQuadraticBezierSolver.cs: 44dee8c5fd496e5eb749f54d83d1397e -> 
  custom:scripting/monoscript/fileName/GoEaseQuadratic.cs: e3ed230c2d29b99c6f642587e4ad0e5d -> 
  custom:scripting/monoscript/fileName/MaterialColorTweenProperty.cs: f6d4ed9537ac95d7564838fa4e660e7d -> 
  custom:scripting/monoscript/fileName/GoEaseCircular.cs: 84a2009340e8431314db7056edf1bd68 -> 
  custom:scripting/monoscript/fileName/PositionPathTweenProperty.cs: efde40660de14fd7cd1ede2fa47e9837 -> 
  custom:video-encoder-webm-vp8: eb34c28f22e8b96e1ab97ce403110664 -> 
  custom:scripting/monoscript/fileName/FloatTweenProperty.cs: 48aea3a8bbe79ca6e0baa81dc186bdfd -> 
  custom:scripting/monoscript/fileName/GoTweenChain.cs: f9995827e6ddafabc43c1b0e0dcfd886 -> 
  custom:scripting/monoscript/fileName/GoTweenCollectionConfig.cs: 37c99bdc8dc674650bd69bc44bb2e57b -> 
  custom:audio-decoder-ogg-vorbis: bf7c407c2cedff20999df2af8eb42d56 -> 
  custom:scripting/monoscript/fileName/AbstractQuaternionTweenProperty.cs: 65ceda31db804ab1e0e34f0e48afa285 -> 
  custom:scripting/monoscript/fileName/AbstractColorTweenProperty.cs: bba0da230ed56fc0a25af92f6a3e377e -> 
  custom:scripting/monoscript/fileName/AbstractVector3TweenProperty.cs: 6aa4defef7531529f4ddc1516936e2e3 -> 
  custom:CustomObjectIndexerAttribute: 9a22284fe3817be447336de3de66b15e -> 
  custom:scripting/monoscript/fileName/Vector4TweenProperty.cs: 18bb73739ede80588b5bfadcee873907 -> 
  custom:scripting/monoscript/fileName/GoEaseBack.cs: 3f6e00793ada35f633abc2146480990e -> 
  custom:container-demuxer-webm: 4f35f7cbe854078d1ac9338744f61a02 -> 
  custom:scripting/monoscript/fileName/GoTweenConfig.cs: 5b3154c82824c20addf84e8652f51cfe -> 
  custom:scripting/monoscript/fileName/RotationQuaternionTweenProperty.cs: e0d94af0c913b0be4cd670833a2cda91 -> 
  custom:scripting/monoscript/fileName/GoTweenUtils.cs: 867d37edf69335bc6e54784197f28064 -> 
  custom:scripting/monoscript/fileName/GoSplineCubicBezierSolver.cs: 6d81419c64f7c334f4359254f1cbade0 -> 
  custom:audio-encoder-webm-vorbis: bf7c407c2cedff20999df2af8eb42d56 -> 
  custom:scripting/monoscript/fileName/ScalePathTweenProperty.cs: 816c1a788eca415c60d1b7e87fb103fe -> 
  custom:scripting/monoscript/fileName/GoEaseElastic.cs: f0cafb366ac4251d5c35fe413d3f62f6 -> 
  custom:scripting/monoscript/fileName/GoDummyPath.cs: a21201ab2fac2187e4faeaf08bb4ec90 -> 
  custom:scripting/monoscript/fileName/PositionTweenProperty.cs: e367a96b2cbc0b819bff5d0620f4b258 -> 
  custom:scripting/monoscript/fileName/Vector3TweenProperty.cs: 8e9f9d7bb7b15068d97f4d593f097c86 -> 
  custom:scripting/monoscript/fileName/AbstractGoTween.cs: 3bdc69e313ad58745cd33c4b74e6a709 -> 
  custom:scripting/monoscript/fileName/GoSplineStraightLineSolver.cs: b6a3907f2ead3ba9ac17ad3fdd121ec9 -> 
  custom:scripting/monoscript/fileName/AbstractGoTweenCollection.cs: 61d9f5f358696a7942516ed78ffe7e98 -> 
  custom:scripting/monoscript/fileName/Vector3PathTweenProperty.cs: 94848aa2e96060cfeaf83844ee158f0c -> 
  custom:scripting/monoscript/fileName/Vector3ZTweenProperty.cs: 35595634a87246c4e13691b1563178c5 -> 
  custom:scripting/monoscript/fileName/AbstractTweenProperty.cs: c71b2ece20cb4e1e30772e574c806625 -> 
  custom:container-muxer-webm: aa71ff27fc2769a1b78a27578f13a17b -> 
  custom:scripting/monoscript/fileName/AbstractGoSplineSolver.cs: 788a6b8052af6ee0371d3a464e692d1b -> 
  custom:scripting/monoscript/fileName/GoTween.cs: 4df5a8b9fefcbd8a2b5d6fe6223ee62f -> 
  custom:scripting/monoscript/fileName/RotationTweenProperty.cs: 13e7fbd741208cd89873755249a873a9 -> 
========================================================================
Received Prepare
Begin MonoManager ReloadAssembly
- Loaded All Assemblies, in  0.275 seconds
Refreshing native plugins compatible for Editor in 1.02 ms, found 1 plugins.
Native extension for WindowsStandalone target not found
Native extension for Android target not found
Mono: successfully reloaded assembly
- Finished resetting the current domain, in  0.353 seconds
Domain Reload Profiling: 628ms
	BeginReloadAssembly (103ms)
		ExecutionOrderSort (0ms)
		DisableScriptedObjects (4ms)
		BackupInstance (0ms)
		ReleaseScriptingObjects (0ms)
		CreateAndSetChildDomain (16ms)
	RebuildCommonClasses (24ms)
	RebuildNativeTypeToScriptingClass (8ms)
	initialDomainReloadingComplete (20ms)
	LoadAllAssembliesAndSetupDomain (119ms)
		LoadAssemblies (171ms)
		RebuildTransferFunctionScriptingTraits (0ms)
		AnalyzeDomain (8ms)
			TypeCache.Refresh (4ms)
				TypeCache.ScanAssembly (0ms)
			ScanForSourceGeneratedMonoScriptInfo (0ms)
			ResolveRequiredComponents (4ms)
	FinalizeReload (353ms)
		ReleaseScriptCaches (0ms)
		RebuildScriptCaches (0ms)
		SetupLoadedEditorAssemblies (174ms)
			LogAssemblyErrors (0ms)
			InitializePlatformSupportModulesInManaged (16ms)
			SetLoadedEditorAssemblies (2ms)
			RefreshPlugins (0ms)
			BeforeProcessingInitializeOnLoad (33ms)
			ProcessInitializeOnLoadAttributes (107ms)
			ProcessInitializeOnLoadMethodAttributes (14ms)
			AfterProcessingInitializeOnLoad (2ms)
			EditorAssembliesLoaded (0ms)
		ExecutionOrderSort2 (0ms)
		AwakeInstancesAfterBackupRestoration (4ms)
Refreshing native plugins compatible for Editor in 1.14 ms, found 1 plugins.
Preloading 0 native plugins for Editor in 0.00 ms.
Unloading 2332 Unused Serialized files (Serialized files now loaded: 0)
Unloading 33 unused Assets / (0.7 MB). Loaded Objects now: 2908.
Memory consumption went from 108.9 MB to 108.3 MB.
Total: 2.284100 ms (FindLiveObjects: 0.167800 ms CreateObjectMapping: 0.059500 ms MarkObjects: 1.802200 ms  DeleteObjects: 0.253600 ms)

Prepare: number of updated asset objects reloaded= 0
AssetImportParameters requested are different than current active one (requested -> active):
  custom:scripting/monoscript/fileName/GoSmoothedVector3.cs: 3a6ceb396859da913cbecdd1940e0aa2 -> 
  custom:scripting/monoscript/fileName/EulerAnglesTweenProperty.cs: 7a2321a8c63f28c3857aa33414a11270 -> 
  custom:video-decoder-webm-vp8: 9c59270c3fd7afecdb556c50c9e8de78 -> 
  custom:scripting/monoscript/fileName/IGenericProperty.cs: f404e27010d8ce1a25f7cc2ac06431ac -> 
  custom:scripting/monoscript/fileName/GoEaseSinusoidal.cs: e637d6b7456e2acd06dfd152f10b71d1 -> 
  custom:scripting/monoscript/fileName/GoSplineCatmullRomSolver.cs: 8bbd4e9dc2722b25540d14d500b88879 -> 
  custom:scripting/monoscript/fileName/IntTweenProperty.cs: 1f39418055dd7708ff3b9e75a86d93a1 -> 
  custom:scripting/monoscript/fileName/Vector3YTweenProperty.cs: 2b996e9222bddad772657bb084e9da48 -> 
  custom:scripting/monoscript/fileName/GoEaseQuintic.cs: 672086238d051af0856016e64ad97204 -> 
  custom:scripting/monoscript/fileName/GoEaseCubic.cs: 7d74fd43480e52f793e3086826193b77 -> 
  custom:SearchIndexIgnoredProperties: e643bd26f0fe6173181afceb89e7c659 -> 
  custom:scripting/monoscript/fileName/GoSmoothedQuaternion.cs: 92de95a3ce149743e526859a8d0255c5 -> 
  custom:container-demuxer-ogg: 62fdf1f143b41e24485cea50d1cbac27 -> 
  custom:AudioImporter_EditorPlatform: d09bf68614088b80899f8185d706f6e7 -> 
  custom:scripting/monoscript/fileName/ShakeTweenProperty.cs: fdb713005206085d3b49cdd6b2d15f80 -> 
  custom:scripting/monoscript/fileName/Vector2TweenProperty.cs: d7a25a544d56d947d9526019347f1f6e -> 
  custom:scripting/monoscript/fileName/GoKitTweenExtensions.cs: 28ee7421c4d34eb9c057646838e28859 -> 
  custom:scripting/monoscript/fileName/Vector3XTweenProperty.cs: 9592582ea2f541a8cf92ba7dd7dd85f2 -> 
  custom:scripting/monoscript/fileName/Go.cs: 840adb47e0f4be71eeea7168442feb7d -> 
  custom:scripting/monoscript/fileName/ColorTweenProperty.cs: 94ba4bee52d153d3fd58a82d4cf8ce0c -> 
  custom:scripting/monoscript/fileName/GoEaseLinear.cs: b690756fd76817f101a31dcd50ae4adc -> 
  custom:scripting/monoscript/fileName/GoEaseExponential.cs: 8f890ce1f0130e8014d1a219fa0d7904 -> 
  custom:scripting/monoscript/fileName/ScaleTweenProperty.cs: 068e501b322923caa36166fe86d472e5 -> 
  custom:video-decoder-ogg-theora: a1e56fd34408186e4bbccfd4996cb3dc -> 
  custom:scripting/monoscript/fileName/GoSpline.cs: 8039f73cfdc174dc6ffa15343c307f29 -> 
  custom:scripting/monoscript/fileName/GoTweenFlow.cs: ce7a11a1fb9e8397b83cab3847ba7970 -> 
  custom:scripting/monoscript/fileName/GoEaseQuartic.cs: d34853ce84f33fe9033901002d4ff793 -> 
  custom:framework-win-MediaFoundation: 216162199b28c13a410421893ffa2e32 -> 
  custom:scripting/monoscript/fileName/GoEaseBounce.cs: e71b365170d63025c159c4756b1910b2 -> 
  custom:scripting/monoscript/fileName/GoSplineQuadraticBezierSolver.cs: 44dee8c5fd496e5eb749f54d83d1397e -> 
  custom:scripting/monoscript/fileName/GoEaseQuadratic.cs: e3ed230c2d29b99c6f642587e4ad0e5d -> 
  custom:scripting/monoscript/fileName/MaterialColorTweenProperty.cs: f6d4ed9537ac95d7564838fa4e660e7d -> 
  custom:scripting/monoscript/fileName/GoEaseCircular.cs: 84a2009340e8431314db7056edf1bd68 -> 
  custom:scripting/monoscript/fileName/PositionPathTweenProperty.cs: efde40660de14fd7cd1ede2fa47e9837 -> 
  custom:video-encoder-webm-vp8: eb34c28f22e8b96e1ab97ce403110664 -> 
  custom:scripting/monoscript/fileName/FloatTweenProperty.cs: 48aea3a8bbe79ca6e0baa81dc186bdfd -> 
  custom:scripting/monoscript/fileName/GoTweenChain.cs: f9995827e6ddafabc43c1b0e0dcfd886 -> 
  custom:scripting/monoscript/fileName/GoTweenCollectionConfig.cs: 37c99bdc8dc674650bd69bc44bb2e57b -> 
  custom:audio-decoder-ogg-vorbis: bf7c407c2cedff20999df2af8eb42d56 -> 
  custom:scripting/monoscript/fileName/AbstractQuaternionTweenProperty.cs: 65ceda31db804ab1e0e34f0e48afa285 -> 
  custom:scripting/monoscript/fileName/AbstractColorTweenProperty.cs: bba0da230ed56fc0a25af92f6a3e377e -> 
  custom:scripting/monoscript/fileName/AbstractVector3TweenProperty.cs: 6aa4defef7531529f4ddc1516936e2e3 -> 
  custom:CustomObjectIndexerAttribute: 9a22284fe3817be447336de3de66b15e -> 
  custom:scripting/monoscript/fileName/Vector4TweenProperty.cs: 18bb73739ede80588b5bfadcee873907 -> 
  custom:scripting/monoscript/fileName/GoEaseBack.cs: 3f6e00793ada35f633abc2146480990e -> 
  custom:container-demuxer-webm: 4f35f7cbe854078d1ac9338744f61a02 -> 
  custom:scripting/monoscript/fileName/GoTweenConfig.cs: 5b3154c82824c20addf84e8652f51cfe -> 
  custom:scripting/monoscript/fileName/RotationQuaternionTweenProperty.cs: e0d94af0c913b0be4cd670833a2cda91 -> 
  custom:scripting/monoscript/fileName/GoTweenUtils.cs: 867d37edf69335bc6e54784197f28064 -> 
  custom:scripting/monoscript/fileName/GoSplineCubicBezierSolver.cs: 6d81419c64f7c334f4359254f1cbade0 -> 
  custom:audio-encoder-webm-vorbis: bf7c407c2cedff20999df2af8eb42d56 -> 
  custom:scripting/monoscript/fileName/ScalePathTweenProperty.cs: 816c1a788eca415c60d1b7e87fb103fe -> 
  custom:scripting/monoscript/fileName/GoEaseElastic.cs: f0cafb366ac4251d5c35fe413d3f62f6 -> 
  custom:scripting/monoscript/fileName/GoDummyPath.cs: a21201ab2fac2187e4faeaf08bb4ec90 -> 
  custom:scripting/monoscript/fileName/PositionTweenProperty.cs: e367a96b2cbc0b819bff5d0620f4b258 -> 
  custom:scripting/monoscript/fileName/Vector3TweenProperty.cs: 8e9f9d7bb7b15068d97f4d593f097c86 -> 
  custom:scripting/monoscript/fileName/AbstractGoTween.cs: 3bdc69e313ad58745cd33c4b74e6a709 -> 
  custom:scripting/monoscript/fileName/GoSplineStraightLineSolver.cs: b6a3907f2ead3ba9ac17ad3fdd121ec9 -> 
  custom:scripting/monoscript/fileName/AbstractGoTweenCollection.cs: 61d9f5f358696a7942516ed78ffe7e98 -> 
  custom:scripting/monoscript/fileName/Vector3PathTweenProperty.cs: 94848aa2e96060cfeaf83844ee158f0c -> 
  custom:scripting/monoscript/fileName/Vector3ZTweenProperty.cs: 35595634a87246c4e13691b1563178c5 -> 
  custom:scripting/monoscript/fileName/AbstractTweenProperty.cs: c71b2ece20cb4e1e30772e574c806625 -> 
  custom:container-muxer-webm: aa71ff27fc2769a1b78a27578f13a17b -> 
  custom:scripting/monoscript/fileName/AbstractGoSplineSolver.cs: 788a6b8052af6ee0371d3a464e692d1b -> 
  custom:scripting/monoscript/fileName/GoTween.cs: 4df5a8b9fefcbd8a2b5d6fe6223ee62f -> 
  custom:scripting/monoscript/fileName/RotationTweenProperty.cs: 13e7fbd741208cd89873755249a873a9 -> 
========================================================================
Received Prepare
Begin MonoManager ReloadAssembly
- Loaded All Assemblies, in  0.270 seconds
Refreshing native plugins compatible for Editor in 1.19 ms, found 1 plugins.
Native extension for WindowsStandalone target not found
Native extension for Android target not found
Mono: successfully reloaded assembly
- Finished resetting the current domain, in  0.362 seconds
Domain Reload Profiling: 632ms
	BeginReloadAssembly (102ms)
		ExecutionOrderSort (0ms)
		DisableScriptedObjects (4ms)
		BackupInstance (0ms)
		ReleaseScriptingObjects (0ms)
		CreateAndSetChildDomain (16ms)
	RebuildCommonClasses (22ms)
	RebuildNativeTypeToScriptingClass (7ms)
	initialDomainReloadingComplete (17ms)
	LoadAllAssembliesAndSetupDomain (120ms)
		LoadAssemblies (170ms)
		RebuildTransferFunctionScriptingTraits (0ms)
		AnalyzeDomain (9ms)
			TypeCache.Refresh (4ms)
				TypeCache.ScanAssembly (0ms)
			ScanForSourceGeneratedMonoScriptInfo (0ms)
			ResolveRequiredComponents (4ms)
	FinalizeReload (362ms)
		ReleaseScriptCaches (0ms)
		RebuildScriptCaches (0ms)
		SetupLoadedEditorAssemblies (179ms)
			LogAssemblyErrors (0ms)
			InitializePlatformSupportModulesInManaged (18ms)
			SetLoadedEditorAssemblies (2ms)
			RefreshPlugins (0ms)
			BeforeProcessingInitializeOnLoad (36ms)
			ProcessInitializeOnLoadAttributes (107ms)
			ProcessInitializeOnLoadMethodAttributes (15ms)
			AfterProcessingInitializeOnLoad (2ms)
			EditorAssembliesLoaded (0ms)
		ExecutionOrderSort2 (0ms)
		AwakeInstancesAfterBackupRestoration (4ms)
Refreshing native plugins compatible for Editor in 1.62 ms, found 1 plugins.
Preloading 0 native plugins for Editor in 0.00 ms.
Unloading 2332 Unused Serialized files (Serialized files now loaded: 0)
Unloading 33 unused Assets / (0.7 MB). Loaded Objects now: 2911.
Memory consumption went from 108.9 MB to 108.3 MB.
Total: 2.257100 ms (FindLiveObjects: 0.170100 ms CreateObjectMapping: 0.063900 ms MarkObjects: 1.739000 ms  DeleteObjects: 0.283100 ms)

Prepare: number of updated asset objects reloaded= 0
AssetImportParameters requested are different than current active one (requested -> active):
  custom:scripting/monoscript/fileName/GoSmoothedVector3.cs: 3a6ceb396859da913cbecdd1940e0aa2 -> 
  custom:scripting/monoscript/fileName/EulerAnglesTweenProperty.cs: 7a2321a8c63f28c3857aa33414a11270 -> 
  custom:video-decoder-webm-vp8: 9c59270c3fd7afecdb556c50c9e8de78 -> 
  custom:scripting/monoscript/fileName/IGenericProperty.cs: f404e27010d8ce1a25f7cc2ac06431ac -> 
  custom:scripting/monoscript/fileName/GoEaseSinusoidal.cs: e637d6b7456e2acd06dfd152f10b71d1 -> 
  custom:scripting/monoscript/fileName/GoSplineCatmullRomSolver.cs: 8bbd4e9dc2722b25540d14d500b88879 -> 
  custom:scripting/monoscript/fileName/IntTweenProperty.cs: 1f39418055dd7708ff3b9e75a86d93a1 -> 
  custom:scripting/monoscript/fileName/Vector3YTweenProperty.cs: 2b996e9222bddad772657bb084e9da48 -> 
  custom:scripting/monoscript/fileName/GoEaseQuintic.cs: 672086238d051af0856016e64ad97204 -> 
  custom:scripting/monoscript/fileName/GoEaseCubic.cs: 7d74fd43480e52f793e3086826193b77 -> 
  custom:SearchIndexIgnoredProperties: e643bd26f0fe6173181afceb89e7c659 -> 
  custom:scripting/monoscript/fileName/GoSmoothedQuaternion.cs: 92de95a3ce149743e526859a8d0255c5 -> 
  custom:container-demuxer-ogg: 62fdf1f143b41e24485cea50d1cbac27 -> 
  custom:AudioImporter_EditorPlatform: d09bf68614088b80899f8185d706f6e7 -> 
  custom:scripting/monoscript/fileName/ShakeTweenProperty.cs: fdb713005206085d3b49cdd6b2d15f80 -> 
  custom:scripting/monoscript/fileName/Vector2TweenProperty.cs: d7a25a544d56d947d9526019347f1f6e -> 
  custom:scripting/monoscript/fileName/GoKitTweenExtensions.cs: 28ee7421c4d34eb9c057646838e28859 -> 
  custom:scripting/monoscript/fileName/Vector3XTweenProperty.cs: 9592582ea2f541a8cf92ba7dd7dd85f2 -> 
  custom:scripting/monoscript/fileName/Go.cs: 840adb47e0f4be71eeea7168442feb7d -> 
  custom:scripting/monoscript/fileName/ColorTweenProperty.cs: 94ba4bee52d153d3fd58a82d4cf8ce0c -> 
  custom:scripting/monoscript/fileName/GoEaseLinear.cs: b690756fd76817f101a31dcd50ae4adc -> 
  custom:scripting/monoscript/fileName/GoEaseExponential.cs: 8f890ce1f0130e8014d1a219fa0d7904 -> 
  custom:scripting/monoscript/fileName/ScaleTweenProperty.cs: 068e501b322923caa36166fe86d472e5 -> 
  custom:video-decoder-ogg-theora: a1e56fd34408186e4bbccfd4996cb3dc -> 
  custom:scripting/monoscript/fileName/GoSpline.cs: 8039f73cfdc174dc6ffa15343c307f29 -> 
  custom:scripting/monoscript/fileName/GoTweenFlow.cs: ce7a11a1fb9e8397b83cab3847ba7970 -> 
  custom:scripting/monoscript/fileName/GoEaseQuartic.cs: d34853ce84f33fe9033901002d4ff793 -> 
  custom:framework-win-MediaFoundation: 216162199b28c13a410421893ffa2e32 -> 
  custom:scripting/monoscript/fileName/GoEaseBounce.cs: e71b365170d63025c159c4756b1910b2 -> 
  custom:scripting/monoscript/fileName/GoSplineQuadraticBezierSolver.cs: 44dee8c5fd496e5eb749f54d83d1397e -> 
  custom:scripting/monoscript/fileName/GoEaseQuadratic.cs: e3ed230c2d29b99c6f642587e4ad0e5d -> 
  custom:scripting/monoscript/fileName/MaterialColorTweenProperty.cs: f6d4ed9537ac95d7564838fa4e660e7d -> 
  custom:scripting/monoscript/fileName/GoEaseCircular.cs: 84a2009340e8431314db7056edf1bd68 -> 
  custom:scripting/monoscript/fileName/PositionPathTweenProperty.cs: efde40660de14fd7cd1ede2fa47e9837 -> 
  custom:video-encoder-webm-vp8: eb34c28f22e8b96e1ab97ce403110664 -> 
  custom:scripting/monoscript/fileName/FloatTweenProperty.cs: 48aea3a8bbe79ca6e0baa81dc186bdfd -> 
  custom:scripting/monoscript/fileName/GoTweenChain.cs: f9995827e6ddafabc43c1b0e0dcfd886 -> 
  custom:scripting/monoscript/fileName/GoTweenCollectionConfig.cs: 37c99bdc8dc674650bd69bc44bb2e57b -> 
  custom:audio-decoder-ogg-vorbis: bf7c407c2cedff20999df2af8eb42d56 -> 
  custom:scripting/monoscript/fileName/AbstractQuaternionTweenProperty.cs: 65ceda31db804ab1e0e34f0e48afa285 -> 
  custom:scripting/monoscript/fileName/AbstractColorTweenProperty.cs: bba0da230ed56fc0a25af92f6a3e377e -> 
  custom:scripting/monoscript/fileName/AbstractVector3TweenProperty.cs: 6aa4defef7531529f4ddc1516936e2e3 -> 
  custom:CustomObjectIndexerAttribute: 9a22284fe3817be447336de3de66b15e -> 
  custom:scripting/monoscript/fileName/Vector4TweenProperty.cs: 18bb73739ede80588b5bfadcee873907 -> 
  custom:scripting/monoscript/fileName/GoEaseBack.cs: 3f6e00793ada35f633abc2146480990e -> 
  custom:container-demuxer-webm: 4f35f7cbe854078d1ac9338744f61a02 -> 
  custom:scripting/monoscript/fileName/GoTweenConfig.cs: 5b3154c82824c20addf84e8652f51cfe -> 
  custom:scripting/monoscript/fileName/RotationQuaternionTweenProperty.cs: e0d94af0c913b0be4cd670833a2cda91 -> 
  custom:scripting/monoscript/fileName/GoTweenUtils.cs: 867d37edf69335bc6e54784197f28064 -> 
  custom:scripting/monoscript/fileName/GoSplineCubicBezierSolver.cs: 6d81419c64f7c334f4359254f1cbade0 -> 
  custom:audio-encoder-webm-vorbis: bf7c407c2cedff20999df2af8eb42d56 -> 
  custom:scripting/monoscript/fileName/ScalePathTweenProperty.cs: 816c1a788eca415c60d1b7e87fb103fe -> 
  custom:scripting/monoscript/fileName/GoEaseElastic.cs: f0cafb366ac4251d5c35fe413d3f62f6 -> 
  custom:scripting/monoscript/fileName/GoDummyPath.cs: a21201ab2fac2187e4faeaf08bb4ec90 -> 
  custom:scripting/monoscript/fileName/PositionTweenProperty.cs: e367a96b2cbc0b819bff5d0620f4b258 -> 
  custom:scripting/monoscript/fileName/Vector3TweenProperty.cs: 8e9f9d7bb7b15068d97f4d593f097c86 -> 
  custom:scripting/monoscript/fileName/AbstractGoTween.cs: 3bdc69e313ad58745cd33c4b74e6a709 -> 
  custom:scripting/monoscript/fileName/GoSplineStraightLineSolver.cs: b6a3907f2ead3ba9ac17ad3fdd121ec9 -> 
  custom:scripting/monoscript/fileName/AbstractGoTweenCollection.cs: 61d9f5f358696a7942516ed78ffe7e98 -> 
  custom:scripting/monoscript/fileName/Vector3PathTweenProperty.cs: 94848aa2e96060cfeaf83844ee158f0c -> 
  custom:scripting/monoscript/fileName/Vector3ZTweenProperty.cs: 35595634a87246c4e13691b1563178c5 -> 
  custom:scripting/monoscript/fileName/AbstractTweenProperty.cs: c71b2ece20cb4e1e30772e574c806625 -> 
  custom:container-muxer-webm: aa71ff27fc2769a1b78a27578f13a17b -> 
  custom:scripting/monoscript/fileName/AbstractGoSplineSolver.cs: 788a6b8052af6ee0371d3a464e692d1b -> 
  custom:scripting/monoscript/fileName/GoTween.cs: 4df5a8b9fefcbd8a2b5d6fe6223ee62f -> 
  custom:scripting/monoscript/fileName/RotationTweenProperty.cs: 13e7fbd741208cd89873755249a873a9 -> 
========================================================================
Received Prepare
Begin MonoManager ReloadAssembly
- Loaded All Assemblies, in  0.274 seconds
Refreshing native plugins compatible for Editor in 1.10 ms, found 1 plugins.
Native extension for WindowsStandalone target not found
Native extension for Android target not found
Mono: successfully reloaded assembly
- Finished resetting the current domain, in  0.362 seconds
Domain Reload Profiling: 637ms
	BeginReloadAssembly (103ms)
		ExecutionOrderSort (0ms)
		DisableScriptedObjects (4ms)
		BackupInstance (0ms)
		ReleaseScriptingObjects (0ms)
		CreateAndSetChildDomain (17ms)
	RebuildCommonClasses (23ms)
	RebuildNativeTypeToScriptingClass (8ms)
	initialDomainReloadingComplete (18ms)
	LoadAllAssembliesAndSetupDomain (122ms)
		LoadAssemblies (172ms)
		RebuildTransferFunctionScriptingTraits (0ms)
		AnalyzeDomain (9ms)
			TypeCache.Refresh (4ms)
				TypeCache.ScanAssembly (0ms)
			ScanForSourceGeneratedMonoScriptInfo (0ms)
			ResolveRequiredComponents (4ms)
	FinalizeReload (362ms)
		ReleaseScriptCaches (0ms)
		RebuildScriptCaches (0ms)
		SetupLoadedEditorAssemblies (180ms)
			LogAssemblyErrors (0ms)
			InitializePlatformSupportModulesInManaged (16ms)
			SetLoadedEditorAssemblies (2ms)
			RefreshPlugins (0ms)
			BeforeProcessingInitializeOnLoad (37ms)
			ProcessInitializeOnLoadAttributes (108ms)
			ProcessInitializeOnLoadMethodAttributes (15ms)
			AfterProcessingInitializeOnLoad (2ms)
			EditorAssembliesLoaded (0ms)
		ExecutionOrderSort2 (0ms)
		AwakeInstancesAfterBackupRestoration (4ms)
Refreshing native plugins compatible for Editor in 1.32 ms, found 1 plugins.
Preloading 0 native plugins for Editor in 0.00 ms.
Unloading 2332 Unused Serialized files (Serialized files now loaded: 0)
Unloading 33 unused Assets / (0.7 MB). Loaded Objects now: 2914.
Memory consumption went from 108.9 MB to 108.3 MB.
Total: 2.223200 ms (FindLiveObjects: 0.155600 ms CreateObjectMapping: 0.057400 ms MarkObjects: 1.738800 ms  DeleteObjects: 0.269600 ms)

Prepare: number of updated asset objects reloaded= 0
AssetImportParameters requested are different than current active one (requested -> active):
  custom:scripting/monoscript/fileName/GoSmoothedVector3.cs: 3a6ceb396859da913cbecdd1940e0aa2 -> 
  custom:scripting/monoscript/fileName/EulerAnglesTweenProperty.cs: 7a2321a8c63f28c3857aa33414a11270 -> 
  custom:video-decoder-webm-vp8: 9c59270c3fd7afecdb556c50c9e8de78 -> 
  custom:scripting/monoscript/fileName/IGenericProperty.cs: f404e27010d8ce1a25f7cc2ac06431ac -> 
  custom:scripting/monoscript/fileName/GoEaseSinusoidal.cs: e637d6b7456e2acd06dfd152f10b71d1 -> 
  custom:scripting/monoscript/fileName/GoSplineCatmullRomSolver.cs: 8bbd4e9dc2722b25540d14d500b88879 -> 
  custom:scripting/monoscript/fileName/IntTweenProperty.cs: 1f39418055dd7708ff3b9e75a86d93a1 -> 
  custom:scripting/monoscript/fileName/Vector3YTweenProperty.cs: 2b996e9222bddad772657bb084e9da48 -> 
  custom:scripting/monoscript/fileName/GoEaseQuintic.cs: 672086238d051af0856016e64ad97204 -> 
  custom:scripting/monoscript/fileName/GoEaseCubic.cs: 7d74fd43480e52f793e3086826193b77 -> 
  custom:SearchIndexIgnoredProperties: e643bd26f0fe6173181afceb89e7c659 -> 
  custom:scripting/monoscript/fileName/GoSmoothedQuaternion.cs: 92de95a3ce149743e526859a8d0255c5 -> 
  custom:container-demuxer-ogg: 62fdf1f143b41e24485cea50d1cbac27 -> 
  custom:AudioImporter_EditorPlatform: d09bf68614088b80899f8185d706f6e7 -> 
  custom:scripting/monoscript/fileName/ShakeTweenProperty.cs: fdb713005206085d3b49cdd6b2d15f80 -> 
  custom:scripting/monoscript/fileName/Vector2TweenProperty.cs: d7a25a544d56d947d9526019347f1f6e -> 
  custom:scripting/monoscript/fileName/GoKitTweenExtensions.cs: 28ee7421c4d34eb9c057646838e28859 -> 
  custom:scripting/monoscript/fileName/Vector3XTweenProperty.cs: 9592582ea2f541a8cf92ba7dd7dd85f2 -> 
  custom:scripting/monoscript/fileName/Go.cs: 840adb47e0f4be71eeea7168442feb7d -> 
  custom:scripting/monoscript/fileName/ColorTweenProperty.cs: 94ba4bee52d153d3fd58a82d4cf8ce0c -> 
  custom:scripting/monoscript/fileName/GoEaseLinear.cs: b690756fd76817f101a31dcd50ae4adc -> 
  custom:scripting/monoscript/fileName/GoEaseExponential.cs: 8f890ce1f0130e8014d1a219fa0d7904 -> 
  custom:scripting/monoscript/fileName/ScaleTweenProperty.cs: 068e501b322923caa36166fe86d472e5 -> 
  custom:video-decoder-ogg-theora: a1e56fd34408186e4bbccfd4996cb3dc -> 
  custom:scripting/monoscript/fileName/GoSpline.cs: 8039f73cfdc174dc6ffa15343c307f29 -> 
  custom:scripting/monoscript/fileName/GoTweenFlow.cs: ce7a11a1fb9e8397b83cab3847ba7970 -> 
  custom:scripting/monoscript/fileName/GoEaseQuartic.cs: d34853ce84f33fe9033901002d4ff793 -> 
  custom:framework-win-MediaFoundation: 216162199b28c13a410421893ffa2e32 -> 
  custom:scripting/monoscript/fileName/GoEaseBounce.cs: e71b365170d63025c159c4756b1910b2 -> 
  custom:scripting/monoscript/fileName/GoSplineQuadraticBezierSolver.cs: 44dee8c5fd496e5eb749f54d83d1397e -> 
  custom:scripting/monoscript/fileName/GoEaseQuadratic.cs: e3ed230c2d29b99c6f642587e4ad0e5d -> 
  custom:scripting/monoscript/fileName/MaterialColorTweenProperty.cs: f6d4ed9537ac95d7564838fa4e660e7d -> 
  custom:scripting/monoscript/fileName/GoEaseCircular.cs: 84a2009340e8431314db7056edf1bd68 -> 
  custom:scripting/monoscript/fileName/PositionPathTweenProperty.cs: efde40660de14fd7cd1ede2fa47e9837 -> 
  custom:video-encoder-webm-vp8: eb34c28f22e8b96e1ab97ce403110664 -> 
  custom:scripting/monoscript/fileName/FloatTweenProperty.cs: 48aea3a8bbe79ca6e0baa81dc186bdfd -> 
  custom:scripting/monoscript/fileName/GoTweenChain.cs: f9995827e6ddafabc43c1b0e0dcfd886 -> 
  custom:scripting/monoscript/fileName/GoTweenCollectionConfig.cs: 37c99bdc8dc674650bd69bc44bb2e57b -> 
  custom:audio-decoder-ogg-vorbis: bf7c407c2cedff20999df2af8eb42d56 -> 
  custom:scripting/monoscript/fileName/AbstractQuaternionTweenProperty.cs: 65ceda31db804ab1e0e34f0e48afa285 -> 
  custom:scripting/monoscript/fileName/AbstractColorTweenProperty.cs: bba0da230ed56fc0a25af92f6a3e377e -> 
  custom:scripting/monoscript/fileName/AbstractVector3TweenProperty.cs: 6aa4defef7531529f4ddc1516936e2e3 -> 
  custom:CustomObjectIndexerAttribute: 9a22284fe3817be447336de3de66b15e -> 
  custom:scripting/monoscript/fileName/Vector4TweenProperty.cs: 18bb73739ede80588b5bfadcee873907 -> 
  custom:scripting/monoscript/fileName/GoEaseBack.cs: 3f6e00793ada35f633abc2146480990e -> 
  custom:container-demuxer-webm: 4f35f7cbe854078d1ac9338744f61a02 -> 
  custom:scripting/monoscript/fileName/GoTweenConfig.cs: 5b3154c82824c20addf84e8652f51cfe -> 
  custom:scripting/monoscript/fileName/RotationQuaternionTweenProperty.cs: e0d94af0c913b0be4cd670833a2cda91 -> 
  custom:scripting/monoscript/fileName/GoTweenUtils.cs: 867d37edf69335bc6e54784197f28064 -> 
  custom:scripting/monoscript/fileName/GoSplineCubicBezierSolver.cs: 6d81419c64f7c334f4359254f1cbade0 -> 
  custom:audio-encoder-webm-vorbis: bf7c407c2cedff20999df2af8eb42d56 -> 
  custom:scripting/monoscript/fileName/ScalePathTweenProperty.cs: 816c1a788eca415c60d1b7e87fb103fe -> 
  custom:scripting/monoscript/fileName/GoEaseElastic.cs: f0cafb366ac4251d5c35fe413d3f62f6 -> 
  custom:scripting/monoscript/fileName/GoDummyPath.cs: a21201ab2fac2187e4faeaf08bb4ec90 -> 
  custom:scripting/monoscript/fileName/PositionTweenProperty.cs: e367a96b2cbc0b819bff5d0620f4b258 -> 
  custom:scripting/monoscript/fileName/Vector3TweenProperty.cs: 8e9f9d7bb7b15068d97f4d593f097c86 -> 
  custom:scripting/monoscript/fileName/AbstractGoTween.cs: 3bdc69e313ad58745cd33c4b74e6a709 -> 
  custom:scripting/monoscript/fileName/GoSplineStraightLineSolver.cs: b6a3907f2ead3ba9ac17ad3fdd121ec9 -> 
  custom:scripting/monoscript/fileName/AbstractGoTweenCollection.cs: 61d9f5f358696a7942516ed78ffe7e98 -> 
  custom:scripting/monoscript/fileName/Vector3PathTweenProperty.cs: 94848aa2e96060cfeaf83844ee158f0c -> 
  custom:scripting/monoscript/fileName/Vector3ZTweenProperty.cs: 35595634a87246c4e13691b1563178c5 -> 
  custom:scripting/monoscript/fileName/AbstractTweenProperty.cs: c71b2ece20cb4e1e30772e574c806625 -> 
  custom:container-muxer-webm: aa71ff27fc2769a1b78a27578f13a17b -> 
  custom:scripting/monoscript/fileName/AbstractGoSplineSolver.cs: 788a6b8052af6ee0371d3a464e692d1b -> 
  custom:scripting/monoscript/fileName/GoTween.cs: 4df5a8b9fefcbd8a2b5d6fe6223ee62f -> 
  custom:scripting/monoscript/fileName/RotationTweenProperty.cs: 13e7fbd741208cd89873755249a873a9 -> 
========================================================================
Received Prepare
Begin MonoManager ReloadAssembly
- Loaded All Assemblies, in  0.263 seconds
Refreshing native plugins compatible for Editor in 0.99 ms, found 1 plugins.
Native extension for WindowsStandalone target not found
Native extension for Android target not found
Mono: successfully reloaded assembly
- Finished resetting the current domain, in  0.352 seconds
Domain Reload Profiling: 615ms
	BeginReloadAssembly (107ms)
		ExecutionOrderSort (0ms)
		DisableScriptedObjects (4ms)
		BackupInstance (0ms)
		ReleaseScriptingObjects (0ms)
		CreateAndSetChildDomain (17ms)
	RebuildCommonClasses (22ms)
	RebuildNativeTypeToScriptingClass (8ms)
	initialDomainReloadingComplete (17ms)
	LoadAllAssembliesAndSetupDomain (109ms)
		LoadAssemblies (162ms)
		RebuildTransferFunctionScriptingTraits (0ms)
		AnalyzeDomain (8ms)
			TypeCache.Refresh (3ms)
				TypeCache.ScanAssembly (0ms)
			ScanForSourceGeneratedMonoScriptInfo (0ms)
			ResolveRequiredComponents (4ms)
	FinalizeReload (352ms)
		ReleaseScriptCaches (0ms)
		RebuildScriptCaches (0ms)
		SetupLoadedEditorAssemblies (174ms)
			LogAssemblyErrors (0ms)
			InitializePlatformSupportModulesInManaged (16ms)
			SetLoadedEditorAssemblies (2ms)
			RefreshPlugins (0ms)
			BeforeProcessingInitializeOnLoad (34ms)
			ProcessInitializeOnLoadAttributes (105ms)
			ProcessInitializeOnLoadMethodAttributes (16ms)
			AfterProcessingInitializeOnLoad (2ms)
			EditorAssembliesLoaded (0ms)
		ExecutionOrderSort2 (0ms)
		AwakeInstancesAfterBackupRestoration (4ms)
Refreshing native plugins compatible for Editor in 1.06 ms, found 1 plugins.
Preloading 0 native plugins for Editor in 0.00 ms.
Unloading 2332 Unused Serialized files (Serialized files now loaded: 0)
Unloading 33 unused Assets / (0.7 MB). Loaded Objects now: 2917.
Memory consumption went from 108.9 MB to 108.3 MB.
Total: 1.980300 ms (FindLiveObjects: 0.146000 ms CreateObjectMapping: 0.052200 ms MarkObjects: 1.536400 ms  DeleteObjects: 0.245200 ms)

Prepare: number of updated asset objects reloaded= 0
AssetImportParameters requested are different than current active one (requested -> active):
  custom:scripting/monoscript/fileName/GoSmoothedVector3.cs: 3a6ceb396859da913cbecdd1940e0aa2 -> 
  custom:scripting/monoscript/fileName/EulerAnglesTweenProperty.cs: 7a2321a8c63f28c3857aa33414a11270 -> 
  custom:video-decoder-webm-vp8: 9c59270c3fd7afecdb556c50c9e8de78 -> 
  custom:scripting/monoscript/fileName/IGenericProperty.cs: f404e27010d8ce1a25f7cc2ac06431ac -> 
  custom:scripting/monoscript/fileName/GoEaseSinusoidal.cs: e637d6b7456e2acd06dfd152f10b71d1 -> 
  custom:scripting/monoscript/fileName/GoSplineCatmullRomSolver.cs: 8bbd4e9dc2722b25540d14d500b88879 -> 
  custom:scripting/monoscript/fileName/IntTweenProperty.cs: 1f39418055dd7708ff3b9e75a86d93a1 -> 
  custom:scripting/monoscript/fileName/Vector3YTweenProperty.cs: 2b996e9222bddad772657bb084e9da48 -> 
  custom:scripting/monoscript/fileName/GoEaseQuintic.cs: 672086238d051af0856016e64ad97204 -> 
  custom:scripting/monoscript/fileName/GoEaseCubic.cs: 7d74fd43480e52f793e3086826193b77 -> 
  custom:SearchIndexIgnoredProperties: e643bd26f0fe6173181afceb89e7c659 -> 
  custom:scripting/monoscript/fileName/GoSmoothedQuaternion.cs: 92de95a3ce149743e526859a8d0255c5 -> 
  custom:container-demuxer-ogg: 62fdf1f143b41e24485cea50d1cbac27 -> 
  custom:AudioImporter_EditorPlatform: d09bf68614088b80899f8185d706f6e7 -> 
  custom:scripting/monoscript/fileName/ShakeTweenProperty.cs: fdb713005206085d3b49cdd6b2d15f80 -> 
  custom:scripting/monoscript/fileName/Vector2TweenProperty.cs: d7a25a544d56d947d9526019347f1f6e -> 
  custom:scripting/monoscript/fileName/GoKitTweenExtensions.cs: 28ee7421c4d34eb9c057646838e28859 -> 
  custom:scripting/monoscript/fileName/Vector3XTweenProperty.cs: 9592582ea2f541a8cf92ba7dd7dd85f2 -> 
  custom:scripting/monoscript/fileName/Go.cs: 840adb47e0f4be71eeea7168442feb7d -> 
  custom:scripting/monoscript/fileName/ColorTweenProperty.cs: 94ba4bee52d153d3fd58a82d4cf8ce0c -> 
  custom:scripting/monoscript/fileName/GoEaseLinear.cs: b690756fd76817f101a31dcd50ae4adc -> 
  custom:scripting/monoscript/fileName/GoEaseExponential.cs: 8f890ce1f0130e8014d1a219fa0d7904 -> 
  custom:scripting/monoscript/fileName/ScaleTweenProperty.cs: 068e501b322923caa36166fe86d472e5 -> 
  custom:video-decoder-ogg-theora: a1e56fd34408186e4bbccfd4996cb3dc -> 
  custom:scripting/monoscript/fileName/GoSpline.cs: 8039f73cfdc174dc6ffa15343c307f29 -> 
  custom:scripting/monoscript/fileName/GoTweenFlow.cs: ce7a11a1fb9e8397b83cab3847ba7970 -> 
  custom:scripting/monoscript/fileName/GoEaseQuartic.cs: d34853ce84f33fe9033901002d4ff793 -> 
  custom:framework-win-MediaFoundation: 216162199b28c13a410421893ffa2e32 -> 
  custom:scripting/monoscript/fileName/GoEaseBounce.cs: e71b365170d63025c159c4756b1910b2 -> 
  custom:scripting/monoscript/fileName/GoSplineQuadraticBezierSolver.cs: 44dee8c5fd496e5eb749f54d83d1397e -> 
  custom:scripting/monoscript/fileName/GoEaseQuadratic.cs: e3ed230c2d29b99c6f642587e4ad0e5d -> 
  custom:scripting/monoscript/fileName/MaterialColorTweenProperty.cs: f6d4ed9537ac95d7564838fa4e660e7d -> 
  custom:scripting/monoscript/fileName/GoEaseCircular.cs: 84a2009340e8431314db7056edf1bd68 -> 
  custom:scripting/monoscript/fileName/PositionPathTweenProperty.cs: efde40660de14fd7cd1ede2fa47e9837 -> 
  custom:video-encoder-webm-vp8: eb34c28f22e8b96e1ab97ce403110664 -> 
  custom:scripting/monoscript/fileName/FloatTweenProperty.cs: 48aea3a8bbe79ca6e0baa81dc186bdfd -> 
  custom:scripting/monoscript/fileName/GoTweenChain.cs: f9995827e6ddafabc43c1b0e0dcfd886 -> 
  custom:scripting/monoscript/fileName/GoTweenCollectionConfig.cs: 37c99bdc8dc674650bd69bc44bb2e57b -> 
  custom:audio-decoder-ogg-vorbis: bf7c407c2cedff20999df2af8eb42d56 -> 
  custom:scripting/monoscript/fileName/AbstractQuaternionTweenProperty.cs: 65ceda31db804ab1e0e34f0e48afa285 -> 
  custom:scripting/monoscript/fileName/AbstractColorTweenProperty.cs: bba0da230ed56fc0a25af92f6a3e377e -> 
  custom:scripting/monoscript/fileName/AbstractVector3TweenProperty.cs: 6aa4defef7531529f4ddc1516936e2e3 -> 
  custom:CustomObjectIndexerAttribute: 9a22284fe3817be447336de3de66b15e -> 
  custom:scripting/monoscript/fileName/Vector4TweenProperty.cs: 18bb73739ede80588b5bfadcee873907 -> 
  custom:scripting/monoscript/fileName/GoEaseBack.cs: 3f6e00793ada35f633abc2146480990e -> 
  custom:container-demuxer-webm: 4f35f7cbe854078d1ac9338744f61a02 -> 
  custom:scripting/monoscript/fileName/GoTweenConfig.cs: 5b3154c82824c20addf84e8652f51cfe -> 
  custom:scripting/monoscript/fileName/RotationQuaternionTweenProperty.cs: e0d94af0c913b0be4cd670833a2cda91 -> 
  custom:scripting/monoscript/fileName/GoTweenUtils.cs: 867d37edf69335bc6e54784197f28064 -> 
  custom:scripting/monoscript/fileName/GoSplineCubicBezierSolver.cs: 6d81419c64f7c334f4359254f1cbade0 -> 
  custom:audio-encoder-webm-vorbis: bf7c407c2cedff20999df2af8eb42d56 -> 
  custom:scripting/monoscript/fileName/ScalePathTweenProperty.cs: 816c1a788eca415c60d1b7e87fb103fe -> 
  custom:scripting/monoscript/fileName/GoEaseElastic.cs: f0cafb366ac4251d5c35fe413d3f62f6 -> 
  custom:scripting/monoscript/fileName/GoDummyPath.cs: a21201ab2fac2187e4faeaf08bb4ec90 -> 
  custom:scripting/monoscript/fileName/PositionTweenProperty.cs: e367a96b2cbc0b819bff5d0620f4b258 -> 
  custom:scripting/monoscript/fileName/Vector3TweenProperty.cs: 8e9f9d7bb7b15068d97f4d593f097c86 -> 
  custom:scripting/monoscript/fileName/AbstractGoTween.cs: 3bdc69e313ad58745cd33c4b74e6a709 -> 
  custom:scripting/monoscript/fileName/GoSplineStraightLineSolver.cs: b6a3907f2ead3ba9ac17ad3fdd121ec9 -> 
  custom:scripting/monoscript/fileName/AbstractGoTweenCollection.cs: 61d9f5f358696a7942516ed78ffe7e98 -> 
  custom:scripting/monoscript/fileName/Vector3PathTweenProperty.cs: 94848aa2e96060cfeaf83844ee158f0c -> 
  custom:scripting/monoscript/fileName/Vector3ZTweenProperty.cs: 35595634a87246c4e13691b1563178c5 -> 
  custom:scripting/monoscript/fileName/AbstractTweenProperty.cs: c71b2ece20cb4e1e30772e574c806625 -> 
  custom:container-muxer-webm: aa71ff27fc2769a1b78a27578f13a17b -> 
  custom:scripting/monoscript/fileName/AbstractGoSplineSolver.cs: 788a6b8052af6ee0371d3a464e692d1b -> 
  custom:scripting/monoscript/fileName/GoTween.cs: 4df5a8b9fefcbd8a2b5d6fe6223ee62f -> 
  custom:scripting/monoscript/fileName/RotationTweenProperty.cs: 13e7fbd741208cd89873755249a873a9 -> 
========================================================================
Received Prepare
Begin MonoManager ReloadAssembly
- Loaded All Assemblies, in  0.268 seconds
Refreshing native plugins compatible for Editor in 1.06 ms, found 1 plugins.
Native extension for WindowsStandalone target not found
Native extension for Android target not found
Mono: successfully reloaded assembly
- Finished resetting the current domain, in  0.356 seconds
Domain Reload Profiling: 625ms
	BeginReloadAssembly (101ms)
		ExecutionOrderSort (0ms)
		DisableScriptedObjects (4ms)
		BackupInstance (0ms)
		ReleaseScriptingObjects (0ms)
		CreateAndSetChildDomain (16ms)
	RebuildCommonClasses (23ms)
	RebuildNativeTypeToScriptingClass (8ms)
	initialDomainReloadingComplete (21ms)
	LoadAllAssembliesAndSetupDomain (115ms)
		LoadAssemblies (163ms)
		RebuildTransferFunctionScriptingTraits (0ms)
		AnalyzeDomain (9ms)
			TypeCache.Refresh (4ms)
				TypeCache.ScanAssembly (0ms)
			ScanForSourceGeneratedMonoScriptInfo (0ms)
			ResolveRequiredComponents (4ms)
	FinalizeReload (357ms)
		ReleaseScriptCaches (0ms)
		RebuildScriptCaches (0ms)
		SetupLoadedEditorAssemblies (178ms)
			LogAssemblyErrors (0ms)
			InitializePlatformSupportModulesInManaged (16ms)
			SetLoadedEditorAssemblies (2ms)
			RefreshPlugins (0ms)
			BeforeProcessingInitializeOnLoad (35ms)
			ProcessInitializeOnLoadAttributes (107ms)
			ProcessInitializeOnLoadMethodAttributes (16ms)
			AfterProcessingInitializeOnLoad (2ms)
			EditorAssembliesLoaded (0ms)
		ExecutionOrderSort2 (0ms)
		AwakeInstancesAfterBackupRestoration (5ms)
Refreshing native plugins compatible for Editor in 1.02 ms, found 1 plugins.
Preloading 0 native plugins for Editor in 0.00 ms.
Unloading 2332 Unused Serialized files (Serialized files now loaded: 0)
Unloading 33 unused Assets / (0.7 MB). Loaded Objects now: 2920.
Memory consumption went from 108.9 MB to 108.3 MB.
Total: 2.027400 ms (FindLiveObjects: 0.156400 ms CreateObjectMapping: 0.054200 ms MarkObjects: 1.572000 ms  DeleteObjects: 0.244000 ms)

Prepare: number of updated asset objects reloaded= 0
AssetImportParameters requested are different than current active one (requested -> active):
  custom:scripting/monoscript/fileName/GoSmoothedVector3.cs: 3a6ceb396859da913cbecdd1940e0aa2 -> 
  custom:scripting/monoscript/fileName/EulerAnglesTweenProperty.cs: 7a2321a8c63f28c3857aa33414a11270 -> 
  custom:video-decoder-webm-vp8: 9c59270c3fd7afecdb556c50c9e8de78 -> 
  custom:scripting/monoscript/fileName/IGenericProperty.cs: f404e27010d8ce1a25f7cc2ac06431ac -> 
  custom:scripting/monoscript/fileName/GoEaseSinusoidal.cs: e637d6b7456e2acd06dfd152f10b71d1 -> 
  custom:scripting/monoscript/fileName/GoSplineCatmullRomSolver.cs: 8bbd4e9dc2722b25540d14d500b88879 -> 
  custom:scripting/monoscript/fileName/IntTweenProperty.cs: 1f39418055dd7708ff3b9e75a86d93a1 -> 
  custom:scripting/monoscript/fileName/Vector3YTweenProperty.cs: 2b996e9222bddad772657bb084e9da48 -> 
  custom:scripting/monoscript/fileName/GoEaseQuintic.cs: 672086238d051af0856016e64ad97204 -> 
  custom:scripting/monoscript/fileName/GoEaseCubic.cs: 7d74fd43480e52f793e3086826193b77 -> 
  custom:SearchIndexIgnoredProperties: e643bd26f0fe6173181afceb89e7c659 -> 
  custom:scripting/monoscript/fileName/GoSmoothedQuaternion.cs: 92de95a3ce149743e526859a8d0255c5 -> 
  custom:container-demuxer-ogg: 62fdf1f143b41e24485cea50d1cbac27 -> 
  custom:AudioImporter_EditorPlatform: d09bf68614088b80899f8185d706f6e7 -> 
  custom:scripting/monoscript/fileName/ShakeTweenProperty.cs: fdb713005206085d3b49cdd6b2d15f80 -> 
  custom:scripting/monoscript/fileName/Vector2TweenProperty.cs: d7a25a544d56d947d9526019347f1f6e -> 
  custom:scripting/monoscript/fileName/GoKitTweenExtensions.cs: 28ee7421c4d34eb9c057646838e28859 -> 
  custom:scripting/monoscript/fileName/Vector3XTweenProperty.cs: 9592582ea2f541a8cf92ba7dd7dd85f2 -> 
  custom:scripting/monoscript/fileName/Go.cs: 840adb47e0f4be71eeea7168442feb7d -> 
  custom:scripting/monoscript/fileName/ColorTweenProperty.cs: 94ba4bee52d153d3fd58a82d4cf8ce0c -> 
  custom:scripting/monoscript/fileName/GoEaseLinear.cs: b690756fd76817f101a31dcd50ae4adc -> 
  custom:scripting/monoscript/fileName/GoEaseExponential.cs: 8f890ce1f0130e8014d1a219fa0d7904 -> 
  custom:scripting/monoscript/fileName/ScaleTweenProperty.cs: 068e501b322923caa36166fe86d472e5 -> 
  custom:video-decoder-ogg-theora: a1e56fd34408186e4bbccfd4996cb3dc -> 
  custom:scripting/monoscript/fileName/GoSpline.cs: 8039f73cfdc174dc6ffa15343c307f29 -> 
  custom:scripting/monoscript/fileName/GoTweenFlow.cs: ce7a11a1fb9e8397b83cab3847ba7970 -> 
  custom:scripting/monoscript/fileName/GoEaseQuartic.cs: d34853ce84f33fe9033901002d4ff793 -> 
  custom:framework-win-MediaFoundation: 216162199b28c13a410421893ffa2e32 -> 
  custom:scripting/monoscript/fileName/GoEaseBounce.cs: e71b365170d63025c159c4756b1910b2 -> 
  custom:scripting/monoscript/fileName/GoSplineQuadraticBezierSolver.cs: 44dee8c5fd496e5eb749f54d83d1397e -> 
  custom:scripting/monoscript/fileName/GoEaseQuadratic.cs: e3ed230c2d29b99c6f642587e4ad0e5d -> 
  custom:scripting/monoscript/fileName/MaterialColorTweenProperty.cs: f6d4ed9537ac95d7564838fa4e660e7d -> 
  custom:scripting/monoscript/fileName/GoEaseCircular.cs: 84a2009340e8431314db7056edf1bd68 -> 
  custom:scripting/monoscript/fileName/PositionPathTweenProperty.cs: efde40660de14fd7cd1ede2fa47e9837 -> 
  custom:video-encoder-webm-vp8: eb34c28f22e8b96e1ab97ce403110664 -> 
  custom:scripting/monoscript/fileName/FloatTweenProperty.cs: 48aea3a8bbe79ca6e0baa81dc186bdfd -> 
  custom:scripting/monoscript/fileName/GoTweenChain.cs: f9995827e6ddafabc43c1b0e0dcfd886 -> 
  custom:scripting/monoscript/fileName/GoTweenCollectionConfig.cs: 37c99bdc8dc674650bd69bc44bb2e57b -> 
  custom:audio-decoder-ogg-vorbis: bf7c407c2cedff20999df2af8eb42d56 -> 
  custom:scripting/monoscript/fileName/AbstractQuaternionTweenProperty.cs: 65ceda31db804ab1e0e34f0e48afa285 -> 
  custom:scripting/monoscript/fileName/AbstractColorTweenProperty.cs: bba0da230ed56fc0a25af92f6a3e377e -> 
  custom:scripting/monoscript/fileName/AbstractVector3TweenProperty.cs: 6aa4defef7531529f4ddc1516936e2e3 -> 
  custom:CustomObjectIndexerAttribute: 9a22284fe3817be447336de3de66b15e -> 
  custom:scripting/monoscript/fileName/Vector4TweenProperty.cs: 18bb73739ede80588b5bfadcee873907 -> 
  custom:scripting/monoscript/fileName/GoEaseBack.cs: 3f6e00793ada35f633abc2146480990e -> 
  custom:container-demuxer-webm: 4f35f7cbe854078d1ac9338744f61a02 -> 
  custom:scripting/monoscript/fileName/GoTweenConfig.cs: 5b3154c82824c20addf84e8652f51cfe -> 
  custom:scripting/monoscript/fileName/RotationQuaternionTweenProperty.cs: e0d94af0c913b0be4cd670833a2cda91 -> 
  custom:scripting/monoscript/fileName/GoTweenUtils.cs: 867d37edf69335bc6e54784197f28064 -> 
  custom:scripting/monoscript/fileName/GoSplineCubicBezierSolver.cs: 6d81419c64f7c334f4359254f1cbade0 -> 
  custom:audio-encoder-webm-vorbis: bf7c407c2cedff20999df2af8eb42d56 -> 
  custom:scripting/monoscript/fileName/ScalePathTweenProperty.cs: 816c1a788eca415c60d1b7e87fb103fe -> 
  custom:scripting/monoscript/fileName/GoEaseElastic.cs: f0cafb366ac4251d5c35fe413d3f62f6 -> 
  custom:scripting/monoscript/fileName/GoDummyPath.cs: a21201ab2fac2187e4faeaf08bb4ec90 -> 
  custom:scripting/monoscript/fileName/PositionTweenProperty.cs: e367a96b2cbc0b819bff5d0620f4b258 -> 
  custom:scripting/monoscript/fileName/Vector3TweenProperty.cs: 8e9f9d7bb7b15068d97f4d593f097c86 -> 
  custom:scripting/monoscript/fileName/AbstractGoTween.cs: 3bdc69e313ad58745cd33c4b74e6a709 -> 
  custom:scripting/monoscript/fileName/GoSplineStraightLineSolver.cs: b6a3907f2ead3ba9ac17ad3fdd121ec9 -> 
  custom:scripting/monoscript/fileName/AbstractGoTweenCollection.cs: 61d9f5f358696a7942516ed78ffe7e98 -> 
  custom:scripting/monoscript/fileName/Vector3PathTweenProperty.cs: 94848aa2e96060cfeaf83844ee158f0c -> 
  custom:scripting/monoscript/fileName/Vector3ZTweenProperty.cs: 35595634a87246c4e13691b1563178c5 -> 
  custom:scripting/monoscript/fileName/AbstractTweenProperty.cs: c71b2ece20cb4e1e30772e574c806625 -> 
  custom:container-muxer-webm: aa71ff27fc2769a1b78a27578f13a17b -> 
  custom:scripting/monoscript/fileName/AbstractGoSplineSolver.cs: 788a6b8052af6ee0371d3a464e692d1b -> 
  custom:scripting/monoscript/fileName/GoTween.cs: 4df5a8b9fefcbd8a2b5d6fe6223ee62f -> 
  custom:scripting/monoscript/fileName/RotationTweenProperty.cs: 13e7fbd741208cd89873755249a873a9 -> 
========================================================================
Received Prepare
Begin MonoManager ReloadAssembly
- Loaded All Assemblies, in  0.279 seconds
Refreshing native plugins compatible for Editor in 1.27 ms, found 1 plugins.
Native extension for WindowsStandalone target not found
Native extension for Android target not found
Mono: successfully reloaded assembly
- Finished resetting the current domain, in  0.356 seconds
Domain Reload Profiling: 636ms
	BeginReloadAssembly (108ms)
		ExecutionOrderSort (0ms)
		DisableScriptedObjects (5ms)
		BackupInstance (0ms)
		ReleaseScriptingObjects (0ms)
		CreateAndSetChildDomain (17ms)
	RebuildCommonClasses (29ms)
	RebuildNativeTypeToScriptingClass (8ms)
	initialDomainReloadingComplete (18ms)
	LoadAllAssembliesAndSetupDomain (116ms)
		LoadAssemblies (167ms)
		RebuildTransferFunctionScriptingTraits (0ms)
		AnalyzeDomain (9ms)
			TypeCache.Refresh (4ms)
				TypeCache.ScanAssembly (0ms)
			ScanForSourceGeneratedMonoScriptInfo (0ms)
			ResolveRequiredComponents (4ms)
	FinalizeReload (357ms)
		ReleaseScriptCaches (0ms)
		RebuildScriptCaches (0ms)
		SetupLoadedEditorAssemblies (173ms)
			LogAssemblyErrors (0ms)
			InitializePlatformSupportModulesInManaged (16ms)
			SetLoadedEditorAssemblies (2ms)
			RefreshPlugins (0ms)
			BeforeProcessingInitializeOnLoad (32ms)
			ProcessInitializeOnLoadAttributes (106ms)
			ProcessInitializeOnLoadMethodAttributes (14ms)
			AfterProcessingInitializeOnLoad (2ms)
			EditorAssembliesLoaded (0ms)
		ExecutionOrderSort2 (0ms)
		AwakeInstancesAfterBackupRestoration (4ms)
Refreshing native plugins compatible for Editor in 1.25 ms, found 1 plugins.
Preloading 0 native plugins for Editor in 0.00 ms.
Unloading 2332 Unused Serialized files (Serialized files now loaded: 0)
Unloading 33 unused Assets / (0.7 MB). Loaded Objects now: 2923.
Memory consumption went from 108.9 MB to 108.3 MB.
Total: 2.140900 ms (FindLiveObjects: 0.152000 ms CreateObjectMapping: 0.053500 ms MarkObjects: 1.652700 ms  DeleteObjects: 0.281000 ms)

Prepare: number of updated asset objects reloaded= 0
AssetImportParameters requested are different than current active one (requested -> active):
  custom:scripting/monoscript/fileName/GoSmoothedVector3.cs: 3a6ceb396859da913cbecdd1940e0aa2 -> 
  custom:scripting/monoscript/fileName/EulerAnglesTweenProperty.cs: 7a2321a8c63f28c3857aa33414a11270 -> 
  custom:video-decoder-webm-vp8: 9c59270c3fd7afecdb556c50c9e8de78 -> 
  custom:scripting/monoscript/fileName/IGenericProperty.cs: f404e27010d8ce1a25f7cc2ac06431ac -> 
  custom:scripting/monoscript/fileName/GoEaseSinusoidal.cs: e637d6b7456e2acd06dfd152f10b71d1 -> 
  custom:scripting/monoscript/fileName/GoSplineCatmullRomSolver.cs: 8bbd4e9dc2722b25540d14d500b88879 -> 
  custom:scripting/monoscript/fileName/IntTweenProperty.cs: 1f39418055dd7708ff3b9e75a86d93a1 -> 
  custom:scripting/monoscript/fileName/Vector3YTweenProperty.cs: 2b996e9222bddad772657bb084e9da48 -> 
  custom:scripting/monoscript/fileName/GoEaseQuintic.cs: 672086238d051af0856016e64ad97204 -> 
  custom:scripting/monoscript/fileName/GoEaseCubic.cs: 7d74fd43480e52f793e3086826193b77 -> 
  custom:SearchIndexIgnoredProperties: e643bd26f0fe6173181afceb89e7c659 -> 
  custom:scripting/monoscript/fileName/GoSmoothedQuaternion.cs: 92de95a3ce149743e526859a8d0255c5 -> 
  custom:container-demuxer-ogg: 62fdf1f143b41e24485cea50d1cbac27 -> 
  custom:AudioImporter_EditorPlatform: d09bf68614088b80899f8185d706f6e7 -> 
  custom:scripting/monoscript/fileName/ShakeTweenProperty.cs: fdb713005206085d3b49cdd6b2d15f80 -> 
  custom:scripting/monoscript/fileName/Vector2TweenProperty.cs: d7a25a544d56d947d9526019347f1f6e -> 
  custom:scripting/monoscript/fileName/GoKitTweenExtensions.cs: 28ee7421c4d34eb9c057646838e28859 -> 
  custom:scripting/monoscript/fileName/Vector3XTweenProperty.cs: 9592582ea2f541a8cf92ba7dd7dd85f2 -> 
  custom:scripting/monoscript/fileName/Go.cs: 840adb47e0f4be71eeea7168442feb7d -> 
  custom:scripting/monoscript/fileName/ColorTweenProperty.cs: 94ba4bee52d153d3fd58a82d4cf8ce0c -> 
  custom:scripting/monoscript/fileName/GoEaseLinear.cs: b690756fd76817f101a31dcd50ae4adc -> 
  custom:scripting/monoscript/fileName/GoEaseExponential.cs: 8f890ce1f0130e8014d1a219fa0d7904 -> 
  custom:scripting/monoscript/fileName/ScaleTweenProperty.cs: 068e501b322923caa36166fe86d472e5 -> 
  custom:video-decoder-ogg-theora: a1e56fd34408186e4bbccfd4996cb3dc -> 
  custom:scripting/monoscript/fileName/GoSpline.cs: 8039f73cfdc174dc6ffa15343c307f29 -> 
  custom:scripting/monoscript/fileName/GoTweenFlow.cs: ce7a11a1fb9e8397b83cab3847ba7970 -> 
  custom:scripting/monoscript/fileName/GoEaseQuartic.cs: d34853ce84f33fe9033901002d4ff793 -> 
  custom:framework-win-MediaFoundation: 216162199b28c13a410421893ffa2e32 -> 
  custom:scripting/monoscript/fileName/GoEaseBounce.cs: e71b365170d63025c159c4756b1910b2 -> 
  custom:scripting/monoscript/fileName/GoSplineQuadraticBezierSolver.cs: 44dee8c5fd496e5eb749f54d83d1397e -> 
  custom:scripting/monoscript/fileName/GoEaseQuadratic.cs: e3ed230c2d29b99c6f642587e4ad0e5d -> 
  custom:scripting/monoscript/fileName/MaterialColorTweenProperty.cs: f6d4ed9537ac95d7564838fa4e660e7d -> 
  custom:scripting/monoscript/fileName/GoEaseCircular.cs: 84a2009340e8431314db7056edf1bd68 -> 
  custom:scripting/monoscript/fileName/PositionPathTweenProperty.cs: efde40660de14fd7cd1ede2fa47e9837 -> 
  custom:video-encoder-webm-vp8: eb34c28f22e8b96e1ab97ce403110664 -> 
  custom:scripting/monoscript/fileName/FloatTweenProperty.cs: 48aea3a8bbe79ca6e0baa81dc186bdfd -> 
  custom:scripting/monoscript/fileName/GoTweenChain.cs: f9995827e6ddafabc43c1b0e0dcfd886 -> 
  custom:scripting/monoscript/fileName/GoTweenCollectionConfig.cs: 37c99bdc8dc674650bd69bc44bb2e57b -> 
  custom:audio-decoder-ogg-vorbis: bf7c407c2cedff20999df2af8eb42d56 -> 
  custom:scripting/monoscript/fileName/AbstractQuaternionTweenProperty.cs: 65ceda31db804ab1e0e34f0e48afa285 -> 
  custom:scripting/monoscript/fileName/AbstractColorTweenProperty.cs: bba0da230ed56fc0a25af92f6a3e377e -> 
  custom:scripting/monoscript/fileName/AbstractVector3TweenProperty.cs: 6aa4defef7531529f4ddc1516936e2e3 -> 
  custom:CustomObjectIndexerAttribute: 9a22284fe3817be447336de3de66b15e -> 
  custom:scripting/monoscript/fileName/Vector4TweenProperty.cs: 18bb73739ede80588b5bfadcee873907 -> 
  custom:scripting/monoscript/fileName/GoEaseBack.cs: 3f6e00793ada35f633abc2146480990e -> 
  custom:container-demuxer-webm: 4f35f7cbe854078d1ac9338744f61a02 -> 
  custom:scripting/monoscript/fileName/GoTweenConfig.cs: 5b3154c82824c20addf84e8652f51cfe -> 
  custom:scripting/monoscript/fileName/RotationQuaternionTweenProperty.cs: e0d94af0c913b0be4cd670833a2cda91 -> 
  custom:scripting/monoscript/fileName/GoTweenUtils.cs: 867d37edf69335bc6e54784197f28064 -> 
  custom:scripting/monoscript/fileName/GoSplineCubicBezierSolver.cs: 6d81419c64f7c334f4359254f1cbade0 -> 
  custom:audio-encoder-webm-vorbis: bf7c407c2cedff20999df2af8eb42d56 -> 
  custom:scripting/monoscript/fileName/ScalePathTweenProperty.cs: 816c1a788eca415c60d1b7e87fb103fe -> 
  custom:scripting/monoscript/fileName/GoEaseElastic.cs: f0cafb366ac4251d5c35fe413d3f62f6 -> 
  custom:scripting/monoscript/fileName/GoDummyPath.cs: a21201ab2fac2187e4faeaf08bb4ec90 -> 
  custom:scripting/monoscript/fileName/PositionTweenProperty.cs: e367a96b2cbc0b819bff5d0620f4b258 -> 
  custom:scripting/monoscript/fileName/Vector3TweenProperty.cs: 8e9f9d7bb7b15068d97f4d593f097c86 -> 
  custom:scripting/monoscript/fileName/AbstractGoTween.cs: 3bdc69e313ad58745cd33c4b74e6a709 -> 
  custom:scripting/monoscript/fileName/GoSplineStraightLineSolver.cs: b6a3907f2ead3ba9ac17ad3fdd121ec9 -> 
  custom:scripting/monoscript/fileName/AbstractGoTweenCollection.cs: 61d9f5f358696a7942516ed78ffe7e98 -> 
  custom:scripting/monoscript/fileName/Vector3PathTweenProperty.cs: 94848aa2e96060cfeaf83844ee158f0c -> 
  custom:scripting/monoscript/fileName/Vector3ZTweenProperty.cs: 35595634a87246c4e13691b1563178c5 -> 
  custom:scripting/monoscript/fileName/AbstractTweenProperty.cs: c71b2ece20cb4e1e30772e574c806625 -> 
  custom:container-muxer-webm: aa71ff27fc2769a1b78a27578f13a17b -> 
  custom:scripting/monoscript/fileName/AbstractGoSplineSolver.cs: 788a6b8052af6ee0371d3a464e692d1b -> 
  custom:scripting/monoscript/fileName/GoTween.cs: 4df5a8b9fefcbd8a2b5d6fe6223ee62f -> 
  custom:scripting/monoscript/fileName/RotationTweenProperty.cs: 13e7fbd741208cd89873755249a873a9 -> 
========================================================================
Received Prepare
Begin MonoManager ReloadAssembly
- Loaded All Assemblies, in  0.273 seconds
Refreshing native plugins compatible for Editor in 1.46 ms, found 1 plugins.
Native extension for WindowsStandalone target not found
Native extension for Android target not found
Mono: successfully reloaded assembly
- Finished resetting the current domain, in  0.368 seconds
Domain Reload Profiling: 641ms
	BeginReloadAssembly (104ms)
		ExecutionOrderSort (0ms)
		DisableScriptedObjects (5ms)
		BackupInstance (0ms)
		ReleaseScriptingObjects (0ms)
		CreateAndSetChildDomain (17ms)
	RebuildCommonClasses (24ms)
	RebuildNativeTypeToScriptingClass (9ms)
	initialDomainReloadingComplete (18ms)
	LoadAllAssembliesAndSetupDomain (118ms)
		LoadAssemblies (165ms)
		RebuildTransferFunctionScriptingTraits (0ms)
		AnalyzeDomain (11ms)
			TypeCache.Refresh (4ms)
				TypeCache.ScanAssembly (0ms)
			ScanForSourceGeneratedMonoScriptInfo (0ms)
			ResolveRequiredComponents (6ms)
	FinalizeReload (368ms)
		ReleaseScriptCaches (0ms)
		RebuildScriptCaches (0ms)
		SetupLoadedEditorAssemblies (189ms)
			LogAssemblyErrors (0ms)
			InitializePlatformSupportModulesInManaged (15ms)
			SetLoadedEditorAssemblies (2ms)
			RefreshPlugins (0ms)
			BeforeProcessingInitializeOnLoad (34ms)
			ProcessInitializeOnLoadAttributes (118ms)
			ProcessInitializeOnLoadMethodAttributes (17ms)
			AfterProcessingInitializeOnLoad (2ms)
			EditorAssembliesLoaded (0ms)
		ExecutionOrderSort2 (0ms)
		AwakeInstancesAfterBackupRestoration (6ms)
Refreshing native plugins compatible for Editor in 1.21 ms, found 1 plugins.
Preloading 0 native plugins for Editor in 0.00 ms.
Unloading 2332 Unused Serialized files (Serialized files now loaded: 0)
Unloading 33 unused Assets / (0.7 MB). Loaded Objects now: 2926.
Memory consumption went from 109.0 MB to 108.3 MB.
Total: 2.212200 ms (FindLiveObjects: 0.165800 ms CreateObjectMapping: 0.062600 ms MarkObjects: 1.719000 ms  DeleteObjects: 0.264000 ms)

Prepare: number of updated asset objects reloaded= 0
AssetImportParameters requested are different than current active one (requested -> active):
  custom:scripting/monoscript/fileName/GoSmoothedVector3.cs: 3a6ceb396859da913cbecdd1940e0aa2 -> 
  custom:scripting/monoscript/fileName/EulerAnglesTweenProperty.cs: 7a2321a8c63f28c3857aa33414a11270 -> 
  custom:video-decoder-webm-vp8: 9c59270c3fd7afecdb556c50c9e8de78 -> 
  custom:scripting/monoscript/fileName/IGenericProperty.cs: f404e27010d8ce1a25f7cc2ac06431ac -> 
  custom:scripting/monoscript/fileName/GoEaseSinusoidal.cs: e637d6b7456e2acd06dfd152f10b71d1 -> 
  custom:scripting/monoscript/fileName/GoSplineCatmullRomSolver.cs: 8bbd4e9dc2722b25540d14d500b88879 -> 
  custom:scripting/monoscript/fileName/IntTweenProperty.cs: 1f39418055dd7708ff3b9e75a86d93a1 -> 
  custom:scripting/monoscript/fileName/Vector3YTweenProperty.cs: 2b996e9222bddad772657bb084e9da48 -> 
  custom:scripting/monoscript/fileName/GoEaseQuintic.cs: 672086238d051af0856016e64ad97204 -> 
  custom:scripting/monoscript/fileName/GoEaseCubic.cs: 7d74fd43480e52f793e3086826193b77 -> 
  custom:SearchIndexIgnoredProperties: e643bd26f0fe6173181afceb89e7c659 -> 
  custom:scripting/monoscript/fileName/GoSmoothedQuaternion.cs: 92de95a3ce149743e526859a8d0255c5 -> 
  custom:container-demuxer-ogg: 62fdf1f143b41e24485cea50d1cbac27 -> 
  custom:AudioImporter_EditorPlatform: d09bf68614088b80899f8185d706f6e7 -> 
  custom:scripting/monoscript/fileName/ShakeTweenProperty.cs: fdb713005206085d3b49cdd6b2d15f80 -> 
  custom:scripting/monoscript/fileName/Vector2TweenProperty.cs: d7a25a544d56d947d9526019347f1f6e -> 
  custom:scripting/monoscript/fileName/GoKitTweenExtensions.cs: 28ee7421c4d34eb9c057646838e28859 -> 
  custom:scripting/monoscript/fileName/Vector3XTweenProperty.cs: 9592582ea2f541a8cf92ba7dd7dd85f2 -> 
  custom:scripting/monoscript/fileName/Go.cs: 840adb47e0f4be71eeea7168442feb7d -> 
  custom:scripting/monoscript/fileName/ColorTweenProperty.cs: 94ba4bee52d153d3fd58a82d4cf8ce0c -> 
  custom:scripting/monoscript/fileName/GoEaseLinear.cs: b690756fd76817f101a31dcd50ae4adc -> 
  custom:scripting/monoscript/fileName/GoEaseExponential.cs: 8f890ce1f0130e8014d1a219fa0d7904 -> 
  custom:scripting/monoscript/fileName/ScaleTweenProperty.cs: 068e501b322923caa36166fe86d472e5 -> 
  custom:video-decoder-ogg-theora: a1e56fd34408186e4bbccfd4996cb3dc -> 
  custom:scripting/monoscript/fileName/GoSpline.cs: 8039f73cfdc174dc6ffa15343c307f29 -> 
  custom:scripting/monoscript/fileName/GoTweenFlow.cs: ce7a11a1fb9e8397b83cab3847ba7970 -> 
  custom:scripting/monoscript/fileName/GoEaseQuartic.cs: d34853ce84f33fe9033901002d4ff793 -> 
  custom:framework-win-MediaFoundation: 216162199b28c13a410421893ffa2e32 -> 
  custom:scripting/monoscript/fileName/GoEaseBounce.cs: e71b365170d63025c159c4756b1910b2 -> 
  custom:scripting/monoscript/fileName/GoSplineQuadraticBezierSolver.cs: 44dee8c5fd496e5eb749f54d83d1397e -> 
  custom:scripting/monoscript/fileName/GoEaseQuadratic.cs: e3ed230c2d29b99c6f642587e4ad0e5d -> 
  custom:scripting/monoscript/fileName/MaterialColorTweenProperty.cs: f6d4ed9537ac95d7564838fa4e660e7d -> 
  custom:scripting/monoscript/fileName/GoEaseCircular.cs: 84a2009340e8431314db7056edf1bd68 -> 
  custom:scripting/monoscript/fileName/PositionPathTweenProperty.cs: efde40660de14fd7cd1ede2fa47e9837 -> 
  custom:video-encoder-webm-vp8: eb34c28f22e8b96e1ab97ce403110664 -> 
  custom:scripting/monoscript/fileName/FloatTweenProperty.cs: 48aea3a8bbe79ca6e0baa81dc186bdfd -> 
  custom:scripting/monoscript/fileName/GoTweenChain.cs: f9995827e6ddafabc43c1b0e0dcfd886 -> 
  custom:scripting/monoscript/fileName/GoTweenCollectionConfig.cs: 37c99bdc8dc674650bd69bc44bb2e57b -> 
  custom:audio-decoder-ogg-vorbis: bf7c407c2cedff20999df2af8eb42d56 -> 
  custom:scripting/monoscript/fileName/AbstractQuaternionTweenProperty.cs: 65ceda31db804ab1e0e34f0e48afa285 -> 
  custom:scripting/monoscript/fileName/AbstractColorTweenProperty.cs: bba0da230ed56fc0a25af92f6a3e377e -> 
  custom:scripting/monoscript/fileName/AbstractVector3TweenProperty.cs: 6aa4defef7531529f4ddc1516936e2e3 -> 
  custom:CustomObjectIndexerAttribute: 9a22284fe3817be447336de3de66b15e -> 
  custom:scripting/monoscript/fileName/Vector4TweenProperty.cs: 18bb73739ede80588b5bfadcee873907 -> 
  custom:scripting/monoscript/fileName/GoEaseBack.cs: 3f6e00793ada35f633abc2146480990e -> 
  custom:container-demuxer-webm: 4f35f7cbe854078d1ac9338744f61a02 -> 
  custom:scripting/monoscript/fileName/GoTweenConfig.cs: 5b3154c82824c20addf84e8652f51cfe -> 
  custom:scripting/monoscript/fileName/RotationQuaternionTweenProperty.cs: e0d94af0c913b0be4cd670833a2cda91 -> 
  custom:scripting/monoscript/fileName/GoTweenUtils.cs: 867d37edf69335bc6e54784197f28064 -> 
  custom:scripting/monoscript/fileName/GoSplineCubicBezierSolver.cs: 6d81419c64f7c334f4359254f1cbade0 -> 
  custom:audio-encoder-webm-vorbis: bf7c407c2cedff20999df2af8eb42d56 -> 
  custom:scripting/monoscript/fileName/ScalePathTweenProperty.cs: 816c1a788eca415c60d1b7e87fb103fe -> 
  custom:scripting/monoscript/fileName/GoEaseElastic.cs: f0cafb366ac4251d5c35fe413d3f62f6 -> 
  custom:scripting/monoscript/fileName/GoDummyPath.cs: a21201ab2fac2187e4faeaf08bb4ec90 -> 
  custom:scripting/monoscript/fileName/PositionTweenProperty.cs: e367a96b2cbc0b819bff5d0620f4b258 -> 
  custom:scripting/monoscript/fileName/Vector3TweenProperty.cs: 8e9f9d7bb7b15068d97f4d593f097c86 -> 
  custom:scripting/monoscript/fileName/AbstractGoTween.cs: 3bdc69e313ad58745cd33c4b74e6a709 -> 
  custom:scripting/monoscript/fileName/GoSplineStraightLineSolver.cs: b6a3907f2ead3ba9ac17ad3fdd121ec9 -> 
  custom:scripting/monoscript/fileName/AbstractGoTweenCollection.cs: 61d9f5f358696a7942516ed78ffe7e98 -> 
  custom:scripting/monoscript/fileName/Vector3PathTweenProperty.cs: 94848aa2e96060cfeaf83844ee158f0c -> 
  custom:scripting/monoscript/fileName/Vector3ZTweenProperty.cs: 35595634a87246c4e13691b1563178c5 -> 
  custom:scripting/monoscript/fileName/AbstractTweenProperty.cs: c71b2ece20cb4e1e30772e574c806625 -> 
  custom:container-muxer-webm: aa71ff27fc2769a1b78a27578f13a17b -> 
  custom:scripting/monoscript/fileName/AbstractGoSplineSolver.cs: 788a6b8052af6ee0371d3a464e692d1b -> 
  custom:scripting/monoscript/fileName/GoTween.cs: 4df5a8b9fefcbd8a2b5d6fe6223ee62f -> 
  custom:scripting/monoscript/fileName/RotationTweenProperty.cs: 13e7fbd741208cd89873755249a873a9 -> 
========================================================================
Received Prepare
Begin MonoManager ReloadAssembly
- Loaded All Assemblies, in  0.282 seconds
Refreshing native plugins compatible for Editor in 1.07 ms, found 1 plugins.
Native extension for WindowsStandalone target not found
Native extension for Android target not found
Mono: successfully reloaded assembly
- Finished resetting the current domain, in  0.362 seconds
Domain Reload Profiling: 644ms
	BeginReloadAssembly (105ms)
		ExecutionOrderSort (0ms)
		DisableScriptedObjects (4ms)
		BackupInstance (0ms)
		ReleaseScriptingObjects (0ms)
		CreateAndSetChildDomain (17ms)
	RebuildCommonClasses (29ms)
	RebuildNativeTypeToScriptingClass (8ms)
	initialDomainReloadingComplete (18ms)
	LoadAllAssembliesAndSetupDomain (121ms)
		LoadAssemblies (166ms)
		RebuildTransferFunctionScriptingTraits (0ms)
		AnalyzeDomain (15ms)
			TypeCache.Refresh (6ms)
				TypeCache.ScanAssembly (0ms)
			ScanForSourceGeneratedMonoScriptInfo (3ms)
			ResolveRequiredComponents (6ms)
	FinalizeReload (362ms)
		ReleaseScriptCaches (0ms)
		RebuildScriptCaches (0ms)
		SetupLoadedEditorAssemblies (176ms)
			LogAssemblyErrors (0ms)
			InitializePlatformSupportModulesInManaged (16ms)
			SetLoadedEditorAssemblies (2ms)
			RefreshPlugins (0ms)
			BeforeProcessingInitializeOnLoad (33ms)
			ProcessInitializeOnLoadAttributes (103ms)
			ProcessInitializeOnLoadMethodAttributes (20ms)
			AfterProcessingInitializeOnLoad (2ms)
			EditorAssembliesLoaded (0ms)
		ExecutionOrderSort2 (0ms)
		AwakeInstancesAfterBackupRestoration (6ms)
Refreshing native plugins compatible for Editor in 0.95 ms, found 1 plugins.
Preloading 0 native plugins for Editor in 0.00 ms.
Unloading 2332 Unused Serialized files (Serialized files now loaded: 0)
Unloading 33 unused Assets / (0.7 MB). Loaded Objects now: 2929.
Memory consumption went from 109.0 MB to 108.3 MB.
Total: 2.507000 ms (FindLiveObjects: 0.151700 ms CreateObjectMapping: 0.057200 ms MarkObjects: 1.908000 ms  DeleteObjects: 0.370700 ms)

Prepare: number of updated asset objects reloaded= 0
AssetImportParameters requested are different than current active one (requested -> active):
  custom:scripting/monoscript/fileName/GoSmoothedVector3.cs: 3a6ceb396859da913cbecdd1940e0aa2 -> 
  custom:scripting/monoscript/fileName/EulerAnglesTweenProperty.cs: 7a2321a8c63f28c3857aa33414a11270 -> 
  custom:video-decoder-webm-vp8: 9c59270c3fd7afecdb556c50c9e8de78 -> 
  custom:scripting/monoscript/fileName/IGenericProperty.cs: f404e27010d8ce1a25f7cc2ac06431ac -> 
  custom:scripting/monoscript/fileName/GoEaseSinusoidal.cs: e637d6b7456e2acd06dfd152f10b71d1 -> 
  custom:scripting/monoscript/fileName/GoSplineCatmullRomSolver.cs: 8bbd4e9dc2722b25540d14d500b88879 -> 
  custom:scripting/monoscript/fileName/IntTweenProperty.cs: 1f39418055dd7708ff3b9e75a86d93a1 -> 
  custom:scripting/monoscript/fileName/Vector3YTweenProperty.cs: 2b996e9222bddad772657bb084e9da48 -> 
  custom:scripting/monoscript/fileName/GoEaseQuintic.cs: 672086238d051af0856016e64ad97204 -> 
  custom:scripting/monoscript/fileName/GoEaseCubic.cs: 7d74fd43480e52f793e3086826193b77 -> 
  custom:SearchIndexIgnoredProperties: e643bd26f0fe6173181afceb89e7c659 -> 
  custom:scripting/monoscript/fileName/GoSmoothedQuaternion.cs: 92de95a3ce149743e526859a8d0255c5 -> 
  custom:container-demuxer-ogg: 62fdf1f143b41e24485cea50d1cbac27 -> 
  custom:AudioImporter_EditorPlatform: d09bf68614088b80899f8185d706f6e7 -> 
  custom:scripting/monoscript/fileName/ShakeTweenProperty.cs: fdb713005206085d3b49cdd6b2d15f80 -> 
  custom:scripting/monoscript/fileName/Vector2TweenProperty.cs: d7a25a544d56d947d9526019347f1f6e -> 
  custom:scripting/monoscript/fileName/GoKitTweenExtensions.cs: 28ee7421c4d34eb9c057646838e28859 -> 
  custom:scripting/monoscript/fileName/Vector3XTweenProperty.cs: 9592582ea2f541a8cf92ba7dd7dd85f2 -> 
  custom:scripting/monoscript/fileName/Go.cs: 840adb47e0f4be71eeea7168442feb7d -> 
  custom:scripting/monoscript/fileName/ColorTweenProperty.cs: 94ba4bee52d153d3fd58a82d4cf8ce0c -> 
  custom:scripting/monoscript/fileName/GoEaseLinear.cs: b690756fd76817f101a31dcd50ae4adc -> 
  custom:scripting/monoscript/fileName/GoEaseExponential.cs: 8f890ce1f0130e8014d1a219fa0d7904 -> 
  custom:scripting/monoscript/fileName/ScaleTweenProperty.cs: 068e501b322923caa36166fe86d472e5 -> 
  custom:video-decoder-ogg-theora: a1e56fd34408186e4bbccfd4996cb3dc -> 
  custom:scripting/monoscript/fileName/GoSpline.cs: 8039f73cfdc174dc6ffa15343c307f29 -> 
  custom:scripting/monoscript/fileName/GoTweenFlow.cs: ce7a11a1fb9e8397b83cab3847ba7970 -> 
  custom:scripting/monoscript/fileName/GoEaseQuartic.cs: d34853ce84f33fe9033901002d4ff793 -> 
  custom:framework-win-MediaFoundation: 216162199b28c13a410421893ffa2e32 -> 
  custom:scripting/monoscript/fileName/GoEaseBounce.cs: e71b365170d63025c159c4756b1910b2 -> 
  custom:scripting/monoscript/fileName/GoSplineQuadraticBezierSolver.cs: 44dee8c5fd496e5eb749f54d83d1397e -> 
  custom:scripting/monoscript/fileName/GoEaseQuadratic.cs: e3ed230c2d29b99c6f642587e4ad0e5d -> 
  custom:scripting/monoscript/fileName/MaterialColorTweenProperty.cs: f6d4ed9537ac95d7564838fa4e660e7d -> 
  custom:scripting/monoscript/fileName/GoEaseCircular.cs: 84a2009340e8431314db7056edf1bd68 -> 
  custom:scripting/monoscript/fileName/PositionPathTweenProperty.cs: efde40660de14fd7cd1ede2fa47e9837 -> 
  custom:video-encoder-webm-vp8: eb34c28f22e8b96e1ab97ce403110664 -> 
  custom:scripting/monoscript/fileName/FloatTweenProperty.cs: 48aea3a8bbe79ca6e0baa81dc186bdfd -> 
  custom:scripting/monoscript/fileName/GoTweenChain.cs: f9995827e6ddafabc43c1b0e0dcfd886 -> 
  custom:scripting/monoscript/fileName/GoTweenCollectionConfig.cs: 37c99bdc8dc674650bd69bc44bb2e57b -> 
  custom:audio-decoder-ogg-vorbis: bf7c407c2cedff20999df2af8eb42d56 -> 
  custom:scripting/monoscript/fileName/AbstractQuaternionTweenProperty.cs: 65ceda31db804ab1e0e34f0e48afa285 -> 
  custom:scripting/monoscript/fileName/AbstractColorTweenProperty.cs: bba0da230ed56fc0a25af92f6a3e377e -> 
  custom:scripting/monoscript/fileName/AbstractVector3TweenProperty.cs: 6aa4defef7531529f4ddc1516936e2e3 -> 
  custom:CustomObjectIndexerAttribute: 9a22284fe3817be447336de3de66b15e -> 
  custom:scripting/monoscript/fileName/Vector4TweenProperty.cs: 18bb73739ede80588b5bfadcee873907 -> 
  custom:scripting/monoscript/fileName/GoEaseBack.cs: 3f6e00793ada35f633abc2146480990e -> 
  custom:container-demuxer-webm: 4f35f7cbe854078d1ac9338744f61a02 -> 
  custom:scripting/monoscript/fileName/GoTweenConfig.cs: 5b3154c82824c20addf84e8652f51cfe -> 
  custom:scripting/monoscript/fileName/RotationQuaternionTweenProperty.cs: e0d94af0c913b0be4cd670833a2cda91 -> 
  custom:scripting/monoscript/fileName/GoTweenUtils.cs: 867d37edf69335bc6e54784197f28064 -> 
  custom:scripting/monoscript/fileName/GoSplineCubicBezierSolver.cs: 6d81419c64f7c334f4359254f1cbade0 -> 
  custom:audio-encoder-webm-vorbis: bf7c407c2cedff20999df2af8eb42d56 -> 
  custom:scripting/monoscript/fileName/ScalePathTweenProperty.cs: 816c1a788eca415c60d1b7e87fb103fe -> 
  custom:scripting/monoscript/fileName/GoEaseElastic.cs: f0cafb366ac4251d5c35fe413d3f62f6 -> 
  custom:scripting/monoscript/fileName/GoDummyPath.cs: a21201ab2fac2187e4faeaf08bb4ec90 -> 
  custom:scripting/monoscript/fileName/PositionTweenProperty.cs: e367a96b2cbc0b819bff5d0620f4b258 -> 
  custom:scripting/monoscript/fileName/Vector3TweenProperty.cs: 8e9f9d7bb7b15068d97f4d593f097c86 -> 
  custom:scripting/monoscript/fileName/AbstractGoTween.cs: 3bdc69e313ad58745cd33c4b74e6a709 -> 
  custom:scripting/monoscript/fileName/GoSplineStraightLineSolver.cs: b6a3907f2ead3ba9ac17ad3fdd121ec9 -> 
  custom:scripting/monoscript/fileName/AbstractGoTweenCollection.cs: 61d9f5f358696a7942516ed78ffe7e98 -> 
  custom:scripting/monoscript/fileName/Vector3PathTweenProperty.cs: 94848aa2e96060cfeaf83844ee158f0c -> 
  custom:scripting/monoscript/fileName/Vector3ZTweenProperty.cs: 35595634a87246c4e13691b1563178c5 -> 
  custom:scripting/monoscript/fileName/AbstractTweenProperty.cs: c71b2ece20cb4e1e30772e574c806625 -> 
  custom:container-muxer-webm: aa71ff27fc2769a1b78a27578f13a17b -> 
  custom:scripting/monoscript/fileName/AbstractGoSplineSolver.cs: 788a6b8052af6ee0371d3a464e692d1b -> 
  custom:scripting/monoscript/fileName/GoTween.cs: 4df5a8b9fefcbd8a2b5d6fe6223ee62f -> 
  custom:scripting/monoscript/fileName/RotationTweenProperty.cs: 13e7fbd741208cd89873755249a873a9 -> 
========================================================================
Received Prepare
Begin MonoManager ReloadAssembly
- Loaded All Assemblies, in  0.290 seconds
Refreshing native plugins compatible for Editor in 1.51 ms, found 1 plugins.
Native extension for WindowsStandalone target not found
Native extension for Android target not found
Mono: successfully reloaded assembly
- Finished resetting the current domain, in  0.376 seconds
Domain Reload Profiling: 666ms
	BeginReloadAssembly (107ms)
		ExecutionOrderSort (0ms)
		DisableScriptedObjects (4ms)
		BackupInstance (0ms)
		ReleaseScriptingObjects (0ms)
		CreateAndSetChildDomain (18ms)
	RebuildCommonClasses (24ms)
	RebuildNativeTypeToScriptingClass (8ms)
	initialDomainReloadingComplete (18ms)
	LoadAllAssembliesAndSetupDomain (133ms)
		LoadAssemblies (181ms)
		RebuildTransferFunctionScriptingTraits (0ms)
		AnalyzeDomain (12ms)
			TypeCache.Refresh (5ms)
				TypeCache.ScanAssembly (0ms)
			ScanForSourceGeneratedMonoScriptInfo (0ms)
			ResolveRequiredComponents (6ms)
	FinalizeReload (376ms)
		ReleaseScriptCaches (0ms)
		RebuildScriptCaches (0ms)
		SetupLoadedEditorAssemblies (179ms)
			LogAssemblyErrors (0ms)
			InitializePlatformSupportModulesInManaged (16ms)
			SetLoadedEditorAssemblies (2ms)
			RefreshPlugins (0ms)
			BeforeProcessingInitializeOnLoad (34ms)
			ProcessInitializeOnLoadAttributes (109ms)
			ProcessInitializeOnLoadMethodAttributes (16ms)
			AfterProcessingInitializeOnLoad (2ms)
			EditorAssembliesLoaded (0ms)
		ExecutionOrderSort2 (0ms)
		AwakeInstancesAfterBackupRestoration (5ms)
Refreshing native plugins compatible for Editor in 1.08 ms, found 1 plugins.
Preloading 0 native plugins for Editor in 0.00 ms.
Unloading 2332 Unused Serialized files (Serialized files now loaded: 0)
Unloading 33 unused Assets / (0.7 MB). Loaded Objects now: 2932.
Memory consumption went from 109.0 MB to 108.3 MB.
Total: 2.066900 ms (FindLiveObjects: 0.162400 ms CreateObjectMapping: 0.063000 ms MarkObjects: 1.579500 ms  DeleteObjects: 0.261100 ms)

Prepare: number of updated asset objects reloaded= 0
AssetImportParameters requested are different than current active one (requested -> active):
  custom:scripting/monoscript/fileName/GoSmoothedVector3.cs: 3a6ceb396859da913cbecdd1940e0aa2 -> 
  custom:scripting/monoscript/fileName/EulerAnglesTweenProperty.cs: 7a2321a8c63f28c3857aa33414a11270 -> 
  custom:video-decoder-webm-vp8: 9c59270c3fd7afecdb556c50c9e8de78 -> 
  custom:scripting/monoscript/fileName/IGenericProperty.cs: f404e27010d8ce1a25f7cc2ac06431ac -> 
  custom:scripting/monoscript/fileName/GoEaseSinusoidal.cs: e637d6b7456e2acd06dfd152f10b71d1 -> 
  custom:scripting/monoscript/fileName/GoSplineCatmullRomSolver.cs: 8bbd4e9dc2722b25540d14d500b88879 -> 
  custom:scripting/monoscript/fileName/IntTweenProperty.cs: 1f39418055dd7708ff3b9e75a86d93a1 -> 
  custom:scripting/monoscript/fileName/Vector3YTweenProperty.cs: 2b996e9222bddad772657bb084e9da48 -> 
  custom:scripting/monoscript/fileName/GoEaseQuintic.cs: 672086238d051af0856016e64ad97204 -> 
  custom:scripting/monoscript/fileName/GoEaseCubic.cs: 7d74fd43480e52f793e3086826193b77 -> 
  custom:SearchIndexIgnoredProperties: e643bd26f0fe6173181afceb89e7c659 -> 
  custom:scripting/monoscript/fileName/GoSmoothedQuaternion.cs: 92de95a3ce149743e526859a8d0255c5 -> 
  custom:container-demuxer-ogg: 62fdf1f143b41e24485cea50d1cbac27 -> 
  custom:AudioImporter_EditorPlatform: d09bf68614088b80899f8185d706f6e7 -> 
  custom:scripting/monoscript/fileName/ShakeTweenProperty.cs: fdb713005206085d3b49cdd6b2d15f80 -> 
  custom:scripting/monoscript/fileName/Vector2TweenProperty.cs: d7a25a544d56d947d9526019347f1f6e -> 
  custom:scripting/monoscript/fileName/GoKitTweenExtensions.cs: 28ee7421c4d34eb9c057646838e28859 -> 
  custom:scripting/monoscript/fileName/Vector3XTweenProperty.cs: 9592582ea2f541a8cf92ba7dd7dd85f2 -> 
  custom:scripting/monoscript/fileName/Go.cs: 840adb47e0f4be71eeea7168442feb7d -> 
  custom:scripting/monoscript/fileName/ColorTweenProperty.cs: 94ba4bee52d153d3fd58a82d4cf8ce0c -> 
  custom:scripting/monoscript/fileName/GoEaseLinear.cs: b690756fd76817f101a31dcd50ae4adc -> 
  custom:scripting/monoscript/fileName/GoEaseExponential.cs: 8f890ce1f0130e8014d1a219fa0d7904 -> 
  custom:scripting/monoscript/fileName/ScaleTweenProperty.cs: 068e501b322923caa36166fe86d472e5 -> 
  custom:video-decoder-ogg-theora: a1e56fd34408186e4bbccfd4996cb3dc -> 
  custom:scripting/monoscript/fileName/GoSpline.cs: 8039f73cfdc174dc6ffa15343c307f29 -> 
  custom:scripting/monoscript/fileName/GoTweenFlow.cs: ce7a11a1fb9e8397b83cab3847ba7970 -> 
  custom:scripting/monoscript/fileName/GoEaseQuartic.cs: d34853ce84f33fe9033901002d4ff793 -> 
  custom:framework-win-MediaFoundation: 216162199b28c13a410421893ffa2e32 -> 
  custom:scripting/monoscript/fileName/GoEaseBounce.cs: e71b365170d63025c159c4756b1910b2 -> 
  custom:scripting/monoscript/fileName/GoSplineQuadraticBezierSolver.cs: 44dee8c5fd496e5eb749f54d83d1397e -> 
  custom:scripting/monoscript/fileName/GoEaseQuadratic.cs: e3ed230c2d29b99c6f642587e4ad0e5d -> 
  custom:scripting/monoscript/fileName/MaterialColorTweenProperty.cs: f6d4ed9537ac95d7564838fa4e660e7d -> 
  custom:scripting/monoscript/fileName/GoEaseCircular.cs: 84a2009340e8431314db7056edf1bd68 -> 
  custom:scripting/monoscript/fileName/PositionPathTweenProperty.cs: efde40660de14fd7cd1ede2fa47e9837 -> 
  custom:video-encoder-webm-vp8: eb34c28f22e8b96e1ab97ce403110664 -> 
  custom:scripting/monoscript/fileName/FloatTweenProperty.cs: 48aea3a8bbe79ca6e0baa81dc186bdfd -> 
  custom:scripting/monoscript/fileName/GoTweenChain.cs: f9995827e6ddafabc43c1b0e0dcfd886 -> 
  custom:scripting/monoscript/fileName/GoTweenCollectionConfig.cs: 37c99bdc8dc674650bd69bc44bb2e57b -> 
  custom:audio-decoder-ogg-vorbis: bf7c407c2cedff20999df2af8eb42d56 -> 
  custom:scripting/monoscript/fileName/AbstractQuaternionTweenProperty.cs: 65ceda31db804ab1e0e34f0e48afa285 -> 
  custom:scripting/monoscript/fileName/AbstractColorTweenProperty.cs: bba0da230ed56fc0a25af92f6a3e377e -> 
  custom:scripting/monoscript/fileName/AbstractVector3TweenProperty.cs: 6aa4defef7531529f4ddc1516936e2e3 -> 
  custom:CustomObjectIndexerAttribute: 9a22284fe3817be447336de3de66b15e -> 
  custom:scripting/monoscript/fileName/Vector4TweenProperty.cs: 18bb73739ede80588b5bfadcee873907 -> 
  custom:scripting/monoscript/fileName/GoEaseBack.cs: 3f6e00793ada35f633abc2146480990e -> 
  custom:container-demuxer-webm: 4f35f7cbe854078d1ac9338744f61a02 -> 
  custom:scripting/monoscript/fileName/GoTweenConfig.cs: 5b3154c82824c20addf84e8652f51cfe -> 
  custom:scripting/monoscript/fileName/RotationQuaternionTweenProperty.cs: e0d94af0c913b0be4cd670833a2cda91 -> 
  custom:scripting/monoscript/fileName/GoTweenUtils.cs: 867d37edf69335bc6e54784197f28064 -> 
  custom:scripting/monoscript/fileName/GoSplineCubicBezierSolver.cs: 6d81419c64f7c334f4359254f1cbade0 -> 
  custom:audio-encoder-webm-vorbis: bf7c407c2cedff20999df2af8eb42d56 -> 
  custom:scripting/monoscript/fileName/ScalePathTweenProperty.cs: 816c1a788eca415c60d1b7e87fb103fe -> 
  custom:scripting/monoscript/fileName/GoEaseElastic.cs: f0cafb366ac4251d5c35fe413d3f62f6 -> 
  custom:scripting/monoscript/fileName/GoDummyPath.cs: a21201ab2fac2187e4faeaf08bb4ec90 -> 
  custom:scripting/monoscript/fileName/PositionTweenProperty.cs: e367a96b2cbc0b819bff5d0620f4b258 -> 
  custom:scripting/monoscript/fileName/Vector3TweenProperty.cs: 8e9f9d7bb7b15068d97f4d593f097c86 -> 
  custom:scripting/monoscript/fileName/AbstractGoTween.cs: 3bdc69e313ad58745cd33c4b74e6a709 -> 
  custom:scripting/monoscript/fileName/GoSplineStraightLineSolver.cs: b6a3907f2ead3ba9ac17ad3fdd121ec9 -> 
  custom:scripting/monoscript/fileName/AbstractGoTweenCollection.cs: 61d9f5f358696a7942516ed78ffe7e98 -> 
  custom:scripting/monoscript/fileName/Vector3PathTweenProperty.cs: 94848aa2e96060cfeaf83844ee158f0c -> 
  custom:scripting/monoscript/fileName/Vector3ZTweenProperty.cs: 35595634a87246c4e13691b1563178c5 -> 
  custom:scripting/monoscript/fileName/AbstractTweenProperty.cs: c71b2ece20cb4e1e30772e574c806625 -> 
  custom:container-muxer-webm: aa71ff27fc2769a1b78a27578f13a17b -> 
  custom:scripting/monoscript/fileName/AbstractGoSplineSolver.cs: 788a6b8052af6ee0371d3a464e692d1b -> 
  custom:scripting/monoscript/fileName/GoTween.cs: 4df5a8b9fefcbd8a2b5d6fe6223ee62f -> 
  custom:scripting/monoscript/fileName/RotationTweenProperty.cs: 13e7fbd741208cd89873755249a873a9 -> 
========================================================================
Received Prepare
Begin MonoManager ReloadAssembly
- Loaded All Assemblies, in  0.272 seconds
Refreshing native plugins compatible for Editor in 0.98 ms, found 1 plugins.
Native extension for WindowsStandalone target not found
Native extension for Android target not found
Mono: successfully reloaded assembly
- Finished resetting the current domain, in  0.362 seconds
Domain Reload Profiling: 633ms
	BeginReloadAssembly (104ms)
		ExecutionOrderSort (0ms)
		DisableScriptedObjects (4ms)
		BackupInstance (0ms)
		ReleaseScriptingObjects (0ms)
		CreateAndSetChildDomain (18ms)
	RebuildCommonClasses (22ms)
	RebuildNativeTypeToScriptingClass (7ms)
	initialDomainReloadingComplete (17ms)
	LoadAllAssembliesAndSetupDomain (122ms)
		LoadAssemblies (171ms)
		RebuildTransferFunctionScriptingTraits (0ms)
		AnalyzeDomain (9ms)
			TypeCache.Refresh (4ms)
				TypeCache.ScanAssembly (0ms)
			ScanForSourceGeneratedMonoScriptInfo (0ms)
			ResolveRequiredComponents (4ms)
	FinalizeReload (362ms)
		ReleaseScriptCaches (0ms)
		RebuildScriptCaches (0ms)
		SetupLoadedEditorAssemblies (175ms)
			LogAssemblyErrors (0ms)
			InitializePlatformSupportModulesInManaged (16ms)
			SetLoadedEditorAssemblies (2ms)
			RefreshPlugins (0ms)
			BeforeProcessingInitializeOnLoad (37ms)
			ProcessInitializeOnLoadAttributes (103ms)
			ProcessInitializeOnLoadMethodAttributes (15ms)
			AfterProcessingInitializeOnLoad (2ms)
			EditorAssembliesLoaded (0ms)
		ExecutionOrderSort2 (0ms)
		AwakeInstancesAfterBackupRestoration (5ms)
Refreshing native plugins compatible for Editor in 1.21 ms, found 1 plugins.
Preloading 0 native plugins for Editor in 0.00 ms.
Unloading 2332 Unused Serialized files (Serialized files now loaded: 0)
Unloading 33 unused Assets / (0.7 MB). Loaded Objects now: 2935.
Memory consumption went from 109.0 MB to 108.3 MB.
Total: 1.970300 ms (FindLiveObjects: 0.145400 ms CreateObjectMapping: 0.050700 ms MarkObjects: 1.535500 ms  DeleteObjects: 0.238200 ms)

Prepare: number of updated asset objects reloaded= 0
AssetImportParameters requested are different than current active one (requested -> active):
  custom:scripting/monoscript/fileName/GoSmoothedVector3.cs: 3a6ceb396859da913cbecdd1940e0aa2 -> 
  custom:scripting/monoscript/fileName/EulerAnglesTweenProperty.cs: 7a2321a8c63f28c3857aa33414a11270 -> 
  custom:video-decoder-webm-vp8: 9c59270c3fd7afecdb556c50c9e8de78 -> 
  custom:scripting/monoscript/fileName/IGenericProperty.cs: f404e27010d8ce1a25f7cc2ac06431ac -> 
  custom:scripting/monoscript/fileName/GoEaseSinusoidal.cs: e637d6b7456e2acd06dfd152f10b71d1 -> 
  custom:scripting/monoscript/fileName/GoSplineCatmullRomSolver.cs: 8bbd4e9dc2722b25540d14d500b88879 -> 
  custom:scripting/monoscript/fileName/IntTweenProperty.cs: 1f39418055dd7708ff3b9e75a86d93a1 -> 
  custom:scripting/monoscript/fileName/Vector3YTweenProperty.cs: 2b996e9222bddad772657bb084e9da48 -> 
  custom:scripting/monoscript/fileName/GoEaseQuintic.cs: 672086238d051af0856016e64ad97204 -> 
  custom:scripting/monoscript/fileName/GoEaseCubic.cs: 7d74fd43480e52f793e3086826193b77 -> 
  custom:SearchIndexIgnoredProperties: e643bd26f0fe6173181afceb89e7c659 -> 
  custom:scripting/monoscript/fileName/GoSmoothedQuaternion.cs: 92de95a3ce149743e526859a8d0255c5 -> 
  custom:container-demuxer-ogg: 62fdf1f143b41e24485cea50d1cbac27 -> 
  custom:AudioImporter_EditorPlatform: d09bf68614088b80899f8185d706f6e7 -> 
  custom:scripting/monoscript/fileName/ShakeTweenProperty.cs: fdb713005206085d3b49cdd6b2d15f80 -> 
  custom:scripting/monoscript/fileName/Vector2TweenProperty.cs: d7a25a544d56d947d9526019347f1f6e -> 
  custom:scripting/monoscript/fileName/GoKitTweenExtensions.cs: 28ee7421c4d34eb9c057646838e28859 -> 
  custom:scripting/monoscript/fileName/Vector3XTweenProperty.cs: 9592582ea2f541a8cf92ba7dd7dd85f2 -> 
  custom:scripting/monoscript/fileName/Go.cs: 840adb47e0f4be71eeea7168442feb7d -> 
  custom:scripting/monoscript/fileName/ColorTweenProperty.cs: 94ba4bee52d153d3fd58a82d4cf8ce0c -> 
  custom:scripting/monoscript/fileName/GoEaseLinear.cs: b690756fd76817f101a31dcd50ae4adc -> 
  custom:scripting/monoscript/fileName/GoEaseExponential.cs: 8f890ce1f0130e8014d1a219fa0d7904 -> 
  custom:scripting/monoscript/fileName/ScaleTweenProperty.cs: 068e501b322923caa36166fe86d472e5 -> 
  custom:video-decoder-ogg-theora: a1e56fd34408186e4bbccfd4996cb3dc -> 
  custom:scripting/monoscript/fileName/GoSpline.cs: 8039f73cfdc174dc6ffa15343c307f29 -> 
  custom:scripting/monoscript/fileName/GoTweenFlow.cs: ce7a11a1fb9e8397b83cab3847ba7970 -> 
  custom:scripting/monoscript/fileName/GoEaseQuartic.cs: d34853ce84f33fe9033901002d4ff793 -> 
  custom:framework-win-MediaFoundation: 216162199b28c13a410421893ffa2e32 -> 
  custom:scripting/monoscript/fileName/GoEaseBounce.cs: e71b365170d63025c159c4756b1910b2 -> 
  custom:scripting/monoscript/fileName/GoSplineQuadraticBezierSolver.cs: 44dee8c5fd496e5eb749f54d83d1397e -> 
  custom:scripting/monoscript/fileName/GoEaseQuadratic.cs: e3ed230c2d29b99c6f642587e4ad0e5d -> 
  custom:scripting/monoscript/fileName/MaterialColorTweenProperty.cs: f6d4ed9537ac95d7564838fa4e660e7d -> 
  custom:scripting/monoscript/fileName/GoEaseCircular.cs: 84a2009340e8431314db7056edf1bd68 -> 
  custom:scripting/monoscript/fileName/PositionPathTweenProperty.cs: efde40660de14fd7cd1ede2fa47e9837 -> 
  custom:video-encoder-webm-vp8: eb34c28f22e8b96e1ab97ce403110664 -> 
  custom:scripting/monoscript/fileName/FloatTweenProperty.cs: 48aea3a8bbe79ca6e0baa81dc186bdfd -> 
  custom:scripting/monoscript/fileName/GoTweenChain.cs: f9995827e6ddafabc43c1b0e0dcfd886 -> 
  custom:scripting/monoscript/fileName/GoTweenCollectionConfig.cs: 37c99bdc8dc674650bd69bc44bb2e57b -> 
  custom:audio-decoder-ogg-vorbis: bf7c407c2cedff20999df2af8eb42d56 -> 
  custom:scripting/monoscript/fileName/AbstractQuaternionTweenProperty.cs: 65ceda31db804ab1e0e34f0e48afa285 -> 
  custom:scripting/monoscript/fileName/AbstractColorTweenProperty.cs: bba0da230ed56fc0a25af92f6a3e377e -> 
  custom:scripting/monoscript/fileName/AbstractVector3TweenProperty.cs: 6aa4defef7531529f4ddc1516936e2e3 -> 
  custom:CustomObjectIndexerAttribute: 9a22284fe3817be447336de3de66b15e -> 
  custom:scripting/monoscript/fileName/Vector4TweenProperty.cs: 18bb73739ede80588b5bfadcee873907 -> 
  custom:scripting/monoscript/fileName/GoEaseBack.cs: 3f6e00793ada35f633abc2146480990e -> 
  custom:container-demuxer-webm: 4f35f7cbe854078d1ac9338744f61a02 -> 
  custom:scripting/monoscript/fileName/GoTweenConfig.cs: 5b3154c82824c20addf84e8652f51cfe -> 
  custom:scripting/monoscript/fileName/RotationQuaternionTweenProperty.cs: e0d94af0c913b0be4cd670833a2cda91 -> 
  custom:scripting/monoscript/fileName/GoTweenUtils.cs: 867d37edf69335bc6e54784197f28064 -> 
  custom:scripting/monoscript/fileName/GoSplineCubicBezierSolver.cs: 6d81419c64f7c334f4359254f1cbade0 -> 
  custom:audio-encoder-webm-vorbis: bf7c407c2cedff20999df2af8eb42d56 -> 
  custom:scripting/monoscript/fileName/ScalePathTweenProperty.cs: 816c1a788eca415c60d1b7e87fb103fe -> 
  custom:scripting/monoscript/fileName/GoEaseElastic.cs: f0cafb366ac4251d5c35fe413d3f62f6 -> 
  custom:scripting/monoscript/fileName/GoDummyPath.cs: a21201ab2fac2187e4faeaf08bb4ec90 -> 
  custom:scripting/monoscript/fileName/PositionTweenProperty.cs: e367a96b2cbc0b819bff5d0620f4b258 -> 
  custom:scripting/monoscript/fileName/Vector3TweenProperty.cs: 8e9f9d7bb7b15068d97f4d593f097c86 -> 
  custom:scripting/monoscript/fileName/AbstractGoTween.cs: 3bdc69e313ad58745cd33c4b74e6a709 -> 
  custom:scripting/monoscript/fileName/GoSplineStraightLineSolver.cs: b6a3907f2ead3ba9ac17ad3fdd121ec9 -> 
  custom:scripting/monoscript/fileName/AbstractGoTweenCollection.cs: 61d9f5f358696a7942516ed78ffe7e98 -> 
  custom:scripting/monoscript/fileName/Vector3PathTweenProperty.cs: 94848aa2e96060cfeaf83844ee158f0c -> 
  custom:scripting/monoscript/fileName/Vector3ZTweenProperty.cs: 35595634a87246c4e13691b1563178c5 -> 
  custom:scripting/monoscript/fileName/AbstractTweenProperty.cs: c71b2ece20cb4e1e30772e574c806625 -> 
  custom:container-muxer-webm: aa71ff27fc2769a1b78a27578f13a17b -> 
  custom:scripting/monoscript/fileName/AbstractGoSplineSolver.cs: 788a6b8052af6ee0371d3a464e692d1b -> 
  custom:scripting/monoscript/fileName/GoTween.cs: 4df5a8b9fefcbd8a2b5d6fe6223ee62f -> 
  custom:scripting/monoscript/fileName/RotationTweenProperty.cs: 13e7fbd741208cd89873755249a873a9 -> 
========================================================================
Received Prepare
Begin MonoManager ReloadAssembly
- Loaded All Assemblies, in  0.291 seconds
Refreshing native plugins compatible for Editor in 1.09 ms, found 1 plugins.
Native extension for WindowsStandalone target not found
Native extension for Android target not found
Mono: successfully reloaded assembly
- Finished resetting the current domain, in  0.356 seconds
Domain Reload Profiling: 647ms
	BeginReloadAssembly (106ms)
		ExecutionOrderSort (0ms)
		DisableScriptedObjects (4ms)
		BackupInstance (0ms)
		ReleaseScriptingObjects (0ms)
		CreateAndSetChildDomain (18ms)
	RebuildCommonClasses (28ms)
	RebuildNativeTypeToScriptingClass (9ms)
	initialDomainReloadingComplete (19ms)
	LoadAllAssembliesAndSetupDomain (128ms)
		LoadAssemblies (178ms)
		RebuildTransferFunctionScriptingTraits (0ms)
		AnalyzeDomain (9ms)
			TypeCache.Refresh (4ms)
				TypeCache.ScanAssembly (0ms)
			ScanForSourceGeneratedMonoScriptInfo (0ms)
			ResolveRequiredComponents (4ms)
	FinalizeReload (357ms)
		ReleaseScriptCaches (0ms)
		RebuildScriptCaches (0ms)
		SetupLoadedEditorAssemblies (170ms)
			LogAssemblyErrors (0ms)
			InitializePlatformSupportModulesInManaged (16ms)
			SetLoadedEditorAssemblies (2ms)
			RefreshPlugins (0ms)
			BeforeProcessingInitializeOnLoad (34ms)
			ProcessInitializeOnLoadAttributes (102ms)
			ProcessInitializeOnLoadMethodAttributes (15ms)
			AfterProcessingInitializeOnLoad (2ms)
			EditorAssembliesLoaded (0ms)
		ExecutionOrderSort2 (0ms)
		AwakeInstancesAfterBackupRestoration (4ms)
Refreshing native plugins compatible for Editor in 1.58 ms, found 1 plugins.
Preloading 0 native plugins for Editor in 0.00 ms.
Unloading 2332 Unused Serialized files (Serialized files now loaded: 0)
Unloading 33 unused Assets / (0.7 MB). Loaded Objects now: 2938.
Memory consumption went from 109.0 MB to 108.3 MB.
Total: 2.452000 ms (FindLiveObjects: 0.202400 ms CreateObjectMapping: 0.119500 ms MarkObjects: 1.798400 ms  DeleteObjects: 0.330700 ms)

Prepare: number of updated asset objects reloaded= 0
AssetImportParameters requested are different than current active one (requested -> active):
  custom:scripting/monoscript/fileName/GoSmoothedVector3.cs: 3a6ceb396859da913cbecdd1940e0aa2 -> 
  custom:scripting/monoscript/fileName/EulerAnglesTweenProperty.cs: 7a2321a8c63f28c3857aa33414a11270 -> 
  custom:video-decoder-webm-vp8: 9c59270c3fd7afecdb556c50c9e8de78 -> 
  custom:scripting/monoscript/fileName/IGenericProperty.cs: f404e27010d8ce1a25f7cc2ac06431ac -> 
  custom:scripting/monoscript/fileName/GoEaseSinusoidal.cs: e637d6b7456e2acd06dfd152f10b71d1 -> 
  custom:scripting/monoscript/fileName/GoSplineCatmullRomSolver.cs: 8bbd4e9dc2722b25540d14d500b88879 -> 
  custom:scripting/monoscript/fileName/IntTweenProperty.cs: 1f39418055dd7708ff3b9e75a86d93a1 -> 
  custom:scripting/monoscript/fileName/Vector3YTweenProperty.cs: 2b996e9222bddad772657bb084e9da48 -> 
  custom:scripting/monoscript/fileName/GoEaseQuintic.cs: 672086238d051af0856016e64ad97204 -> 
  custom:scripting/monoscript/fileName/GoEaseCubic.cs: 7d74fd43480e52f793e3086826193b77 -> 
  custom:SearchIndexIgnoredProperties: e643bd26f0fe6173181afceb89e7c659 -> 
  custom:scripting/monoscript/fileName/GoSmoothedQuaternion.cs: 92de95a3ce149743e526859a8d0255c5 -> 
  custom:container-demuxer-ogg: 62fdf1f143b41e24485cea50d1cbac27 -> 
  custom:AudioImporter_EditorPlatform: d09bf68614088b80899f8185d706f6e7 -> 
  custom:scripting/monoscript/fileName/ShakeTweenProperty.cs: fdb713005206085d3b49cdd6b2d15f80 -> 
  custom:scripting/monoscript/fileName/Vector2TweenProperty.cs: d7a25a544d56d947d9526019347f1f6e -> 
  custom:scripting/monoscript/fileName/GoKitTweenExtensions.cs: 28ee7421c4d34eb9c057646838e28859 -> 
  custom:scripting/monoscript/fileName/Vector3XTweenProperty.cs: 9592582ea2f541a8cf92ba7dd7dd85f2 -> 
  custom:scripting/monoscript/fileName/Go.cs: 840adb47e0f4be71eeea7168442feb7d -> 
  custom:scripting/monoscript/fileName/ColorTweenProperty.cs: 94ba4bee52d153d3fd58a82d4cf8ce0c -> 
  custom:scripting/monoscript/fileName/GoEaseLinear.cs: b690756fd76817f101a31dcd50ae4adc -> 
  custom:scripting/monoscript/fileName/GoEaseExponential.cs: 8f890ce1f0130e8014d1a219fa0d7904 -> 
  custom:scripting/monoscript/fileName/ScaleTweenProperty.cs: 068e501b322923caa36166fe86d472e5 -> 
  custom:video-decoder-ogg-theora: a1e56fd34408186e4bbccfd4996cb3dc -> 
  custom:scripting/monoscript/fileName/GoSpline.cs: 8039f73cfdc174dc6ffa15343c307f29 -> 
  custom:scripting/monoscript/fileName/GoTweenFlow.cs: ce7a11a1fb9e8397b83cab3847ba7970 -> 
  custom:scripting/monoscript/fileName/GoEaseQuartic.cs: d34853ce84f33fe9033901002d4ff793 -> 
  custom:framework-win-MediaFoundation: 216162199b28c13a410421893ffa2e32 -> 
  custom:scripting/monoscript/fileName/GoEaseBounce.cs: e71b365170d63025c159c4756b1910b2 -> 
  custom:scripting/monoscript/fileName/GoSplineQuadraticBezierSolver.cs: 44dee8c5fd496e5eb749f54d83d1397e -> 
  custom:scripting/monoscript/fileName/GoEaseQuadratic.cs: e3ed230c2d29b99c6f642587e4ad0e5d -> 
  custom:scripting/monoscript/fileName/MaterialColorTweenProperty.cs: f6d4ed9537ac95d7564838fa4e660e7d -> 
  custom:scripting/monoscript/fileName/GoEaseCircular.cs: 84a2009340e8431314db7056edf1bd68 -> 
  custom:scripting/monoscript/fileName/PositionPathTweenProperty.cs: efde40660de14fd7cd1ede2fa47e9837 -> 
  custom:video-encoder-webm-vp8: eb34c28f22e8b96e1ab97ce403110664 -> 
  custom:scripting/monoscript/fileName/FloatTweenProperty.cs: 48aea3a8bbe79ca6e0baa81dc186bdfd -> 
  custom:scripting/monoscript/fileName/GoTweenChain.cs: f9995827e6ddafabc43c1b0e0dcfd886 -> 
  custom:scripting/monoscript/fileName/GoTweenCollectionConfig.cs: 37c99bdc8dc674650bd69bc44bb2e57b -> 
  custom:audio-decoder-ogg-vorbis: bf7c407c2cedff20999df2af8eb42d56 -> 
  custom:scripting/monoscript/fileName/AbstractQuaternionTweenProperty.cs: 65ceda31db804ab1e0e34f0e48afa285 -> 
  custom:scripting/monoscript/fileName/AbstractColorTweenProperty.cs: bba0da230ed56fc0a25af92f6a3e377e -> 
  custom:scripting/monoscript/fileName/AbstractVector3TweenProperty.cs: 6aa4defef7531529f4ddc1516936e2e3 -> 
  custom:CustomObjectIndexerAttribute: 9a22284fe3817be447336de3de66b15e -> 
  custom:scripting/monoscript/fileName/Vector4TweenProperty.cs: 18bb73739ede80588b5bfadcee873907 -> 
  custom:scripting/monoscript/fileName/GoEaseBack.cs: 3f6e00793ada35f633abc2146480990e -> 
  custom:container-demuxer-webm: 4f35f7cbe854078d1ac9338744f61a02 -> 
  custom:scripting/monoscript/fileName/GoTweenConfig.cs: 5b3154c82824c20addf84e8652f51cfe -> 
  custom:scripting/monoscript/fileName/RotationQuaternionTweenProperty.cs: e0d94af0c913b0be4cd670833a2cda91 -> 
  custom:scripting/monoscript/fileName/GoTweenUtils.cs: 867d37edf69335bc6e54784197f28064 -> 
  custom:scripting/monoscript/fileName/GoSplineCubicBezierSolver.cs: 6d81419c64f7c334f4359254f1cbade0 -> 
  custom:audio-encoder-webm-vorbis: bf7c407c2cedff20999df2af8eb42d56 -> 
  custom:scripting/monoscript/fileName/ScalePathTweenProperty.cs: 816c1a788eca415c60d1b7e87fb103fe -> 
  custom:scripting/monoscript/fileName/GoEaseElastic.cs: f0cafb366ac4251d5c35fe413d3f62f6 -> 
  custom:scripting/monoscript/fileName/GoDummyPath.cs: a21201ab2fac2187e4faeaf08bb4ec90 -> 
  custom:scripting/monoscript/fileName/PositionTweenProperty.cs: e367a96b2cbc0b819bff5d0620f4b258 -> 
  custom:scripting/monoscript/fileName/Vector3TweenProperty.cs: 8e9f9d7bb7b15068d97f4d593f097c86 -> 
  custom:scripting/monoscript/fileName/AbstractGoTween.cs: 3bdc69e313ad58745cd33c4b74e6a709 -> 
  custom:scripting/monoscript/fileName/GoSplineStraightLineSolver.cs: b6a3907f2ead3ba9ac17ad3fdd121ec9 -> 
  custom:scripting/monoscript/fileName/AbstractGoTweenCollection.cs: 61d9f5f358696a7942516ed78ffe7e98 -> 
  custom:scripting/monoscript/fileName/Vector3PathTweenProperty.cs: 94848aa2e96060cfeaf83844ee158f0c -> 
  custom:scripting/monoscript/fileName/Vector3ZTweenProperty.cs: 35595634a87246c4e13691b1563178c5 -> 
  custom:scripting/monoscript/fileName/AbstractTweenProperty.cs: c71b2ece20cb4e1e30772e574c806625 -> 
  custom:container-muxer-webm: aa71ff27fc2769a1b78a27578f13a17b -> 
  custom:scripting/monoscript/fileName/AbstractGoSplineSolver.cs: 788a6b8052af6ee0371d3a464e692d1b -> 
  custom:scripting/monoscript/fileName/GoTween.cs: 4df5a8b9fefcbd8a2b5d6fe6223ee62f -> 
  custom:scripting/monoscript/fileName/RotationTweenProperty.cs: 13e7fbd741208cd89873755249a873a9 -> 
========================================================================
Received Prepare
Begin MonoManager ReloadAssembly
- Loaded All Assemblies, in  0.274 seconds
Refreshing native plugins compatible for Editor in 1.02 ms, found 1 plugins.
Native extension for WindowsStandalone target not found
Native extension for Android target not found
Mono: successfully reloaded assembly
- Finished resetting the current domain, in  0.363 seconds
Domain Reload Profiling: 637ms
	BeginReloadAssembly (103ms)
		ExecutionOrderSort (0ms)
		DisableScriptedObjects (4ms)
		BackupInstance (0ms)
		ReleaseScriptingObjects (0ms)
		CreateAndSetChildDomain (16ms)
	RebuildCommonClasses (22ms)
	RebuildNativeTypeToScriptingClass (8ms)
	initialDomainReloadingComplete (19ms)
	LoadAllAssembliesAndSetupDomain (122ms)
		LoadAssemblies (173ms)
		RebuildTransferFunctionScriptingTraits (0ms)
		AnalyzeDomain (9ms)
			TypeCache.Refresh (4ms)
				TypeCache.ScanAssembly (0ms)
			ScanForSourceGeneratedMonoScriptInfo (0ms)
			ResolveRequiredComponents (4ms)
	FinalizeReload (363ms)
		ReleaseScriptCaches (0ms)
		RebuildScriptCaches (0ms)
		SetupLoadedEditorAssemblies (181ms)
			LogAssemblyErrors (0ms)
			InitializePlatformSupportModulesInManaged (15ms)
			SetLoadedEditorAssemblies (2ms)
			RefreshPlugins (0ms)
			BeforeProcessingInitializeOnLoad (34ms)
			ProcessInitializeOnLoadAttributes (111ms)
			ProcessInitializeOnLoadMethodAttributes (17ms)
			AfterProcessingInitializeOnLoad (2ms)
			EditorAssembliesLoaded (0ms)
		ExecutionOrderSort2 (0ms)
		AwakeInstancesAfterBackupRestoration (4ms)
Refreshing native plugins compatible for Editor in 1.11 ms, found 1 plugins.
Preloading 0 native plugins for Editor in 0.00 ms.
Unloading 2332 Unused Serialized files (Serialized files now loaded: 0)
Unloading 33 unused Assets / (0.7 MB). Loaded Objects now: 2941.
Memory consumption went from 109.0 MB to 108.3 MB.
Total: 2.615500 ms (FindLiveObjects: 0.159400 ms CreateObjectMapping: 0.056900 ms MarkObjects: 2.122400 ms  DeleteObjects: 0.275900 ms)

Prepare: number of updated asset objects reloaded= 0
AssetImportParameters requested are different than current active one (requested -> active):
  custom:scripting/monoscript/fileName/GoSmoothedVector3.cs: 3a6ceb396859da913cbecdd1940e0aa2 -> 
  custom:scripting/monoscript/fileName/EulerAnglesTweenProperty.cs: 7a2321a8c63f28c3857aa33414a11270 -> 
  custom:video-decoder-webm-vp8: 9c59270c3fd7afecdb556c50c9e8de78 -> 
  custom:scripting/monoscript/fileName/IGenericProperty.cs: f404e27010d8ce1a25f7cc2ac06431ac -> 
  custom:scripting/monoscript/fileName/GoEaseSinusoidal.cs: e637d6b7456e2acd06dfd152f10b71d1 -> 
  custom:scripting/monoscript/fileName/GoSplineCatmullRomSolver.cs: 8bbd4e9dc2722b25540d14d500b88879 -> 
  custom:scripting/monoscript/fileName/IntTweenProperty.cs: 1f39418055dd7708ff3b9e75a86d93a1 -> 
  custom:scripting/monoscript/fileName/Vector3YTweenProperty.cs: 2b996e9222bddad772657bb084e9da48 -> 
  custom:scripting/monoscript/fileName/GoEaseQuintic.cs: 672086238d051af0856016e64ad97204 -> 
  custom:scripting/monoscript/fileName/GoEaseCubic.cs: 7d74fd43480e52f793e3086826193b77 -> 
  custom:SearchIndexIgnoredProperties: e643bd26f0fe6173181afceb89e7c659 -> 
  custom:scripting/monoscript/fileName/GoSmoothedQuaternion.cs: 92de95a3ce149743e526859a8d0255c5 -> 
  custom:container-demuxer-ogg: 62fdf1f143b41e24485cea50d1cbac27 -> 
  custom:AudioImporter_EditorPlatform: d09bf68614088b80899f8185d706f6e7 -> 
  custom:scripting/monoscript/fileName/ShakeTweenProperty.cs: fdb713005206085d3b49cdd6b2d15f80 -> 
  custom:scripting/monoscript/fileName/Vector2TweenProperty.cs: d7a25a544d56d947d9526019347f1f6e -> 
  custom:scripting/monoscript/fileName/GoKitTweenExtensions.cs: 28ee7421c4d34eb9c057646838e28859 -> 
  custom:scripting/monoscript/fileName/Vector3XTweenProperty.cs: 9592582ea2f541a8cf92ba7dd7dd85f2 -> 
  custom:scripting/monoscript/fileName/Go.cs: 840adb47e0f4be71eeea7168442feb7d -> 
  custom:scripting/monoscript/fileName/ColorTweenProperty.cs: 94ba4bee52d153d3fd58a82d4cf8ce0c -> 
  custom:scripting/monoscript/fileName/GoEaseLinear.cs: b690756fd76817f101a31dcd50ae4adc -> 
  custom:scripting/monoscript/fileName/GoEaseExponential.cs: 8f890ce1f0130e8014d1a219fa0d7904 -> 
  custom:scripting/monoscript/fileName/ScaleTweenProperty.cs: 068e501b322923caa36166fe86d472e5 -> 
  custom:video-decoder-ogg-theora: a1e56fd34408186e4bbccfd4996cb3dc -> 
  custom:scripting/monoscript/fileName/GoSpline.cs: 8039f73cfdc174dc6ffa15343c307f29 -> 
  custom:scripting/monoscript/fileName/GoTweenFlow.cs: ce7a11a1fb9e8397b83cab3847ba7970 -> 
  custom:scripting/monoscript/fileName/GoEaseQuartic.cs: d34853ce84f33fe9033901002d4ff793 -> 
  custom:framework-win-MediaFoundation: 216162199b28c13a410421893ffa2e32 -> 
  custom:scripting/monoscript/fileName/GoEaseBounce.cs: e71b365170d63025c159c4756b1910b2 -> 
  custom:scripting/monoscript/fileName/GoSplineQuadraticBezierSolver.cs: 44dee8c5fd496e5eb749f54d83d1397e -> 
  custom:scripting/monoscript/fileName/GoEaseQuadratic.cs: e3ed230c2d29b99c6f642587e4ad0e5d -> 
  custom:scripting/monoscript/fileName/MaterialColorTweenProperty.cs: f6d4ed9537ac95d7564838fa4e660e7d -> 
  custom:scripting/monoscript/fileName/GoEaseCircular.cs: 84a2009340e8431314db7056edf1bd68 -> 
  custom:scripting/monoscript/fileName/PositionPathTweenProperty.cs: efde40660de14fd7cd1ede2fa47e9837 -> 
  custom:video-encoder-webm-vp8: eb34c28f22e8b96e1ab97ce403110664 -> 
  custom:scripting/monoscript/fileName/FloatTweenProperty.cs: 48aea3a8bbe79ca6e0baa81dc186bdfd -> 
  custom:scripting/monoscript/fileName/GoTweenChain.cs: f9995827e6ddafabc43c1b0e0dcfd886 -> 
  custom:scripting/monoscript/fileName/GoTweenCollectionConfig.cs: 37c99bdc8dc674650bd69bc44bb2e57b -> 
  custom:audio-decoder-ogg-vorbis: bf7c407c2cedff20999df2af8eb42d56 -> 
  custom:scripting/monoscript/fileName/AbstractQuaternionTweenProperty.cs: 65ceda31db804ab1e0e34f0e48afa285 -> 
  custom:scripting/monoscript/fileName/AbstractColorTweenProperty.cs: bba0da230ed56fc0a25af92f6a3e377e -> 
  custom:scripting/monoscript/fileName/AbstractVector3TweenProperty.cs: 6aa4defef7531529f4ddc1516936e2e3 -> 
  custom:CustomObjectIndexerAttribute: 9a22284fe3817be447336de3de66b15e -> 
  custom:scripting/monoscript/fileName/Vector4TweenProperty.cs: 18bb73739ede80588b5bfadcee873907 -> 
  custom:scripting/monoscript/fileName/GoEaseBack.cs: 3f6e00793ada35f633abc2146480990e -> 
  custom:container-demuxer-webm: 4f35f7cbe854078d1ac9338744f61a02 -> 
  custom:scripting/monoscript/fileName/GoTweenConfig.cs: 5b3154c82824c20addf84e8652f51cfe -> 
  custom:scripting/monoscript/fileName/RotationQuaternionTweenProperty.cs: e0d94af0c913b0be4cd670833a2cda91 -> 
  custom:scripting/monoscript/fileName/GoTweenUtils.cs: 867d37edf69335bc6e54784197f28064 -> 
  custom:scripting/monoscript/fileName/GoSplineCubicBezierSolver.cs: 6d81419c64f7c334f4359254f1cbade0 -> 
  custom:audio-encoder-webm-vorbis: bf7c407c2cedff20999df2af8eb42d56 -> 
  custom:scripting/monoscript/fileName/ScalePathTweenProperty.cs: 816c1a788eca415c60d1b7e87fb103fe -> 
  custom:scripting/monoscript/fileName/GoEaseElastic.cs: f0cafb366ac4251d5c35fe413d3f62f6 -> 
  custom:scripting/monoscript/fileName/GoDummyPath.cs: a21201ab2fac2187e4faeaf08bb4ec90 -> 
  custom:scripting/monoscript/fileName/PositionTweenProperty.cs: e367a96b2cbc0b819bff5d0620f4b258 -> 
  custom:scripting/monoscript/fileName/Vector3TweenProperty.cs: 8e9f9d7bb7b15068d97f4d593f097c86 -> 
  custom:scripting/monoscript/fileName/AbstractGoTween.cs: 3bdc69e313ad58745cd33c4b74e6a709 -> 
  custom:scripting/monoscript/fileName/GoSplineStraightLineSolver.cs: b6a3907f2ead3ba9ac17ad3fdd121ec9 -> 
  custom:scripting/monoscript/fileName/AbstractGoTweenCollection.cs: 61d9f5f358696a7942516ed78ffe7e98 -> 
  custom:scripting/monoscript/fileName/Vector3PathTweenProperty.cs: 94848aa2e96060cfeaf83844ee158f0c -> 
  custom:scripting/monoscript/fileName/Vector3ZTweenProperty.cs: 35595634a87246c4e13691b1563178c5 -> 
  custom:scripting/monoscript/fileName/AbstractTweenProperty.cs: c71b2ece20cb4e1e30772e574c806625 -> 
  custom:container-muxer-webm: aa71ff27fc2769a1b78a27578f13a17b -> 
  custom:scripting/monoscript/fileName/AbstractGoSplineSolver.cs: 788a6b8052af6ee0371d3a464e692d1b -> 
  custom:scripting/monoscript/fileName/GoTween.cs: 4df5a8b9fefcbd8a2b5d6fe6223ee62f -> 
  custom:scripting/monoscript/fileName/RotationTweenProperty.cs: 13e7fbd741208cd89873755249a873a9 -> 
========================================================================
Received Prepare
Begin MonoManager ReloadAssembly
- Loaded All Assemblies, in  0.291 seconds
Refreshing native plugins compatible for Editor in 1.62 ms, found 1 plugins.
Native extension for WindowsStandalone target not found
Native extension for Android target not found
Mono: successfully reloaded assembly
- Finished resetting the current domain, in  0.369 seconds
Domain Reload Profiling: 660ms
	BeginReloadAssembly (110ms)
		ExecutionOrderSort (0ms)
		DisableScriptedObjects (5ms)
		BackupInstance (0ms)
		ReleaseScriptingObjects (0ms)
		CreateAndSetChildDomain (17ms)
	RebuildCommonClasses (23ms)
	RebuildNativeTypeToScriptingClass (8ms)
	initialDomainReloadingComplete (19ms)
	LoadAllAssembliesAndSetupDomain (130ms)
		LoadAssemblies (181ms)
		RebuildTransferFunctionScriptingTraits (0ms)
		AnalyzeDomain (13ms)
			TypeCache.Refresh (5ms)
				TypeCache.ScanAssembly (0ms)
			ScanForSourceGeneratedMonoScriptInfo (2ms)
			ResolveRequiredComponents (4ms)
	FinalizeReload (369ms)
		ReleaseScriptCaches (0ms)
		RebuildScriptCaches (0ms)
		SetupLoadedEditorAssemblies (192ms)
			LogAssemblyErrors (0ms)
			InitializePlatformSupportModulesInManaged (16ms)
			SetLoadedEditorAssemblies (2ms)
			RefreshPlugins (0ms)
			BeforeProcessingInitializeOnLoad (36ms)
			ProcessInitializeOnLoadAttributes (120ms)
			ProcessInitializeOnLoadMethodAttributes (16ms)
			AfterProcessingInitializeOnLoad (2ms)
			EditorAssembliesLoaded (0ms)
		ExecutionOrderSort2 (0ms)
		AwakeInstancesAfterBackupRestoration (6ms)
Refreshing native plugins compatible for Editor in 1.38 ms, found 1 plugins.
Preloading 0 native plugins for Editor in 0.00 ms.
Unloading 2332 Unused Serialized files (Serialized files now loaded: 0)
Unloading 33 unused Assets / (0.7 MB). Loaded Objects now: 2944.
Memory consumption went from 109.0 MB to 108.3 MB.
Total: 2.352200 ms (FindLiveObjects: 0.205100 ms CreateObjectMapping: 0.085300 ms MarkObjects: 1.764700 ms  DeleteObjects: 0.296000 ms)

Prepare: number of updated asset objects reloaded= 0
AssetImportParameters requested are different than current active one (requested -> active):
  custom:scripting/monoscript/fileName/GoSmoothedVector3.cs: 3a6ceb396859da913cbecdd1940e0aa2 -> 
  custom:scripting/monoscript/fileName/EulerAnglesTweenProperty.cs: 7a2321a8c63f28c3857aa33414a11270 -> 
  custom:video-decoder-webm-vp8: 9c59270c3fd7afecdb556c50c9e8de78 -> 
  custom:scripting/monoscript/fileName/IGenericProperty.cs: f404e27010d8ce1a25f7cc2ac06431ac -> 
  custom:scripting/monoscript/fileName/GoEaseSinusoidal.cs: e637d6b7456e2acd06dfd152f10b71d1 -> 
  custom:scripting/monoscript/fileName/GoSplineCatmullRomSolver.cs: 8bbd4e9dc2722b25540d14d500b88879 -> 
  custom:scripting/monoscript/fileName/IntTweenProperty.cs: 1f39418055dd7708ff3b9e75a86d93a1 -> 
  custom:scripting/monoscript/fileName/Vector3YTweenProperty.cs: 2b996e9222bddad772657bb084e9da48 -> 
  custom:scripting/monoscript/fileName/GoEaseQuintic.cs: 672086238d051af0856016e64ad97204 -> 
  custom:scripting/monoscript/fileName/GoEaseCubic.cs: 7d74fd43480e52f793e3086826193b77 -> 
  custom:SearchIndexIgnoredProperties: e643bd26f0fe6173181afceb89e7c659 -> 
  custom:scripting/monoscript/fileName/GoSmoothedQuaternion.cs: 92de95a3ce149743e526859a8d0255c5 -> 
  custom:container-demuxer-ogg: 62fdf1f143b41e24485cea50d1cbac27 -> 
  custom:AudioImporter_EditorPlatform: d09bf68614088b80899f8185d706f6e7 -> 
  custom:scripting/monoscript/fileName/ShakeTweenProperty.cs: fdb713005206085d3b49cdd6b2d15f80 -> 
  custom:scripting/monoscript/fileName/Vector2TweenProperty.cs: d7a25a544d56d947d9526019347f1f6e -> 
  custom:scripting/monoscript/fileName/GoKitTweenExtensions.cs: 28ee7421c4d34eb9c057646838e28859 -> 
  custom:scripting/monoscript/fileName/Vector3XTweenProperty.cs: 9592582ea2f541a8cf92ba7dd7dd85f2 -> 
  custom:scripting/monoscript/fileName/Go.cs: 840adb47e0f4be71eeea7168442feb7d -> 
  custom:scripting/monoscript/fileName/ColorTweenProperty.cs: 94ba4bee52d153d3fd58a82d4cf8ce0c -> 
  custom:scripting/monoscript/fileName/GoEaseLinear.cs: b690756fd76817f101a31dcd50ae4adc -> 
  custom:scripting/monoscript/fileName/GoEaseExponential.cs: 8f890ce1f0130e8014d1a219fa0d7904 -> 
  custom:scripting/monoscript/fileName/ScaleTweenProperty.cs: 068e501b322923caa36166fe86d472e5 -> 
  custom:video-decoder-ogg-theora: a1e56fd34408186e4bbccfd4996cb3dc -> 
  custom:scripting/monoscript/fileName/GoSpline.cs: 8039f73cfdc174dc6ffa15343c307f29 -> 
  custom:scripting/monoscript/fileName/GoTweenFlow.cs: ce7a11a1fb9e8397b83cab3847ba7970 -> 
  custom:scripting/monoscript/fileName/GoEaseQuartic.cs: d34853ce84f33fe9033901002d4ff793 -> 
  custom:framework-win-MediaFoundation: 216162199b28c13a410421893ffa2e32 -> 
  custom:scripting/monoscript/fileName/GoEaseBounce.cs: e71b365170d63025c159c4756b1910b2 -> 
  custom:scripting/monoscript/fileName/GoSplineQuadraticBezierSolver.cs: 44dee8c5fd496e5eb749f54d83d1397e -> 
  custom:scripting/monoscript/fileName/GoEaseQuadratic.cs: e3ed230c2d29b99c6f642587e4ad0e5d -> 
  custom:scripting/monoscript/fileName/MaterialColorTweenProperty.cs: f6d4ed9537ac95d7564838fa4e660e7d -> 
  custom:scripting/monoscript/fileName/GoEaseCircular.cs: 84a2009340e8431314db7056edf1bd68 -> 
  custom:scripting/monoscript/fileName/PositionPathTweenProperty.cs: efde40660de14fd7cd1ede2fa47e9837 -> 
  custom:video-encoder-webm-vp8: eb34c28f22e8b96e1ab97ce403110664 -> 
  custom:scripting/monoscript/fileName/FloatTweenProperty.cs: 48aea3a8bbe79ca6e0baa81dc186bdfd -> 
  custom:scripting/monoscript/fileName/GoTweenChain.cs: f9995827e6ddafabc43c1b0e0dcfd886 -> 
  custom:scripting/monoscript/fileName/GoTweenCollectionConfig.cs: 37c99bdc8dc674650bd69bc44bb2e57b -> 
  custom:audio-decoder-ogg-vorbis: bf7c407c2cedff20999df2af8eb42d56 -> 
  custom:scripting/monoscript/fileName/AbstractQuaternionTweenProperty.cs: 65ceda31db804ab1e0e34f0e48afa285 -> 
  custom:scripting/monoscript/fileName/AbstractColorTweenProperty.cs: bba0da230ed56fc0a25af92f6a3e377e -> 
  custom:scripting/monoscript/fileName/AbstractVector3TweenProperty.cs: 6aa4defef7531529f4ddc1516936e2e3 -> 
  custom:CustomObjectIndexerAttribute: 9a22284fe3817be447336de3de66b15e -> 
  custom:scripting/monoscript/fileName/Vector4TweenProperty.cs: 18bb73739ede80588b5bfadcee873907 -> 
  custom:scripting/monoscript/fileName/GoEaseBack.cs: 3f6e00793ada35f633abc2146480990e -> 
  custom:container-demuxer-webm: 4f35f7cbe854078d1ac9338744f61a02 -> 
  custom:scripting/monoscript/fileName/GoTweenConfig.cs: 5b3154c82824c20addf84e8652f51cfe -> 
  custom:scripting/monoscript/fileName/RotationQuaternionTweenProperty.cs: e0d94af0c913b0be4cd670833a2cda91 -> 
  custom:scripting/monoscript/fileName/GoTweenUtils.cs: 867d37edf69335bc6e54784197f28064 -> 
  custom:scripting/monoscript/fileName/GoSplineCubicBezierSolver.cs: 6d81419c64f7c334f4359254f1cbade0 -> 
  custom:audio-encoder-webm-vorbis: bf7c407c2cedff20999df2af8eb42d56 -> 
  custom:scripting/monoscript/fileName/ScalePathTweenProperty.cs: 816c1a788eca415c60d1b7e87fb103fe -> 
  custom:scripting/monoscript/fileName/GoEaseElastic.cs: f0cafb366ac4251d5c35fe413d3f62f6 -> 
  custom:scripting/monoscript/fileName/GoDummyPath.cs: a21201ab2fac2187e4faeaf08bb4ec90 -> 
  custom:scripting/monoscript/fileName/PositionTweenProperty.cs: e367a96b2cbc0b819bff5d0620f4b258 -> 
  custom:scripting/monoscript/fileName/Vector3TweenProperty.cs: 8e9f9d7bb7b15068d97f4d593f097c86 -> 
  custom:scripting/monoscript/fileName/AbstractGoTween.cs: 3bdc69e313ad58745cd33c4b74e6a709 -> 
  custom:scripting/monoscript/fileName/GoSplineStraightLineSolver.cs: b6a3907f2ead3ba9ac17ad3fdd121ec9 -> 
  custom:scripting/monoscript/fileName/AbstractGoTweenCollection.cs: 61d9f5f358696a7942516ed78ffe7e98 -> 
  custom:scripting/monoscript/fileName/Vector3PathTweenProperty.cs: 94848aa2e96060cfeaf83844ee158f0c -> 
  custom:scripting/monoscript/fileName/Vector3ZTweenProperty.cs: 35595634a87246c4e13691b1563178c5 -> 
  custom:scripting/monoscript/fileName/AbstractTweenProperty.cs: c71b2ece20cb4e1e30772e574c806625 -> 
  custom:container-muxer-webm: aa71ff27fc2769a1b78a27578f13a17b -> 
  custom:scripting/monoscript/fileName/AbstractGoSplineSolver.cs: 788a6b8052af6ee0371d3a464e692d1b -> 
  custom:scripting/monoscript/fileName/GoTween.cs: 4df5a8b9fefcbd8a2b5d6fe6223ee62f -> 
  custom:scripting/monoscript/fileName/RotationTweenProperty.cs: 13e7fbd741208cd89873755249a873a9 -> 
========================================================================
Received Prepare
Begin MonoManager ReloadAssembly
- Loaded All Assemblies, in  0.286 seconds
Refreshing native plugins compatible for Editor in 1.12 ms, found 1 plugins.
Native extension for WindowsStandalone target not found
Native extension for Android target not found
Mono: successfully reloaded assembly
- Finished resetting the current domain, in  0.367 seconds
Domain Reload Profiling: 653ms
	BeginReloadAssembly (110ms)
		ExecutionOrderSort (0ms)
		DisableScriptedObjects (4ms)
		BackupInstance (0ms)
		ReleaseScriptingObjects (0ms)
		CreateAndSetChildDomain (18ms)
	RebuildCommonClasses (25ms)
	RebuildNativeTypeToScriptingClass (10ms)
	initialDomainReloadingComplete (24ms)
	LoadAllAssembliesAndSetupDomain (117ms)
		LoadAssemblies (173ms)
		RebuildTransferFunctionScriptingTraits (0ms)
		AnalyzeDomain (9ms)
			TypeCache.Refresh (4ms)
				TypeCache.ScanAssembly (0ms)
			ScanForSourceGeneratedMonoScriptInfo (0ms)
			ResolveRequiredComponents (4ms)
	FinalizeReload (367ms)
		ReleaseScriptCaches (0ms)
		RebuildScriptCaches (0ms)
		SetupLoadedEditorAssemblies (184ms)
			LogAssemblyErrors (0ms)
			InitializePlatformSupportModulesInManaged (15ms)
			SetLoadedEditorAssemblies (2ms)
			RefreshPlugins (0ms)
			BeforeProcessingInitializeOnLoad (32ms)
			ProcessInitializeOnLoadAttributes (114ms)
			ProcessInitializeOnLoadMethodAttributes (18ms)
			AfterProcessingInitializeOnLoad (2ms)
			EditorAssembliesLoaded (0ms)
		ExecutionOrderSort2 (0ms)
		AwakeInstancesAfterBackupRestoration (6ms)
Refreshing native plugins compatible for Editor in 1.54 ms, found 1 plugins.
Preloading 0 native plugins for Editor in 0.00 ms.
Unloading 2332 Unused Serialized files (Serialized files now loaded: 0)
Unloading 33 unused Assets / (0.7 MB). Loaded Objects now: 2947.
Memory consumption went from 109.0 MB to 108.3 MB.
Total: 2.405300 ms (FindLiveObjects: 0.226600 ms CreateObjectMapping: 0.065000 ms MarkObjects: 1.753600 ms  DeleteObjects: 0.358400 ms)

Prepare: number of updated asset objects reloaded= 0
AssetImportParameters requested are different than current active one (requested -> active):
  custom:scripting/monoscript/fileName/GoSmoothedVector3.cs: 3a6ceb396859da913cbecdd1940e0aa2 -> 
  custom:scripting/monoscript/fileName/EulerAnglesTweenProperty.cs: 7a2321a8c63f28c3857aa33414a11270 -> 
  custom:video-decoder-webm-vp8: 9c59270c3fd7afecdb556c50c9e8de78 -> 
  custom:scripting/monoscript/fileName/IGenericProperty.cs: f404e27010d8ce1a25f7cc2ac06431ac -> 
  custom:scripting/monoscript/fileName/GoEaseSinusoidal.cs: e637d6b7456e2acd06dfd152f10b71d1 -> 
  custom:scripting/monoscript/fileName/GoSplineCatmullRomSolver.cs: 8bbd4e9dc2722b25540d14d500b88879 -> 
  custom:scripting/monoscript/fileName/IntTweenProperty.cs: 1f39418055dd7708ff3b9e75a86d93a1 -> 
  custom:scripting/monoscript/fileName/Vector3YTweenProperty.cs: 2b996e9222bddad772657bb084e9da48 -> 
  custom:scripting/monoscript/fileName/GoEaseQuintic.cs: 672086238d051af0856016e64ad97204 -> 
  custom:scripting/monoscript/fileName/GoEaseCubic.cs: 7d74fd43480e52f793e3086826193b77 -> 
  custom:SearchIndexIgnoredProperties: e643bd26f0fe6173181afceb89e7c659 -> 
  custom:scripting/monoscript/fileName/GoSmoothedQuaternion.cs: 92de95a3ce149743e526859a8d0255c5 -> 
  custom:container-demuxer-ogg: 62fdf1f143b41e24485cea50d1cbac27 -> 
  custom:AudioImporter_EditorPlatform: d09bf68614088b80899f8185d706f6e7 -> 
  custom:scripting/monoscript/fileName/ShakeTweenProperty.cs: fdb713005206085d3b49cdd6b2d15f80 -> 
  custom:scripting/monoscript/fileName/Vector2TweenProperty.cs: d7a25a544d56d947d9526019347f1f6e -> 
  custom:scripting/monoscript/fileName/GoKitTweenExtensions.cs: 28ee7421c4d34eb9c057646838e28859 -> 
  custom:scripting/monoscript/fileName/Vector3XTweenProperty.cs: 9592582ea2f541a8cf92ba7dd7dd85f2 -> 
  custom:scripting/monoscript/fileName/Go.cs: 840adb47e0f4be71eeea7168442feb7d -> 
  custom:scripting/monoscript/fileName/ColorTweenProperty.cs: 94ba4bee52d153d3fd58a82d4cf8ce0c -> 
  custom:scripting/monoscript/fileName/GoEaseLinear.cs: b690756fd76817f101a31dcd50ae4adc -> 
  custom:scripting/monoscript/fileName/GoEaseExponential.cs: 8f890ce1f0130e8014d1a219fa0d7904 -> 
  custom:scripting/monoscript/fileName/ScaleTweenProperty.cs: 068e501b322923caa36166fe86d472e5 -> 
  custom:video-decoder-ogg-theora: a1e56fd34408186e4bbccfd4996cb3dc -> 
  custom:scripting/monoscript/fileName/GoSpline.cs: 8039f73cfdc174dc6ffa15343c307f29 -> 
  custom:scripting/monoscript/fileName/GoTweenFlow.cs: ce7a11a1fb9e8397b83cab3847ba7970 -> 
  custom:scripting/monoscript/fileName/GoEaseQuartic.cs: d34853ce84f33fe9033901002d4ff793 -> 
  custom:framework-win-MediaFoundation: 216162199b28c13a410421893ffa2e32 -> 
  custom:scripting/monoscript/fileName/GoEaseBounce.cs: e71b365170d63025c159c4756b1910b2 -> 
  custom:scripting/monoscript/fileName/GoSplineQuadraticBezierSolver.cs: 44dee8c5fd496e5eb749f54d83d1397e -> 
  custom:scripting/monoscript/fileName/GoEaseQuadratic.cs: e3ed230c2d29b99c6f642587e4ad0e5d -> 
  custom:scripting/monoscript/fileName/MaterialColorTweenProperty.cs: f6d4ed9537ac95d7564838fa4e660e7d -> 
  custom:scripting/monoscript/fileName/GoEaseCircular.cs: 84a2009340e8431314db7056edf1bd68 -> 
  custom:scripting/monoscript/fileName/PositionPathTweenProperty.cs: efde40660de14fd7cd1ede2fa47e9837 -> 
  custom:video-encoder-webm-vp8: eb34c28f22e8b96e1ab97ce403110664 -> 
  custom:scripting/monoscript/fileName/FloatTweenProperty.cs: 48aea3a8bbe79ca6e0baa81dc186bdfd -> 
  custom:scripting/monoscript/fileName/GoTweenChain.cs: f9995827e6ddafabc43c1b0e0dcfd886 -> 
  custom:scripting/monoscript/fileName/GoTweenCollectionConfig.cs: 37c99bdc8dc674650bd69bc44bb2e57b -> 
  custom:audio-decoder-ogg-vorbis: bf7c407c2cedff20999df2af8eb42d56 -> 
  custom:scripting/monoscript/fileName/AbstractQuaternionTweenProperty.cs: 65ceda31db804ab1e0e34f0e48afa285 -> 
  custom:scripting/monoscript/fileName/AbstractColorTweenProperty.cs: bba0da230ed56fc0a25af92f6a3e377e -> 
  custom:scripting/monoscript/fileName/AbstractVector3TweenProperty.cs: 6aa4defef7531529f4ddc1516936e2e3 -> 
  custom:CustomObjectIndexerAttribute: 9a22284fe3817be447336de3de66b15e -> 
  custom:scripting/monoscript/fileName/Vector4TweenProperty.cs: 18bb73739ede80588b5bfadcee873907 -> 
  custom:scripting/monoscript/fileName/GoEaseBack.cs: 3f6e00793ada35f633abc2146480990e -> 
  custom:container-demuxer-webm: 4f35f7cbe854078d1ac9338744f61a02 -> 
  custom:scripting/monoscript/fileName/GoTweenConfig.cs: 5b3154c82824c20addf84e8652f51cfe -> 
  custom:scripting/monoscript/fileName/RotationQuaternionTweenProperty.cs: e0d94af0c913b0be4cd670833a2cda91 -> 
  custom:scripting/monoscript/fileName/GoTweenUtils.cs: 867d37edf69335bc6e54784197f28064 -> 
  custom:scripting/monoscript/fileName/GoSplineCubicBezierSolver.cs: 6d81419c64f7c334f4359254f1cbade0 -> 
  custom:audio-encoder-webm-vorbis: bf7c407c2cedff20999df2af8eb42d56 -> 
  custom:scripting/monoscript/fileName/ScalePathTweenProperty.cs: 816c1a788eca415c60d1b7e87fb103fe -> 
  custom:scripting/monoscript/fileName/GoEaseElastic.cs: f0cafb366ac4251d5c35fe413d3f62f6 -> 
  custom:scripting/monoscript/fileName/GoDummyPath.cs: a21201ab2fac2187e4faeaf08bb4ec90 -> 
  custom:scripting/monoscript/fileName/PositionTweenProperty.cs: e367a96b2cbc0b819bff5d0620f4b258 -> 
  custom:scripting/monoscript/fileName/Vector3TweenProperty.cs: 8e9f9d7bb7b15068d97f4d593f097c86 -> 
  custom:scripting/monoscript/fileName/AbstractGoTween.cs: 3bdc69e313ad58745cd33c4b74e6a709 -> 
  custom:scripting/monoscript/fileName/GoSplineStraightLineSolver.cs: b6a3907f2ead3ba9ac17ad3fdd121ec9 -> 
  custom:scripting/monoscript/fileName/AbstractGoTweenCollection.cs: 61d9f5f358696a7942516ed78ffe7e98 -> 
  custom:scripting/monoscript/fileName/Vector3PathTweenProperty.cs: 94848aa2e96060cfeaf83844ee158f0c -> 
  custom:scripting/monoscript/fileName/Vector3ZTweenProperty.cs: 35595634a87246c4e13691b1563178c5 -> 
  custom:scripting/monoscript/fileName/AbstractTweenProperty.cs: c71b2ece20cb4e1e30772e574c806625 -> 
  custom:container-muxer-webm: aa71ff27fc2769a1b78a27578f13a17b -> 
  custom:scripting/monoscript/fileName/AbstractGoSplineSolver.cs: 788a6b8052af6ee0371d3a464e692d1b -> 
  custom:scripting/monoscript/fileName/GoTween.cs: 4df5a8b9fefcbd8a2b5d6fe6223ee62f -> 
  custom:scripting/monoscript/fileName/RotationTweenProperty.cs: 13e7fbd741208cd89873755249a873a9 -> 
========================================================================
Received Prepare
Begin MonoManager ReloadAssembly
- Loaded All Assemblies, in  0.289 seconds
Refreshing native plugins compatible for Editor in 1.11 ms, found 1 plugins.
Native extension for WindowsStandalone target not found
Native extension for Android target not found
Mono: successfully reloaded assembly
- Finished resetting the current domain, in  0.360 seconds
Domain Reload Profiling: 649ms
	BeginReloadAssembly (107ms)
		ExecutionOrderSort (0ms)
		DisableScriptedObjects (5ms)
		BackupInstance (0ms)
		ReleaseScriptingObjects (0ms)
		CreateAndSetChildDomain (17ms)
	RebuildCommonClasses (29ms)
	RebuildNativeTypeToScriptingClass (9ms)
	initialDomainReloadingComplete (19ms)
	LoadAllAssembliesAndSetupDomain (123ms)
		LoadAssemblies (173ms)
		RebuildTransferFunctionScriptingTraits (0ms)
		AnalyzeDomain (12ms)
			TypeCache.Refresh (5ms)
				TypeCache.ScanAssembly (0ms)
			ScanForSourceGeneratedMonoScriptInfo (2ms)
			ResolveRequiredComponents (4ms)
	FinalizeReload (360ms)
		ReleaseScriptCaches (0ms)
		RebuildScriptCaches (0ms)
		SetupLoadedEditorAssemblies (175ms)
			LogAssemblyErrors (0ms)
			InitializePlatformSupportModulesInManaged (16ms)
			SetLoadedEditorAssemblies (2ms)
			RefreshPlugins (0ms)
			BeforeProcessingInitializeOnLoad (35ms)
			ProcessInitializeOnLoadAttributes (105ms)
			ProcessInitializeOnLoadMethodAttributes (15ms)
			AfterProcessingInitializeOnLoad (2ms)
			EditorAssembliesLoaded (0ms)
		ExecutionOrderSort2 (0ms)
		AwakeInstancesAfterBackupRestoration (5ms)
Refreshing native plugins compatible for Editor in 0.92 ms, found 1 plugins.
Preloading 0 native plugins for Editor in 0.00 ms.
Unloading 2332 Unused Serialized files (Serialized files now loaded: 0)
Unloading 33 unused Assets / (0.7 MB). Loaded Objects now: 2950.
Memory consumption went from 109.0 MB to 108.3 MB.
Total: 1.932100 ms (FindLiveObjects: 0.148600 ms CreateObjectMapping: 0.051100 ms MarkObjects: 1.498500 ms  DeleteObjects: 0.233000 ms)

Prepare: number of updated asset objects reloaded= 0
AssetImportParameters requested are different than current active one (requested -> active):
  custom:scripting/monoscript/fileName/GoSmoothedVector3.cs: 3a6ceb396859da913cbecdd1940e0aa2 -> 
  custom:scripting/monoscript/fileName/EulerAnglesTweenProperty.cs: 7a2321a8c63f28c3857aa33414a11270 -> 
  custom:video-decoder-webm-vp8: 9c59270c3fd7afecdb556c50c9e8de78 -> 
  custom:scripting/monoscript/fileName/IGenericProperty.cs: f404e27010d8ce1a25f7cc2ac06431ac -> 
  custom:scripting/monoscript/fileName/GoEaseSinusoidal.cs: e637d6b7456e2acd06dfd152f10b71d1 -> 
  custom:scripting/monoscript/fileName/GoSplineCatmullRomSolver.cs: 8bbd4e9dc2722b25540d14d500b88879 -> 
  custom:scripting/monoscript/fileName/IntTweenProperty.cs: 1f39418055dd7708ff3b9e75a86d93a1 -> 
  custom:scripting/monoscript/fileName/Vector3YTweenProperty.cs: 2b996e9222bddad772657bb084e9da48 -> 
  custom:scripting/monoscript/fileName/GoEaseQuintic.cs: 672086238d051af0856016e64ad97204 -> 
  custom:scripting/monoscript/fileName/GoEaseCubic.cs: 7d74fd43480e52f793e3086826193b77 -> 
  custom:SearchIndexIgnoredProperties: e643bd26f0fe6173181afceb89e7c659 -> 
  custom:scripting/monoscript/fileName/GoSmoothedQuaternion.cs: 92de95a3ce149743e526859a8d0255c5 -> 
  custom:container-demuxer-ogg: 62fdf1f143b41e24485cea50d1cbac27 -> 
  custom:AudioImporter_EditorPlatform: d09bf68614088b80899f8185d706f6e7 -> 
  custom:scripting/monoscript/fileName/ShakeTweenProperty.cs: fdb713005206085d3b49cdd6b2d15f80 -> 
  custom:scripting/monoscript/fileName/Vector2TweenProperty.cs: d7a25a544d56d947d9526019347f1f6e -> 
  custom:scripting/monoscript/fileName/GoKitTweenExtensions.cs: 28ee7421c4d34eb9c057646838e28859 -> 
  custom:scripting/monoscript/fileName/Vector3XTweenProperty.cs: 9592582ea2f541a8cf92ba7dd7dd85f2 -> 
  custom:scripting/monoscript/fileName/Go.cs: 840adb47e0f4be71eeea7168442feb7d -> 
  custom:scripting/monoscript/fileName/ColorTweenProperty.cs: 94ba4bee52d153d3fd58a82d4cf8ce0c -> 
  custom:scripting/monoscript/fileName/GoEaseLinear.cs: b690756fd76817f101a31dcd50ae4adc -> 
  custom:scripting/monoscript/fileName/GoEaseExponential.cs: 8f890ce1f0130e8014d1a219fa0d7904 -> 
  custom:scripting/monoscript/fileName/ScaleTweenProperty.cs: 068e501b322923caa36166fe86d472e5 -> 
  custom:video-decoder-ogg-theora: a1e56fd34408186e4bbccfd4996cb3dc -> 
  custom:scripting/monoscript/fileName/GoSpline.cs: 8039f73cfdc174dc6ffa15343c307f29 -> 
  custom:scripting/monoscript/fileName/GoTweenFlow.cs: ce7a11a1fb9e8397b83cab3847ba7970 -> 
  custom:scripting/monoscript/fileName/GoEaseQuartic.cs: d34853ce84f33fe9033901002d4ff793 -> 
  custom:framework-win-MediaFoundation: 216162199b28c13a410421893ffa2e32 -> 
  custom:scripting/monoscript/fileName/GoEaseBounce.cs: e71b365170d63025c159c4756b1910b2 -> 
  custom:scripting/monoscript/fileName/GoSplineQuadraticBezierSolver.cs: 44dee8c5fd496e5eb749f54d83d1397e -> 
  custom:scripting/monoscript/fileName/GoEaseQuadratic.cs: e3ed230c2d29b99c6f642587e4ad0e5d -> 
  custom:scripting/monoscript/fileName/MaterialColorTweenProperty.cs: f6d4ed9537ac95d7564838fa4e660e7d -> 
  custom:scripting/monoscript/fileName/GoEaseCircular.cs: 84a2009340e8431314db7056edf1bd68 -> 
  custom:scripting/monoscript/fileName/PositionPathTweenProperty.cs: efde40660de14fd7cd1ede2fa47e9837 -> 
  custom:video-encoder-webm-vp8: eb34c28f22e8b96e1ab97ce403110664 -> 
  custom:scripting/monoscript/fileName/FloatTweenProperty.cs: 48aea3a8bbe79ca6e0baa81dc186bdfd -> 
  custom:scripting/monoscript/fileName/GoTweenChain.cs: f9995827e6ddafabc43c1b0e0dcfd886 -> 
  custom:scripting/monoscript/fileName/GoTweenCollectionConfig.cs: 37c99bdc8dc674650bd69bc44bb2e57b -> 
  custom:audio-decoder-ogg-vorbis: bf7c407c2cedff20999df2af8eb42d56 -> 
  custom:scripting/monoscript/fileName/AbstractQuaternionTweenProperty.cs: 65ceda31db804ab1e0e34f0e48afa285 -> 
  custom:scripting/monoscript/fileName/AbstractColorTweenProperty.cs: bba0da230ed56fc0a25af92f6a3e377e -> 
  custom:scripting/monoscript/fileName/AbstractVector3TweenProperty.cs: 6aa4defef7531529f4ddc1516936e2e3 -> 
  custom:CustomObjectIndexerAttribute: 9a22284fe3817be447336de3de66b15e -> 
  custom:scripting/monoscript/fileName/Vector4TweenProperty.cs: 18bb73739ede80588b5bfadcee873907 -> 
  custom:scripting/monoscript/fileName/GoEaseBack.cs: 3f6e00793ada35f633abc2146480990e -> 
  custom:container-demuxer-webm: 4f35f7cbe854078d1ac9338744f61a02 -> 
  custom:scripting/monoscript/fileName/GoTweenConfig.cs: 5b3154c82824c20addf84e8652f51cfe -> 
  custom:scripting/monoscript/fileName/RotationQuaternionTweenProperty.cs: e0d94af0c913b0be4cd670833a2cda91 -> 
  custom:scripting/monoscript/fileName/GoTweenUtils.cs: 867d37edf69335bc6e54784197f28064 -> 
  custom:scripting/monoscript/fileName/GoSplineCubicBezierSolver.cs: 6d81419c64f7c334f4359254f1cbade0 -> 
  custom:audio-encoder-webm-vorbis: bf7c407c2cedff20999df2af8eb42d56 -> 
  custom:scripting/monoscript/fileName/ScalePathTweenProperty.cs: 816c1a788eca415c60d1b7e87fb103fe -> 
  custom:scripting/monoscript/fileName/GoEaseElastic.cs: f0cafb366ac4251d5c35fe413d3f62f6 -> 
  custom:scripting/monoscript/fileName/GoDummyPath.cs: a21201ab2fac2187e4faeaf08bb4ec90 -> 
  custom:scripting/monoscript/fileName/PositionTweenProperty.cs: e367a96b2cbc0b819bff5d0620f4b258 -> 
  custom:scripting/monoscript/fileName/Vector3TweenProperty.cs: 8e9f9d7bb7b15068d97f4d593f097c86 -> 
  custom:scripting/monoscript/fileName/AbstractGoTween.cs: 3bdc69e313ad58745cd33c4b74e6a709 -> 
  custom:scripting/monoscript/fileName/GoSplineStraightLineSolver.cs: b6a3907f2ead3ba9ac17ad3fdd121ec9 -> 
  custom:scripting/monoscript/fileName/AbstractGoTweenCollection.cs: 61d9f5f358696a7942516ed78ffe7e98 -> 
  custom:scripting/monoscript/fileName/Vector3PathTweenProperty.cs: 94848aa2e96060cfeaf83844ee158f0c -> 
  custom:scripting/monoscript/fileName/Vector3ZTweenProperty.cs: 35595634a87246c4e13691b1563178c5 -> 
  custom:scripting/monoscript/fileName/AbstractTweenProperty.cs: c71b2ece20cb4e1e30772e574c806625 -> 
  custom:container-muxer-webm: aa71ff27fc2769a1b78a27578f13a17b -> 
  custom:scripting/monoscript/fileName/AbstractGoSplineSolver.cs: 788a6b8052af6ee0371d3a464e692d1b -> 
  custom:scripting/monoscript/fileName/GoTween.cs: 4df5a8b9fefcbd8a2b5d6fe6223ee62f -> 
  custom:scripting/monoscript/fileName/RotationTweenProperty.cs: 13e7fbd741208cd89873755249a873a9 -> 
========================================================================
Received Prepare
Begin MonoManager ReloadAssembly
- Loaded All Assemblies, in  0.267 seconds
Refreshing native plugins compatible for Editor in 1.02 ms, found 1 plugins.
Native extension for WindowsStandalone target not found
Native extension for Android target not found
Mono: successfully reloaded assembly
- Finished resetting the current domain, in  0.351 seconds
Domain Reload Profiling: 618ms
	BeginReloadAssembly (107ms)
		ExecutionOrderSort (0ms)
		DisableScriptedObjects (4ms)
		BackupInstance (0ms)
		ReleaseScriptingObjects (0ms)
		CreateAndSetChildDomain (17ms)
	RebuildCommonClasses (23ms)
	RebuildNativeTypeToScriptingClass (8ms)
	initialDomainReloadingComplete (17ms)
	LoadAllAssembliesAndSetupDomain (112ms)
		LoadAssemblies (166ms)
		RebuildTransferFunctionScriptingTraits (0ms)
		AnalyzeDomain (8ms)
			TypeCache.Refresh (3ms)
				TypeCache.ScanAssembly (0ms)
			ScanForSourceGeneratedMonoScriptInfo (0ms)
			ResolveRequiredComponents (4ms)
	FinalizeReload (352ms)
		ReleaseScriptCaches (0ms)
		RebuildScriptCaches (0ms)
		SetupLoadedEditorAssemblies (174ms)
			LogAssemblyErrors (0ms)
			InitializePlatformSupportModulesInManaged (18ms)
			SetLoadedEditorAssemblies (2ms)
			RefreshPlugins (0ms)
			BeforeProcessingInitializeOnLoad (37ms)
			ProcessInitializeOnLoadAttributes (100ms)
			ProcessInitializeOnLoadMethodAttributes (14ms)
			AfterProcessingInitializeOnLoad (2ms)
			EditorAssembliesLoaded (0ms)
		ExecutionOrderSort2 (0ms)
		AwakeInstancesAfterBackupRestoration (6ms)
Refreshing native plugins compatible for Editor in 1.00 ms, found 1 plugins.
Preloading 0 native plugins for Editor in 0.00 ms.
Unloading 2332 Unused Serialized files (Serialized files now loaded: 0)
Unloading 33 unused Assets / (0.7 MB). Loaded Objects now: 2953.
Memory consumption went from 109.0 MB to 108.3 MB.
Total: 2.007200 ms (FindLiveObjects: 0.140700 ms CreateObjectMapping: 0.050900 ms MarkObjects: 1.568700 ms  DeleteObjects: 0.246100 ms)

Prepare: number of updated asset objects reloaded= 0
AssetImportParameters requested are different than current active one (requested -> active):
  custom:scripting/monoscript/fileName/GoSmoothedVector3.cs: 3a6ceb396859da913cbecdd1940e0aa2 -> 
  custom:scripting/monoscript/fileName/EulerAnglesTweenProperty.cs: 7a2321a8c63f28c3857aa33414a11270 -> 
  custom:video-decoder-webm-vp8: 9c59270c3fd7afecdb556c50c9e8de78 -> 
  custom:scripting/monoscript/fileName/IGenericProperty.cs: f404e27010d8ce1a25f7cc2ac06431ac -> 
  custom:scripting/monoscript/fileName/GoEaseSinusoidal.cs: e637d6b7456e2acd06dfd152f10b71d1 -> 
  custom:scripting/monoscript/fileName/GoSplineCatmullRomSolver.cs: 8bbd4e9dc2722b25540d14d500b88879 -> 
  custom:scripting/monoscript/fileName/IntTweenProperty.cs: 1f39418055dd7708ff3b9e75a86d93a1 -> 
  custom:scripting/monoscript/fileName/Vector3YTweenProperty.cs: 2b996e9222bddad772657bb084e9da48 -> 
  custom:scripting/monoscript/fileName/GoEaseQuintic.cs: 672086238d051af0856016e64ad97204 -> 
  custom:scripting/monoscript/fileName/GoEaseCubic.cs: 7d74fd43480e52f793e3086826193b77 -> 
  custom:SearchIndexIgnoredProperties: e643bd26f0fe6173181afceb89e7c659 -> 
  custom:scripting/monoscript/fileName/GoSmoothedQuaternion.cs: 92de95a3ce149743e526859a8d0255c5 -> 
  custom:container-demuxer-ogg: 62fdf1f143b41e24485cea50d1cbac27 -> 
  custom:AudioImporter_EditorPlatform: d09bf68614088b80899f8185d706f6e7 -> 
  custom:scripting/monoscript/fileName/ShakeTweenProperty.cs: fdb713005206085d3b49cdd6b2d15f80 -> 
  custom:scripting/monoscript/fileName/Vector2TweenProperty.cs: d7a25a544d56d947d9526019347f1f6e -> 
  custom:scripting/monoscript/fileName/GoKitTweenExtensions.cs: 28ee7421c4d34eb9c057646838e28859 -> 
  custom:scripting/monoscript/fileName/Vector3XTweenProperty.cs: 9592582ea2f541a8cf92ba7dd7dd85f2 -> 
  custom:scripting/monoscript/fileName/Go.cs: 840adb47e0f4be71eeea7168442feb7d -> 
  custom:scripting/monoscript/fileName/ColorTweenProperty.cs: 94ba4bee52d153d3fd58a82d4cf8ce0c -> 
  custom:scripting/monoscript/fileName/GoEaseLinear.cs: b690756fd76817f101a31dcd50ae4adc -> 
  custom:scripting/monoscript/fileName/GoEaseExponential.cs: 8f890ce1f0130e8014d1a219fa0d7904 -> 
  custom:scripting/monoscript/fileName/ScaleTweenProperty.cs: 068e501b322923caa36166fe86d472e5 -> 
  custom:video-decoder-ogg-theora: a1e56fd34408186e4bbccfd4996cb3dc -> 
  custom:scripting/monoscript/fileName/GoSpline.cs: 8039f73cfdc174dc6ffa15343c307f29 -> 
  custom:scripting/monoscript/fileName/GoTweenFlow.cs: ce7a11a1fb9e8397b83cab3847ba7970 -> 
  custom:scripting/monoscript/fileName/GoEaseQuartic.cs: d34853ce84f33fe9033901002d4ff793 -> 
  custom:framework-win-MediaFoundation: 216162199b28c13a410421893ffa2e32 -> 
  custom:scripting/monoscript/fileName/GoEaseBounce.cs: e71b365170d63025c159c4756b1910b2 -> 
  custom:scripting/monoscript/fileName/GoSplineQuadraticBezierSolver.cs: 44dee8c5fd496e5eb749f54d83d1397e -> 
  custom:scripting/monoscript/fileName/GoEaseQuadratic.cs: e3ed230c2d29b99c6f642587e4ad0e5d -> 
  custom:scripting/monoscript/fileName/MaterialColorTweenProperty.cs: f6d4ed9537ac95d7564838fa4e660e7d -> 
  custom:scripting/monoscript/fileName/GoEaseCircular.cs: 84a2009340e8431314db7056edf1bd68 -> 
  custom:scripting/monoscript/fileName/PositionPathTweenProperty.cs: efde40660de14fd7cd1ede2fa47e9837 -> 
  custom:video-encoder-webm-vp8: eb34c28f22e8b96e1ab97ce403110664 -> 
  custom:scripting/monoscript/fileName/FloatTweenProperty.cs: 48aea3a8bbe79ca6e0baa81dc186bdfd -> 
  custom:scripting/monoscript/fileName/GoTweenChain.cs: f9995827e6ddafabc43c1b0e0dcfd886 -> 
  custom:scripting/monoscript/fileName/GoTweenCollectionConfig.cs: 37c99bdc8dc674650bd69bc44bb2e57b -> 
  custom:audio-decoder-ogg-vorbis: bf7c407c2cedff20999df2af8eb42d56 -> 
  custom:scripting/monoscript/fileName/AbstractQuaternionTweenProperty.cs: 65ceda31db804ab1e0e34f0e48afa285 -> 
  custom:scripting/monoscript/fileName/AbstractColorTweenProperty.cs: bba0da230ed56fc0a25af92f6a3e377e -> 
  custom:scripting/monoscript/fileName/AbstractVector3TweenProperty.cs: 6aa4defef7531529f4ddc1516936e2e3 -> 
  custom:CustomObjectIndexerAttribute: 9a22284fe3817be447336de3de66b15e -> 
  custom:scripting/monoscript/fileName/Vector4TweenProperty.cs: 18bb73739ede80588b5bfadcee873907 -> 
  custom:scripting/monoscript/fileName/GoEaseBack.cs: 3f6e00793ada35f633abc2146480990e -> 
  custom:container-demuxer-webm: 4f35f7cbe854078d1ac9338744f61a02 -> 
  custom:scripting/monoscript/fileName/GoTweenConfig.cs: 5b3154c82824c20addf84e8652f51cfe -> 
  custom:scripting/monoscript/fileName/RotationQuaternionTweenProperty.cs: e0d94af0c913b0be4cd670833a2cda91 -> 
  custom:scripting/monoscript/fileName/GoTweenUtils.cs: 867d37edf69335bc6e54784197f28064 -> 
  custom:scripting/monoscript/fileName/GoSplineCubicBezierSolver.cs: 6d81419c64f7c334f4359254f1cbade0 -> 
  custom:audio-encoder-webm-vorbis: bf7c407c2cedff20999df2af8eb42d56 -> 
  custom:scripting/monoscript/fileName/ScalePathTweenProperty.cs: 816c1a788eca415c60d1b7e87fb103fe -> 
  custom:scripting/monoscript/fileName/GoEaseElastic.cs: f0cafb366ac4251d5c35fe413d3f62f6 -> 
  custom:scripting/monoscript/fileName/GoDummyPath.cs: a21201ab2fac2187e4faeaf08bb4ec90 -> 
  custom:scripting/monoscript/fileName/PositionTweenProperty.cs: e367a96b2cbc0b819bff5d0620f4b258 -> 
  custom:scripting/monoscript/fileName/Vector3TweenProperty.cs: 8e9f9d7bb7b15068d97f4d593f097c86 -> 
  custom:scripting/monoscript/fileName/AbstractGoTween.cs: 3bdc69e313ad58745cd33c4b74e6a709 -> 
  custom:scripting/monoscript/fileName/GoSplineStraightLineSolver.cs: b6a3907f2ead3ba9ac17ad3fdd121ec9 -> 
  custom:scripting/monoscript/fileName/AbstractGoTweenCollection.cs: 61d9f5f358696a7942516ed78ffe7e98 -> 
  custom:scripting/monoscript/fileName/Vector3PathTweenProperty.cs: 94848aa2e96060cfeaf83844ee158f0c -> 
  custom:scripting/monoscript/fileName/Vector3ZTweenProperty.cs: 35595634a87246c4e13691b1563178c5 -> 
  custom:scripting/monoscript/fileName/AbstractTweenProperty.cs: c71b2ece20cb4e1e30772e574c806625 -> 
  custom:container-muxer-webm: aa71ff27fc2769a1b78a27578f13a17b -> 
  custom:scripting/monoscript/fileName/AbstractGoSplineSolver.cs: 788a6b8052af6ee0371d3a464e692d1b -> 
  custom:scripting/monoscript/fileName/GoTween.cs: 4df5a8b9fefcbd8a2b5d6fe6223ee62f -> 
  custom:scripting/monoscript/fileName/RotationTweenProperty.cs: 13e7fbd741208cd89873755249a873a9 -> 
========================================================================
Received Prepare
Begin MonoManager ReloadAssembly
- Loaded All Assemblies, in  0.309 seconds
Refreshing native plugins compatible for Editor in 0.99 ms, found 1 plugins.
Native extension for WindowsStandalone target not found
Native extension for Android target not found
Mono: successfully reloaded assembly
- Finished resetting the current domain, in  0.369 seconds
Domain Reload Profiling: 678ms
	BeginReloadAssembly (107ms)
		ExecutionOrderSort (0ms)
		DisableScriptedObjects (4ms)
		BackupInstance (0ms)
		ReleaseScriptingObjects (0ms)
		CreateAndSetChildDomain (17ms)
	RebuildCommonClasses (32ms)
	RebuildNativeTypeToScriptingClass (10ms)
	initialDomainReloadingComplete (21ms)
	LoadAllAssembliesAndSetupDomain (139ms)
		LoadAssemblies (188ms)
		RebuildTransferFunctionScriptingTraits (0ms)
		AnalyzeDomain (12ms)
			TypeCache.Refresh (4ms)
				TypeCache.ScanAssembly (0ms)
			ScanForSourceGeneratedMonoScriptInfo (0ms)
			ResolveRequiredComponents (6ms)
	FinalizeReload (369ms)
		ReleaseScriptCaches (0ms)
		RebuildScriptCaches (0ms)
		SetupLoadedEditorAssemblies (193ms)
			LogAssemblyErrors (0ms)
			InitializePlatformSupportModulesInManaged (16ms)
			SetLoadedEditorAssemblies (3ms)
			RefreshPlugins (0ms)
			BeforeProcessingInitializeOnLoad (34ms)
			ProcessInitializeOnLoadAttributes (125ms)
			ProcessInitializeOnLoadMethodAttributes (15ms)
			AfterProcessingInitializeOnLoad (2ms)
			EditorAssembliesLoaded (0ms)
		ExecutionOrderSort2 (0ms)
		AwakeInstancesAfterBackupRestoration (4ms)
Refreshing native plugins compatible for Editor in 1.03 ms, found 1 plugins.
Preloading 0 native plugins for Editor in 0.00 ms.
Unloading 2332 Unused Serialized files (Serialized files now loaded: 0)
Unloading 33 unused Assets / (0.7 MB). Loaded Objects now: 2956.
Memory consumption went from 109.0 MB to 108.3 MB.
Total: 2.164200 ms (FindLiveObjects: 0.153900 ms CreateObjectMapping: 0.059500 ms MarkObjects: 1.691200 ms  DeleteObjects: 0.258900 ms)

Prepare: number of updated asset objects reloaded= 0
AssetImportParameters requested are different than current active one (requested -> active):
  custom:scripting/monoscript/fileName/GoSmoothedVector3.cs: 3a6ceb396859da913cbecdd1940e0aa2 -> 
  custom:scripting/monoscript/fileName/EulerAnglesTweenProperty.cs: 7a2321a8c63f28c3857aa33414a11270 -> 
  custom:video-decoder-webm-vp8: 9c59270c3fd7afecdb556c50c9e8de78 -> 
  custom:scripting/monoscript/fileName/IGenericProperty.cs: f404e27010d8ce1a25f7cc2ac06431ac -> 
  custom:scripting/monoscript/fileName/GoEaseSinusoidal.cs: e637d6b7456e2acd06dfd152f10b71d1 -> 
  custom:scripting/monoscript/fileName/GoSplineCatmullRomSolver.cs: 8bbd4e9dc2722b25540d14d500b88879 -> 
  custom:scripting/monoscript/fileName/IntTweenProperty.cs: 1f39418055dd7708ff3b9e75a86d93a1 -> 
  custom:scripting/monoscript/fileName/Vector3YTweenProperty.cs: 2b996e9222bddad772657bb084e9da48 -> 
  custom:scripting/monoscript/fileName/GoEaseQuintic.cs: 672086238d051af0856016e64ad97204 -> 
  custom:scripting/monoscript/fileName/GoEaseCubic.cs: 7d74fd43480e52f793e3086826193b77 -> 
  custom:SearchIndexIgnoredProperties: e643bd26f0fe6173181afceb89e7c659 -> 
  custom:scripting/monoscript/fileName/GoSmoothedQuaternion.cs: 92de95a3ce149743e526859a8d0255c5 -> 
  custom:container-demuxer-ogg: 62fdf1f143b41e24485cea50d1cbac27 -> 
  custom:AudioImporter_EditorPlatform: d09bf68614088b80899f8185d706f6e7 -> 
  custom:scripting/monoscript/fileName/ShakeTweenProperty.cs: fdb713005206085d3b49cdd6b2d15f80 -> 
  custom:scripting/monoscript/fileName/Vector2TweenProperty.cs: d7a25a544d56d947d9526019347f1f6e -> 
  custom:scripting/monoscript/fileName/GoKitTweenExtensions.cs: 28ee7421c4d34eb9c057646838e28859 -> 
  custom:scripting/monoscript/fileName/Vector3XTweenProperty.cs: 9592582ea2f541a8cf92ba7dd7dd85f2 -> 
  custom:scripting/monoscript/fileName/Go.cs: 840adb47e0f4be71eeea7168442feb7d -> 
  custom:scripting/monoscript/fileName/ColorTweenProperty.cs: 94ba4bee52d153d3fd58a82d4cf8ce0c -> 
  custom:scripting/monoscript/fileName/GoEaseLinear.cs: b690756fd76817f101a31dcd50ae4adc -> 
  custom:scripting/monoscript/fileName/GoEaseExponential.cs: 8f890ce1f0130e8014d1a219fa0d7904 -> 
  custom:scripting/monoscript/fileName/ScaleTweenProperty.cs: 068e501b322923caa36166fe86d472e5 -> 
  custom:video-decoder-ogg-theora: a1e56fd34408186e4bbccfd4996cb3dc -> 
  custom:scripting/monoscript/fileName/GoSpline.cs: 8039f73cfdc174dc6ffa15343c307f29 -> 
  custom:scripting/monoscript/fileName/GoTweenFlow.cs: ce7a11a1fb9e8397b83cab3847ba7970 -> 
  custom:scripting/monoscript/fileName/GoEaseQuartic.cs: d34853ce84f33fe9033901002d4ff793 -> 
  custom:framework-win-MediaFoundation: 216162199b28c13a410421893ffa2e32 -> 
  custom:scripting/monoscript/fileName/GoEaseBounce.cs: e71b365170d63025c159c4756b1910b2 -> 
  custom:scripting/monoscript/fileName/GoSplineQuadraticBezierSolver.cs: 44dee8c5fd496e5eb749f54d83d1397e -> 
  custom:scripting/monoscript/fileName/GoEaseQuadratic.cs: e3ed230c2d29b99c6f642587e4ad0e5d -> 
  custom:scripting/monoscript/fileName/MaterialColorTweenProperty.cs: f6d4ed9537ac95d7564838fa4e660e7d -> 
  custom:scripting/monoscript/fileName/GoEaseCircular.cs: 84a2009340e8431314db7056edf1bd68 -> 
  custom:scripting/monoscript/fileName/PositionPathTweenProperty.cs: efde40660de14fd7cd1ede2fa47e9837 -> 
  custom:video-encoder-webm-vp8: eb34c28f22e8b96e1ab97ce403110664 -> 
  custom:scripting/monoscript/fileName/FloatTweenProperty.cs: 48aea3a8bbe79ca6e0baa81dc186bdfd -> 
  custom:scripting/monoscript/fileName/GoTweenChain.cs: f9995827e6ddafabc43c1b0e0dcfd886 -> 
  custom:scripting/monoscript/fileName/GoTweenCollectionConfig.cs: 37c99bdc8dc674650bd69bc44bb2e57b -> 
  custom:audio-decoder-ogg-vorbis: bf7c407c2cedff20999df2af8eb42d56 -> 
  custom:scripting/monoscript/fileName/AbstractQuaternionTweenProperty.cs: 65ceda31db804ab1e0e34f0e48afa285 -> 
  custom:scripting/monoscript/fileName/AbstractColorTweenProperty.cs: bba0da230ed56fc0a25af92f6a3e377e -> 
  custom:scripting/monoscript/fileName/AbstractVector3TweenProperty.cs: 6aa4defef7531529f4ddc1516936e2e3 -> 
  custom:CustomObjectIndexerAttribute: 9a22284fe3817be447336de3de66b15e -> 
  custom:scripting/monoscript/fileName/Vector4TweenProperty.cs: 18bb73739ede80588b5bfadcee873907 -> 
  custom:scripting/monoscript/fileName/GoEaseBack.cs: 3f6e00793ada35f633abc2146480990e -> 
  custom:container-demuxer-webm: 4f35f7cbe854078d1ac9338744f61a02 -> 
  custom:scripting/monoscript/fileName/GoTweenConfig.cs: 5b3154c82824c20addf84e8652f51cfe -> 
  custom:scripting/monoscript/fileName/RotationQuaternionTweenProperty.cs: e0d94af0c913b0be4cd670833a2cda91 -> 
  custom:scripting/monoscript/fileName/GoTweenUtils.cs: 867d37edf69335bc6e54784197f28064 -> 
  custom:scripting/monoscript/fileName/GoSplineCubicBezierSolver.cs: 6d81419c64f7c334f4359254f1cbade0 -> 
  custom:audio-encoder-webm-vorbis: bf7c407c2cedff20999df2af8eb42d56 -> 
  custom:scripting/monoscript/fileName/ScalePathTweenProperty.cs: 816c1a788eca415c60d1b7e87fb103fe -> 
  custom:scripting/monoscript/fileName/GoEaseElastic.cs: f0cafb366ac4251d5c35fe413d3f62f6 -> 
  custom:scripting/monoscript/fileName/GoDummyPath.cs: a21201ab2fac2187e4faeaf08bb4ec90 -> 
  custom:scripting/monoscript/fileName/PositionTweenProperty.cs: e367a96b2cbc0b819bff5d0620f4b258 -> 
  custom:scripting/monoscript/fileName/Vector3TweenProperty.cs: 8e9f9d7bb7b15068d97f4d593f097c86 -> 
  custom:scripting/monoscript/fileName/AbstractGoTween.cs: 3bdc69e313ad58745cd33c4b74e6a709 -> 
  custom:scripting/monoscript/fileName/GoSplineStraightLineSolver.cs: b6a3907f2ead3ba9ac17ad3fdd121ec9 -> 
  custom:scripting/monoscript/fileName/AbstractGoTweenCollection.cs: 61d9f5f358696a7942516ed78ffe7e98 -> 
  custom:scripting/monoscript/fileName/Vector3PathTweenProperty.cs: 94848aa2e96060cfeaf83844ee158f0c -> 
  custom:scripting/monoscript/fileName/Vector3ZTweenProperty.cs: 35595634a87246c4e13691b1563178c5 -> 
  custom:scripting/monoscript/fileName/AbstractTweenProperty.cs: c71b2ece20cb4e1e30772e574c806625 -> 
  custom:container-muxer-webm: aa71ff27fc2769a1b78a27578f13a17b -> 
  custom:scripting/monoscript/fileName/AbstractGoSplineSolver.cs: 788a6b8052af6ee0371d3a464e692d1b -> 
  custom:scripting/monoscript/fileName/GoTween.cs: 4df5a8b9fefcbd8a2b5d6fe6223ee62f -> 
  custom:scripting/monoscript/fileName/RotationTweenProperty.cs: 13e7fbd741208cd89873755249a873a9 -> 
========================================================================
Received Prepare
Begin MonoManager ReloadAssembly
- Loaded All Assemblies, in  0.293 seconds
Refreshing native plugins compatible for Editor in 1.34 ms, found 1 plugins.
Native extension for WindowsStandalone target not found
Native extension for Android target not found
Mono: successfully reloaded assembly
- Finished resetting the current domain, in  0.371 seconds
Domain Reload Profiling: 665ms
	BeginReloadAssembly (106ms)
		ExecutionOrderSort (0ms)
		DisableScriptedObjects (4ms)
		BackupInstance (0ms)
		ReleaseScriptingObjects (0ms)
		CreateAndSetChildDomain (19ms)
	RebuildCommonClasses (23ms)
	RebuildNativeTypeToScriptingClass (8ms)
	initialDomainReloadingComplete (19ms)
	LoadAllAssembliesAndSetupDomain (137ms)
		LoadAssemblies (187ms)
		RebuildTransferFunctionScriptingTraits (0ms)
		AnalyzeDomain (10ms)
			TypeCache.Refresh (4ms)
				TypeCache.ScanAssembly (0ms)
			ScanForSourceGeneratedMonoScriptInfo (0ms)
			ResolveRequiredComponents (4ms)
	FinalizeReload (372ms)
		ReleaseScriptCaches (0ms)
		RebuildScriptCaches (0ms)
		SetupLoadedEditorAssemblies (188ms)
			LogAssemblyErrors (0ms)
			InitializePlatformSupportModulesInManaged (18ms)
			SetLoadedEditorAssemblies (2ms)
			RefreshPlugins (0ms)
			BeforeProcessingInitializeOnLoad (36ms)
			ProcessInitializeOnLoadAttributes (110ms)
			ProcessInitializeOnLoadMethodAttributes (20ms)
			AfterProcessingInitializeOnLoad (2ms)
			EditorAssembliesLoaded (0ms)
		ExecutionOrderSort2 (0ms)
		AwakeInstancesAfterBackupRestoration (5ms)
Refreshing native plugins compatible for Editor in 1.19 ms, found 1 plugins.
Preloading 0 native plugins for Editor in 0.00 ms.
Unloading 2332 Unused Serialized files (Serialized files now loaded: 0)
Unloading 33 unused Assets / (0.7 MB). Loaded Objects now: 2959.
Memory consumption went from 109.0 MB to 108.3 MB.
Total: 2.478100 ms (FindLiveObjects: 0.201100 ms CreateObjectMapping: 0.146800 ms MarkObjects: 1.805300 ms  DeleteObjects: 0.324200 ms)

Prepare: number of updated asset objects reloaded= 0
AssetImportParameters requested are different than current active one (requested -> active):
  custom:scripting/monoscript/fileName/GoSmoothedVector3.cs: 3a6ceb396859da913cbecdd1940e0aa2 -> 
  custom:scripting/monoscript/fileName/EulerAnglesTweenProperty.cs: 7a2321a8c63f28c3857aa33414a11270 -> 
  custom:video-decoder-webm-vp8: 9c59270c3fd7afecdb556c50c9e8de78 -> 
  custom:scripting/monoscript/fileName/IGenericProperty.cs: f404e27010d8ce1a25f7cc2ac06431ac -> 
  custom:scripting/monoscript/fileName/GoEaseSinusoidal.cs: e637d6b7456e2acd06dfd152f10b71d1 -> 
  custom:scripting/monoscript/fileName/GoSplineCatmullRomSolver.cs: 8bbd4e9dc2722b25540d14d500b88879 -> 
  custom:scripting/monoscript/fileName/IntTweenProperty.cs: 1f39418055dd7708ff3b9e75a86d93a1 -> 
  custom:scripting/monoscript/fileName/Vector3YTweenProperty.cs: 2b996e9222bddad772657bb084e9da48 -> 
  custom:scripting/monoscript/fileName/GoEaseQuintic.cs: 672086238d051af0856016e64ad97204 -> 
  custom:scripting/monoscript/fileName/GoEaseCubic.cs: 7d74fd43480e52f793e3086826193b77 -> 
  custom:SearchIndexIgnoredProperties: e643bd26f0fe6173181afceb89e7c659 -> 
  custom:scripting/monoscript/fileName/GoSmoothedQuaternion.cs: 92de95a3ce149743e526859a8d0255c5 -> 
  custom:container-demuxer-ogg: 62fdf1f143b41e24485cea50d1cbac27 -> 
  custom:AudioImporter_EditorPlatform: d09bf68614088b80899f8185d706f6e7 -> 
  custom:scripting/monoscript/fileName/ShakeTweenProperty.cs: fdb713005206085d3b49cdd6b2d15f80 -> 
  custom:scripting/monoscript/fileName/Vector2TweenProperty.cs: d7a25a544d56d947d9526019347f1f6e -> 
  custom:scripting/monoscript/fileName/GoKitTweenExtensions.cs: 28ee7421c4d34eb9c057646838e28859 -> 
  custom:scripting/monoscript/fileName/Vector3XTweenProperty.cs: 9592582ea2f541a8cf92ba7dd7dd85f2 -> 
  custom:scripting/monoscript/fileName/Go.cs: 840adb47e0f4be71eeea7168442feb7d -> 
  custom:scripting/monoscript/fileName/ColorTweenProperty.cs: 94ba4bee52d153d3fd58a82d4cf8ce0c -> 
  custom:scripting/monoscript/fileName/GoEaseLinear.cs: b690756fd76817f101a31dcd50ae4adc -> 
  custom:scripting/monoscript/fileName/GoEaseExponential.cs: 8f890ce1f0130e8014d1a219fa0d7904 -> 
  custom:scripting/monoscript/fileName/ScaleTweenProperty.cs: 068e501b322923caa36166fe86d472e5 -> 
  custom:video-decoder-ogg-theora: a1e56fd34408186e4bbccfd4996cb3dc -> 
  custom:scripting/monoscript/fileName/GoSpline.cs: 8039f73cfdc174dc6ffa15343c307f29 -> 
  custom:scripting/monoscript/fileName/GoTweenFlow.cs: ce7a11a1fb9e8397b83cab3847ba7970 -> 
  custom:scripting/monoscript/fileName/GoEaseQuartic.cs: d34853ce84f33fe9033901002d4ff793 -> 
  custom:framework-win-MediaFoundation: 216162199b28c13a410421893ffa2e32 -> 
  custom:scripting/monoscript/fileName/GoEaseBounce.cs: e71b365170d63025c159c4756b1910b2 -> 
  custom:scripting/monoscript/fileName/GoSplineQuadraticBezierSolver.cs: 44dee8c5fd496e5eb749f54d83d1397e -> 
  custom:scripting/monoscript/fileName/GoEaseQuadratic.cs: e3ed230c2d29b99c6f642587e4ad0e5d -> 
  custom:scripting/monoscript/fileName/MaterialColorTweenProperty.cs: f6d4ed9537ac95d7564838fa4e660e7d -> 
  custom:scripting/monoscript/fileName/GoEaseCircular.cs: 84a2009340e8431314db7056edf1bd68 -> 
  custom:scripting/monoscript/fileName/PositionPathTweenProperty.cs: efde40660de14fd7cd1ede2fa47e9837 -> 
  custom:video-encoder-webm-vp8: eb34c28f22e8b96e1ab97ce403110664 -> 
  custom:scripting/monoscript/fileName/FloatTweenProperty.cs: 48aea3a8bbe79ca6e0baa81dc186bdfd -> 
  custom:scripting/monoscript/fileName/GoTweenChain.cs: f9995827e6ddafabc43c1b0e0dcfd886 -> 
  custom:scripting/monoscript/fileName/GoTweenCollectionConfig.cs: 37c99bdc8dc674650bd69bc44bb2e57b -> 
  custom:audio-decoder-ogg-vorbis: bf7c407c2cedff20999df2af8eb42d56 -> 
  custom:scripting/monoscript/fileName/AbstractQuaternionTweenProperty.cs: 65ceda31db804ab1e0e34f0e48afa285 -> 
  custom:scripting/monoscript/fileName/AbstractColorTweenProperty.cs: bba0da230ed56fc0a25af92f6a3e377e -> 
  custom:scripting/monoscript/fileName/AbstractVector3TweenProperty.cs: 6aa4defef7531529f4ddc1516936e2e3 -> 
  custom:CustomObjectIndexerAttribute: 9a22284fe3817be447336de3de66b15e -> 
  custom:scripting/monoscript/fileName/Vector4TweenProperty.cs: 18bb73739ede80588b5bfadcee873907 -> 
  custom:scripting/monoscript/fileName/GoEaseBack.cs: 3f6e00793ada35f633abc2146480990e -> 
  custom:container-demuxer-webm: 4f35f7cbe854078d1ac9338744f61a02 -> 
  custom:scripting/monoscript/fileName/GoTweenConfig.cs: 5b3154c82824c20addf84e8652f51cfe -> 
  custom:scripting/monoscript/fileName/RotationQuaternionTweenProperty.cs: e0d94af0c913b0be4cd670833a2cda91 -> 
  custom:scripting/monoscript/fileName/GoTweenUtils.cs: 867d37edf69335bc6e54784197f28064 -> 
  custom:scripting/monoscript/fileName/GoSplineCubicBezierSolver.cs: 6d81419c64f7c334f4359254f1cbade0 -> 
  custom:audio-encoder-webm-vorbis: bf7c407c2cedff20999df2af8eb42d56 -> 
  custom:scripting/monoscript/fileName/ScalePathTweenProperty.cs: 816c1a788eca415c60d1b7e87fb103fe -> 
  custom:scripting/monoscript/fileName/GoEaseElastic.cs: f0cafb366ac4251d5c35fe413d3f62f6 -> 
  custom:scripting/monoscript/fileName/GoDummyPath.cs: a21201ab2fac2187e4faeaf08bb4ec90 -> 
  custom:scripting/monoscript/fileName/PositionTweenProperty.cs: e367a96b2cbc0b819bff5d0620f4b258 -> 
  custom:scripting/monoscript/fileName/Vector3TweenProperty.cs: 8e9f9d7bb7b15068d97f4d593f097c86 -> 
  custom:scripting/monoscript/fileName/AbstractGoTween.cs: 3bdc69e313ad58745cd33c4b74e6a709 -> 
  custom:scripting/monoscript/fileName/GoSplineStraightLineSolver.cs: b6a3907f2ead3ba9ac17ad3fdd121ec9 -> 
  custom:scripting/monoscript/fileName/AbstractGoTweenCollection.cs: 61d9f5f358696a7942516ed78ffe7e98 -> 
  custom:scripting/monoscript/fileName/Vector3PathTweenProperty.cs: 94848aa2e96060cfeaf83844ee158f0c -> 
  custom:scripting/monoscript/fileName/Vector3ZTweenProperty.cs: 35595634a87246c4e13691b1563178c5 -> 
  custom:scripting/monoscript/fileName/AbstractTweenProperty.cs: c71b2ece20cb4e1e30772e574c806625 -> 
  custom:container-muxer-webm: aa71ff27fc2769a1b78a27578f13a17b -> 
  custom:scripting/monoscript/fileName/AbstractGoSplineSolver.cs: 788a6b8052af6ee0371d3a464e692d1b -> 
  custom:scripting/monoscript/fileName/GoTween.cs: 4df5a8b9fefcbd8a2b5d6fe6223ee62f -> 
  custom:scripting/monoscript/fileName/RotationTweenProperty.cs: 13e7fbd741208cd89873755249a873a9 -> 
